hvfhs_license_num,dispatching_base_num,originating_base_num,request_datetime,on_scene_datetime,pickup_datetime,dropoff_datetime,PULocationID,DOLocationID,trip_miles,trip_time,base_passenger_fare,tolls,bcf,sales_tax,congestion_surcharge,airport_fee,tips,driver_pay,shared_request_flag,shared_match_flag,access_a_ride_flag,wav_request_flag,wav_match_flag,passenger_wait_time,driver_arrival_time,driver_wait_time,driver_total_time,hour_of_day,day_of_week,PU_Zone,PU_Borough,DO_Zone,DO_Borough,PU_longitude,PU_latitude,DO_longitude,DO_latitude,gas_price_per_gallon,total_fare,trip_price,platform_fees,platform_profit,profit_margin,arrival_miles,total_miles,gas_cost,depreciation_cost,operating_cost,net_driver_pay,driver_hourly_earnings,year_month
HV0003,B03404,B03404,2024-01-12 22:01:59,2024-01-12 22:04:37,2024-01-12 22:06:38,2024-01-12 22:18:34,231,144,0.95,716,16.61,0.0,0.46,1.47,2.75,0.0,0.0,8.17,N,N,N,N,N,279.0,158.0,121.0,995.0,22,Friday,TriBeCa/Civic Center,Manhattan,Little Italy/NoLiTa,Manhattan,-74.00787947243188,40.717772159208046,-73.99691839304907,40.72088834178079,3.073,19.82,16.61,3.21,8.44,0.425832492431887,0.20963687150837987,1.1596368715083798,0.10181611731843575,0.23192737430167598,0.33374349162011174,7.836256508379888,28.352284854439795,2024-01
HV0003,B03404,B03404,2024-01-13 22:29:45,2024-01-13 22:29:57,2024-01-13 22:31:58,2024-01-13 22:52:50,148,68,2.29,1252,29.58,0.0,0.81,2.63,2.75,0.0,7.15,15.26,N,N,N,N,N,133.0,12.0,121.0,1385.0,22,Saturday,Lower East Side,Manhattan,East Chelsea,Manhattan,-73.99089618330311,40.71893779448139,-73.99991751678058,40.748426777755405,3.073,40.29,29.58,3.56,21.47,0.5328865723504591,0.02194888178913738,2.3119488817891374,0.20298911182108625,0.4623897763578275,0.6653788881789138,14.594621111821086,37.93547725816311,2024-01
HV0003,B03404,B03404,2024-01-07 02:11:52,2024-01-07 02:14:00,2024-01-07 02:15:03,2024-01-07 02:46:37,72,225,3.53,1894,29.92,0.0,0.82,2.66,0.0,0.0,3.34,22.45,N,N,N,N,N,191.0,128.0,63.0,2085.0,2,Sunday,East Flatbush/Remsen Village,Brooklyn,Stuyvesant Heights,Brooklyn,-73.92225109435532,40.65236395430748,-73.93188774325893,40.68816752944304,3.073,34.08,29.92,0.82,10.810000000000006,0.31719483568075135,0.2385638859556494,3.768563885955649,0.330879909186906,0.7537127771911298,1.084592686378036,21.365407313621965,36.889911908412024,2024-01
HV0003,B03404,B03404,2024-01-19 09:00:29,2024-01-19 09:02:08,2024-01-19 09:02:44,2024-01-19 09:11:13,223,223,1.4,509,10.69,0.0,0.29,0.95,0.0,0.0,0.0,7.62,N,N,N,N,N,135.0,99.0,36.0,644.0,9,Friday,Steinway,Queens,Steinway,Queens,-73.90540723993595,40.77742599740797,-73.90540723993595,40.77742599740797,3.073,10.979999999999999,10.69,0.29,3.0699999999999994,0.2795992714025501,0.2722986247544204,1.6722986247544203,0.1468278192534381,0.33445972495088405,0.4812875442043222,7.138712455795678,39.90584602618702,2024-01
HV0003,B03404,B03404,2024-01-27 17:56:34,2024-01-27 17:57:42,2024-01-27 17:59:42,2024-01-27 18:13:11,55,165,3.11,809,19.07,0.0,0.52,1.69,0.0,0.0,3.0,11.7,N,N,N,N,N,188.0,68.0,120.0,997.0,17,Saturday,Coney Island,Brooklyn,Midwood,Brooklyn,-73.98794380632961,40.57696110526678,-73.95682451037044,40.620923471324446,3.073,22.59,19.07,0.52,10.370000000000001,0.4590526781761842,0.26140914709517926,3.371409147095179,0.2960097231149567,0.6742818294190358,0.9702915525339926,10.729708447466006,38.74317995072981,2024-01
HV0003,B03404,B03404,2024-01-19 12:49:31,2024-01-19 12:50:45,2024-01-19 12:51:05,2024-01-19 12:58:33,7,226,1.18,448,10.69,0.0,0.29,0.95,0.0,0.0,3.0,5.76,N,N,N,N,N,94.0,74.0,20.0,542.0,12,Friday,Astoria,Queens,Sunnyside,Queens,-73.91969416440043,40.761491926149866,-73.92467262943985,40.73769725609221,3.073,13.979999999999999,10.69,0.29,7.93,0.567238912732475,0.19491071428571427,1.3749107142857142,0.1207171607142857,0.27498214285714284,0.3956993035714286,5.364300696428571,35.63004152609383,2024-01
HV0003,B03404,B03404,2024-01-02 08:53:04,2024-01-02 08:56:13,2024-01-02 08:56:21,2024-01-02 09:00:02,169,169,0.53,221,8.87,0.0,0.24,0.79,0.0,0.0,0.0,5.83,N,N,N,N,N,197.0,189.0,8.0,418.0,8,Tuesday,Mount Hope,Bronx,Mount Hope,Bronx,-73.90512230176171,40.849057751559215,-73.90512230176171,40.849057751559215,3.073,9.11,8.87,0.24,3.039999999999999,0.33369923161361137,0.4532579185520362,0.9832579185520363,0.08633004524886878,0.19665158371040725,0.28298162895927603,5.547018371040724,47.77336396111628,2024-01
HV0003,B03404,B03404,2024-01-09 09:24:10,2024-01-09 09:24:42,2024-01-09 09:26:42,2024-01-09 09:44:18,246,12,4.1,1056,31.53,0.0,0.87,2.8,2.75,0.0,0.0,15.32,N,N,N,N,N,152.0,32.0,120.0,1208.0,9,Tuesday,West Chelsea/Hudson Yards,Manhattan,Battery Park,Manhattan,-74.00401522931482,40.75330822391948,-74.01556334109866,40.70294540405148,3.073,35.15,31.53,3.62,16.21,0.4611664295874823,0.12424242424242424,4.224242424242424,0.3708884848484848,0.8448484848484847,1.2157369696969695,14.10426303030303,42.03257194461168,2024-01
HV0003,B03404,B03404,2024-01-21 16:28:35,2024-01-21 16:32:47,2024-01-21 16:33:10,2024-01-21 16:57:17,189,255,4.79,1447,27.73,0.0,0.76,2.46,0.0,0.0,0.0,19.89,N,N,N,N,N,275.0,252.0,23.0,1722.0,16,Sunday,Prospect Heights,Brooklyn,Williamsburg (North Side),Brooklyn,-73.96758660822772,40.67763488015176,-73.95741799903575,40.71880332024791,3.073,28.490000000000002,27.73,0.76,7.84,0.2751842751842752,0.8341948859709745,5.624194885970974,0.4938043109882515,1.124838977194195,1.6186432881824464,18.271356711817553,38.19795828254541,2024-01
HV0003,B03404,B03404,2024-01-02 20:03:28,2024-01-02 20:04:01,2024-01-02 20:04:09,2024-01-02 20:11:09,238,142,1.38,420,8.21,0.0,0.23,0.73,2.75,0.0,0.0,6.14,N,N,N,N,N,41.0,33.0,8.0,461.0,20,Tuesday,Upper West Side North,Manhattan,Lincoln Square East,Manhattan,-73.97304858188282,40.79170437688446,-73.98153210008745,40.77363265587896,3.073,11.190000000000001,8.21,2.98,2.070000000000001,0.18498659517426283,0.10842857142857142,1.4884285714285712,0.13068402857142855,0.2976857142857143,0.4283697428571428,5.711630257142857,44.602752550356364,2024-01
HV0003,B03404,B03404,2024-01-11 08:37:54,2024-01-11 08:40:23,2024-01-11 08:42:11,2024-01-11 08:50:55,113,137,1.47,524,15.41,0.0,0.42,1.37,2.75,0.0,5.0,6.85,N,N,N,N,N,257.0,149.0,108.0,781.0,8,Thursday,Greenwich Village North,Manhattan,Kips Bay,Manhattan,-73.99430449266352,40.73257849687629,-73.97649447841282,40.74043833958882,3.073,23.58,15.41,3.17,13.56,0.5750636132315522,0.4179961832061069,1.887996183206107,0.1657660648854962,0.3775992366412214,0.5433653015267176,6.306634698473282,29.07027517862204,2024-01
HV0003,B03404,B03404,2024-01-26 11:44:05,2024-01-26 11:48:15,2024-01-26 11:48:15,2024-01-26 11:52:34,180,63,1.39,259,8.92,0.0,0.25,0.79,0.0,0.0,0.0,5.4,N,N,N,N,N,250.0,250.0,0.0,509.0,11,Friday,Ozone Park,Queens,Cypress Hills,Brooklyn,-73.84704304397084,40.675594357483554,-73.87817291227658,40.68383923597394,3.073,9.17,8.92,0.25,3.5199999999999996,0.3838604143947655,1.3416988416988416,2.7316988416988415,0.23984315830115827,0.5463397683397683,0.7861829266409266,4.6138170733590735,32.632105037510144,2024-01
HV0003,B03404,B03404,2024-01-14 11:13:52,2024-01-14 11:18:19,2024-01-14 11:18:32,2024-01-14 11:33:28,261,232,4.17,896,22.66,0.0,0.62,2.01,2.75,0.0,4.2,14.11,N,N,N,N,N,280.0,267.0,13.0,1176.0,11,Sunday,World Trade Center,Manhattan,Two Bridges/Seward Park,Manhattan,-74.01302266265675,40.7091384408997,-73.98302452983464,40.71473195717586,3.073,30.23,22.66,3.37,12.75,0.4217664571617598,1.2426227678571429,5.412622767857143,0.47522827901785714,1.0825245535714287,1.5577528325892858,12.552247167410714,38.42524643084913,2024-01
HV0003,B03404,B03404,2024-01-16 18:50:41,2024-01-16 18:53:06,2024-01-16 18:53:46,2024-01-16 19:04:26,68,161,1.26,640,16.49,0.0,0.45,1.46,2.75,0.0,4.23,7.83,N,N,N,N,N,185.0,145.0,40.0,825.0,18,Tuesday,East Chelsea,Manhattan,Midtown Center,Manhattan,-73.99991751678058,40.748426777755405,-73.97769778229288,40.758027399461895,3.073,23.919999999999998,16.49,3.2,12.889999999999999,0.5388795986622074,0.28546875,1.54546875,0.13569215625,0.30909375,0.44478590625000003,7.38521409375,32.226388772727276,2024-01
HV0003,B03404,B03404,2024-01-15 09:16:13,2024-01-15 09:19:00,2024-01-15 09:19:17,2024-01-15 09:26:01,231,231,0.87,404,8.06,0.0,0.22,0.72,2.75,0.0,0.0,5.4,N,N,N,N,N,184.0,167.0,17.0,588.0,9,Monday,TriBeCa/Civic Center,Manhattan,TriBeCa/Civic Center,Manhattan,-74.00787947243188,40.717772159208046,-74.00787947243188,40.717772159208046,3.073,11.030000000000001,8.06,2.97,2.66,0.2411604714415231,0.3596287128712871,1.229628712871287,0.10796140099009899,0.24592574257425742,0.3538871435643564,5.046112856435644,30.894568508789657,2024-01
HV0003,B03404,B03404,2024-01-19 03:55:24,2024-01-19 03:55:43,2024-01-19 03:56:39,2024-01-19 04:07:56,82,223,3.13,677,16.96,0.0,0.47,1.51,0.0,0.0,0.0,10.47,N,N,N,N,N,75.0,19.0,56.0,752.0,3,Friday,Elmhurst,Queens,Steinway,Queens,-73.8771182418676,40.73949455225884,-73.90540723993595,40.77742599740797,3.073,17.43,16.96,0.47,6.49,0.372346528973035,0.0878434268833087,3.2178434268833085,0.2825266528803545,0.6435686853766618,0.9260953382570163,9.543904661742985,45.68890529557812,2024-01
HV0003,B03404,B03404,2024-01-24 12:05:07,2024-01-24 12:06:25,2024-01-24 12:08:25,2024-01-24 13:02:17,216,247,15.88,3232,52.89,6.94,1.65,5.31,0.0,0.0,13.35,51.66,N,N,N,N,N,198.0,78.0,120.0,3430.0,12,Wednesday,South Ozone Park,Queens,West Concourse,Bronx,-73.81945966887841,40.6761529751015,-73.92440974289835,40.82898691319468,3.073,74.83,52.89,8.59,14.579999999999998,0.19484164105305357,0.38324257425742575,16.263242574257426,1.427912698019802,3.252648514851485,4.680561212871288,46.97943878712871,49.30786578240914,2024-01
HV0003,B03404,B03404,2024-01-31 09:50:26,2024-01-31 09:51:44,2024-01-31 09:53:04,2024-01-31 10:03:53,209,148,1.35,649,10.89,0.0,0.3,0.97,2.75,0.0,0.0,8.87,N,N,N,N,N,158.0,78.0,80.0,807.0,9,Wednesday,Seaport,Manhattan,Lower East Side,Manhattan,-74.00366431896066,40.7090722607075,-73.99089618330311,40.71893779448139,3.073,13.940000000000001,10.89,3.05,2.0200000000000014,0.14490674318507898,0.16224961479198768,1.5122496147919877,0.1327755161787365,0.30244992295839757,0.4352254391371341,8.434774560862865,37.627247111655905,2024-01
HV0003,B03404,B03404,2024-01-02 23:54:38,2024-01-02 23:55:40,2024-01-02 23:57:37,2024-01-03 00:11:06,231,17,4.29,809,18.98,0.0,0.52,1.68,2.75,0.0,0.0,13.24,N,N,N,N,N,179.0,62.0,117.0,988.0,23,Tuesday,TriBeCa/Civic Center,Manhattan,Bedford,Brooklyn,-74.00787947243188,40.717772159208046,-73.94990474718477,40.69150649558427,3.073,22.25,18.98,3.27,5.74,0.25797752808988766,0.3287762669962917,4.618776266996292,0.4055285562422744,0.9237552533992585,1.329283809641533,11.910716190358468,43.39937073409968,2024-01
HV0003,B03404,B03404,2024-01-11 21:04:42,2024-01-11 21:07:12,2024-01-11 21:07:12,2024-01-11 21:13:50,231,87,0.94,398,13.33,0.0,0.37,1.18,2.75,0.0,1.0,6.8,N,N,N,N,N,150.0,150.0,0.0,548.0,21,Thursday,TriBeCa/Civic Center,Manhattan,Financial District North,Manhattan,-74.00787947243188,40.717772159208046,-74.0074957883342,40.70680798106304,3.073,17.45,13.33,3.12,7.53,0.4315186246418338,0.3542713567839196,1.2942713567839195,0.11363702512562812,0.2588542713567839,0.372491296482412,6.427508703517588,42.22450973113744,2024-01
HV0003,B03404,B03404,2024-01-12 19:16:07,2024-01-12 19:19:16,2024-01-12 19:23:36,2024-01-12 19:26:33,234,234,0.17,177,17.69,0.0,0.49,1.57,2.75,0.0,0.0,10.61,N,N,N,N,N,449.0,189.0,260.0,626.0,19,Friday,Union Sq,Manhattan,Union Sq,Manhattan,-73.99045767416112,40.74033681887629,-73.99045767416112,40.74033681887629,3.073,20.93,17.69,3.24,7.080000000000002,0.33827042522694706,0.18152542372881358,0.35152542372881357,0.03086393220338983,0.07030508474576272,0.10116901694915255,10.508830983050848,60.43417178751286,2024-01
HV0003,B03404,B03404,2024-01-28 22:04:58,2024-01-28 22:07:18,2024-01-28 22:08:44,2024-01-28 22:24:57,231,170,6.63,973,25.21,0.0,0.69,2.24,2.75,0.0,0.0,17.86,N,N,N,N,N,226.0,140.0,86.0,1199.0,22,Sunday,TriBeCa/Civic Center,Manhattan,Murray Hill,Manhattan,-74.00787947243188,40.717772159208046,-73.97849134130094,40.74774513853527,3.073,28.650000000000002,25.21,3.44,7.350000000000001,0.2565445026178011,0.953956834532374,7.583956834532374,0.6658714100719424,1.5167913669064748,2.1826627769784173,15.677337223021581,47.07123770048181,2024-01
HV0003,B03404,B03404,2024-01-03 14:06:29,2024-01-03 14:08:46,2024-01-03 14:10:47,2024-01-03 14:17:12,234,90,0.7,385,8.67,0.0,0.24,0.77,2.75,0.0,5.0,5.94,N,N,N,N,N,258.0,137.0,121.0,643.0,14,Wednesday,Union Sq,Manhattan,Flatiron,Manhattan,-73.99045767416112,40.74033681887629,-73.9969712245153,40.742278038328486,3.073,16.66,8.67,2.99,7.7299999999999995,0.46398559423769503,0.24909090909090909,0.949090909090909,0.0833301818181818,0.1898181818181818,0.27314836363636363,5.666851636363637,31.72731864838117,2024-01
HV0003,B03404,B03404,2024-01-17 12:01:50,2024-01-17 12:08:35,2024-01-17 12:09:38,2024-01-17 12:28:43,142,236,1.91,1145,18.96,0.0,0.52,1.68,2.75,0.0,0.0,13.27,N,N,N,N,N,468.0,405.0,63.0,1613.0,12,Wednesday,Lincoln Square East,Manhattan,Upper East Side North,Manhattan,-73.98153210008745,40.77363265587896,-73.957011704106,40.78043571518905,3.073,22.23,18.96,3.27,5.690000000000001,0.2559604138551507,0.675589519650655,2.5855895196506546,0.22701475982532748,0.5171179039301309,0.7441326637554584,12.525867336244541,27.95605853098596,2024-01
HV0003,B03404,B03404,2024-01-09 08:40:24,2024-01-09 08:42:43,2024-01-09 08:42:51,2024-01-09 08:51:09,113,231,1.41,498,23.36,0.0,0.64,2.07,2.75,0.0,2.88,20.1,N,N,N,N,N,147.0,139.0,8.0,645.0,8,Tuesday,Greenwich Village North,Manhattan,TriBeCa/Civic Center,Manhattan,-73.99430449266352,40.73257849687629,-74.00787947243188,40.717772159208046,3.073,29.63,23.36,3.39,6.139999999999997,0.2072224097198784,0.39355421686746983,1.8035542168674699,0.15835206024096385,0.360710843373494,0.5190629036144578,19.580937096385544,109.28895123564024,2024-01
HV0003,B03404,B03404,2024-01-20 21:53:44,2024-01-20 21:56:05,2024-01-20 21:56:46,2024-01-20 22:15:00,244,246,7.51,1094,26.15,0.0,0.72,2.32,2.75,0.0,0.0,20.15,N,N,N,N,N,182.0,141.0,41.0,1276.0,21,Saturday,Washington Heights South,Manhattan,West Chelsea/Hudson Yards,Manhattan,-73.9413990935137,40.84170795917971,-74.00401522931482,40.75330822391948,3.073,29.619999999999997,26.15,3.4699999999999998,6.0,0.20256583389601623,0.9679250457038392,8.47792504570384,0.7443618190127972,1.695585009140768,2.4399468281535652,17.710053171846432,49.96566725599307,2024-01
HV0003,B03404,B03404,2024-01-28 13:54:32,2024-01-28 13:55:03,2024-01-28 13:55:45,2024-01-28 14:07:08,196,95,2.01,683,14.29,0.0,0.39,1.27,0.0,0.0,0.0,9.06,N,N,N,N,N,73.0,31.0,42.0,756.0,13,Sunday,Rego Park,Queens,Forest Hills,Queens,-73.86333842618821,40.72615456414307,-73.84766918479201,40.72143087062858,3.073,14.68,14.29,0.39,5.229999999999999,0.35626702997275195,0.09122986822840409,2.101229868228404,0.18448798243045386,0.4202459736456808,0.6047339560761347,8.455266043923865,40.2631716377327,2024-01
HV0003,B03404,B03404,2024-01-12 14:49:24,2024-01-12 14:50:29,2024-01-12 14:50:36,2024-01-12 15:02:46,186,233,1.39,730,10.01,0.0,0.28,0.89,2.75,0.0,0.0,8.69,N,N,N,N,N,72.0,65.0,7.0,802.0,14,Friday,Penn Station/Madison Sq West,Manhattan,UN/Turtle Bay South,Manhattan,-73.99243728054387,40.7484965983886,-73.9704423734757,40.74991338603123,3.073,13.04,10.01,3.0300000000000002,1.3200000000000003,0.1012269938650307,0.12376712328767121,1.513767123287671,0.13290875342465752,0.30275342465753424,0.43566217808219176,8.254337821917808,37.05189047244902,2024-01
HV0003,B03404,B03404,2024-01-28 00:54:46,2024-01-28 00:55:09,2024-01-28 00:56:18,2024-01-28 01:12:42,243,136,2.7,984,16.06,0.0,0.44,1.43,0.0,0.0,0.0,13.8,N,N,N,N,N,92.0,23.0,69.0,1076.0,0,Sunday,Washington Heights North,Manhattan,Kingsbridge Heights,Bronx,-73.93283150973461,40.85710754449232,-73.90591111534405,40.8652635680692,3.073,16.5,16.06,0.44,2.259999999999998,0.13696969696969685,0.06310975609756098,2.763109756097561,0.2426010365853659,0.5526219512195122,0.7952229878048781,13.004777012195122,43.51040636050413,2024-01
HV0003,B03404,B03404,2024-01-08 21:48:54,2024-01-08 21:51:15,2024-01-08 21:51:42,2024-01-08 22:02:22,97,33,1.88,640,12.49,0.0,0.34,1.11,0.0,0.0,0.0,8.49,N,N,N,N,N,168.0,141.0,27.0,808.0,21,Monday,Fort Greene,Brooklyn,Brooklyn Heights,Brooklyn,-73.97488192727519,40.69078610719341,-73.99524997291579,40.69579763638819,3.073,12.83,12.49,0.34,4.0,0.3117692907248636,0.4141875,2.2941875,0.20142966250000002,0.4588375,0.6602671625000001,7.8297328375,34.88494828589109,2024-01
HV0003,B03404,B03404,2024-01-26 23:23:55,2024-01-26 23:26:24,2024-01-26 23:27:57,2024-01-26 23:43:07,232,211,1.66,910,8.23,0.0,0.23,0.73,2.75,0.0,0.0,10.74,N,N,N,N,N,242.0,149.0,93.0,1152.0,23,Friday,Two Bridges/Seward Park,Manhattan,SoHo,Manhattan,-73.98302452983464,40.71473195717586,-74.00153738622468,40.72388757677251,3.073,11.21,8.23,2.98,-2.51,-0.22390722569134697,0.2718021978021978,1.9318021978021978,0.16961223296703296,0.3863604395604396,0.5559726725274725,10.184027327472528,31.82508539835165,2024-01
HV0003,B03404,B03404,2024-01-05 21:23:29,2024-01-05 21:25:14,2024-01-05 21:25:20,2024-01-05 21:50:42,25,140,8.47,1522,34.24,0.0,0.94,3.04,2.75,0.0,0.0,25.44,N,N,N,N,N,111.0,105.0,6.0,1633.0,21,Friday,Boerum Hill,Brooklyn,Lenox Hill East,Manhattan,-73.98611365960022,40.685633257491546,-73.9547388423982,40.76548333944988,3.073,37.93,34.24,3.69,8.8,0.23200632744529398,0.5843298291721419,9.054329829172143,0.7949701590013142,1.8108659658344288,2.605836124835743,22.834163875164258,50.33863438493039,2024-01
HV0003,B03404,B03404,2024-01-04 07:30:23,2024-01-04 07:38:06,2024-01-04 07:39:24,2024-01-04 08:05:15,10,192,6.81,1551,31.34,0.0,0.86,2.78,0.0,0.0,0.0,23.74,N,N,N,N,N,541.0,463.0,78.0,2092.0,7,Thursday,Baisley Park,Queens,Queensboro Hill,Queens,-73.79098701332514,40.67895233930188,-73.815229381821,40.74375112024708,3.073,32.2,31.34,0.86,7.600000000000001,0.23602484472049692,2.0329013539651837,8.842901353965184,0.7764067388781432,1.768580270793037,2.54498700967118,21.19501299032882,36.473253711846915,2024-01
HV0003,B03404,B03404,2024-01-02 09:14:45,2024-01-02 09:16:22,2024-01-02 09:16:53,2024-01-02 09:24:54,149,149,1.11,481,8.94,0.0,0.25,0.79,0.0,0.0,0.0,6.29,N,N,N,N,N,128.0,97.0,31.0,609.0,9,Tuesday,Madison,Brooklyn,Madison,Brooklyn,-73.94813579159555,40.604913128039314,-73.94813579159555,40.604913128039314,3.073,9.19,8.94,0.25,2.6499999999999995,0.28835690968443956,0.2238461538461539,1.333846153846154,0.1171116923076923,0.2667692307692308,0.3838809230769231,5.906119076923077,34.91301917392952,2024-01
HV0003,B03404,B03404,2024-01-12 15:46:46,2024-01-12 15:47:37,2024-01-12 15:47:50,2024-01-12 15:51:04,74,75,0.73,194,8.93,0.0,0.25,0.79,0.0,0.0,0.0,5.39,N,N,N,N,N,64.0,51.0,13.0,258.0,15,Friday,East Harlem North,Manhattan,East Harlem South,Manhattan,-73.93734546230694,40.80116855904873,-73.94575002008068,40.79001009948004,3.073,9.18,8.93,0.25,3.54,0.38562091503267976,0.19190721649484535,0.9219072164948453,0.08094345360824741,0.18438144329896908,0.2653248969072165,5.124675103092783,71.50709446175976,2024-01
HV0003,B03404,B03404,2024-01-24 22:37:01,2024-01-24 22:39:42,2024-01-24 22:41:41,2024-01-24 23:13:43,161,255,5.23,1922,36.02,0.0,0.99,3.2,2.75,0.0,0.0,24.93,N,N,N,N,N,280.0,161.0,119.0,2202.0,22,Wednesday,Midtown Center,Manhattan,Williamsburg (North Side),Brooklyn,-73.97769778229288,40.758027399461895,-73.95741799903575,40.71880332024791,3.073,39.760000000000005,36.02,3.74,11.090000000000003,0.278923541247485,0.4381009365244537,5.668100936524454,0.49765926222684703,1.133620187304891,1.631279449531738,23.29872055046826,38.09055130866746,2024-01
HV0003,B03404,B03404,2024-01-22 07:18:16,2024-01-22 07:25:52,2024-01-22 07:25:57,2024-01-22 07:35:51,157,160,1.39,594,10.74,0.0,0.3,0.95,0.0,0.0,1.0,7.41,N,N,N,N,N,461.0,456.0,5.0,1055.0,7,Monday,Maspeth,Queens,Middle Village,Queens,-73.9023306735786,40.72399415934883,-73.880051202423,40.71833605673999,3.073,12.040000000000001,10.74,0.3,4.33,0.3596345514950166,1.0670707070707068,2.4570707070707067,0.21573080808080805,0.49141414141414136,0.7071449494949494,6.70285505050505,22.872301594140456,2024-01
HV0003,B03404,B03404,2024-01-26 16:24:29,2024-01-26 16:25:37,2024-01-26 16:27:38,2024-01-26 16:48:52,90,230,1.74,1274,24.38,0.0,0.67,2.16,2.75,0.0,0.0,14.28,N,N,N,N,N,189.0,68.0,121.0,1463.0,16,Friday,Flatiron,Manhattan,Times Sq/Theatre District,Manhattan,-73.9969712245153,40.742278038328486,-73.98419629996178,40.7598170009371,3.073,27.8,24.38,3.42,10.1,0.3633093525179856,0.09287284144427002,1.83287284144427,0.1609262354788069,0.36657456828885404,0.527500803767661,13.752499196232339,33.84073623133043,2024-01
HV0003,B03404,B03404,2024-01-17 07:44:57,2024-01-17 07:53:21,2024-01-17 07:53:51,2024-01-17 08:18:03,126,47,5.39,1452,28.6,0.0,0.79,2.54,0.0,0.0,0.0,29.98,N,N,N,N,N,534.0,504.0,30.0,1986.0,7,Wednesday,Hunts Point,Bronx,Claremont/Bathgate,Bronx,-73.88553690148994,40.81207355275024,-73.90031679211252,40.84274782905238,3.073,29.39,28.6,0.79,-1.379999999999999,-0.046954746512419154,1.8709090909090909,7.260909090909091,0.6375078181818181,1.4521818181818182,2.0896896363636364,27.890310363636363,50.55645383136501,2024-01
HV0003,B03404,B03404,2024-01-21 06:02:26,2024-01-21 06:08:31,2024-01-21 06:08:45,2024-01-21 06:14:48,244,244,1.16,363,8.19,0.0,0.23,0.73,0.0,0.0,0.0,7.14,Y,N,N,N,N,379.0,365.0,14.0,742.0,6,Sunday,Washington Heights South,Manhattan,Washington Heights South,Manhattan,-73.9413990935137,40.84170795917971,-73.9413990935137,40.84170795917971,3.073,8.42,8.19,0.23,1.0499999999999998,0.12470308788598573,1.1663911845730028,2.3263911845730028,0.20425714600550962,0.4652782369146006,0.6695353829201102,6.470464617079889,31.39308978637143,2024-01
HV0003,B03404,B03404,2024-01-21 21:14:46,2024-01-21 21:16:59,2024-01-21 21:16:59,2024-01-21 21:20:54,87,87,0.51,235,9.15,0.0,0.25,0.81,2.75,0.0,5.0,5.39,N,N,N,N,N,133.0,133.0,0.0,368.0,21,Sunday,Financial District North,Manhattan,Financial District North,Manhattan,-74.0074957883342,40.70680798106304,-74.0074957883342,40.70680798106304,3.073,17.15,9.15,3.0,8.760000000000002,0.5107871720116619,0.28863829787234047,0.7986382978723405,0.0701204425531915,0.1597276595744681,0.2298481021276596,5.16015189787234,50.47974682701202,2024-01
HV0003,B03404,B03404,2024-01-24 18:07:33,2024-01-24 18:12:14,2024-01-24 18:12:27,2024-01-24 18:25:09,218,215,3.67,762,17.88,0.0,0.49,1.59,0.0,0.0,0.0,11.98,N,N,N,N,N,294.0,281.0,13.0,1056.0,18,Wednesday,Springfield Gardens North,Queens,South Jamaica,Queens,-73.7730358575979,40.67208910289741,-73.79096502686893,40.69442676074992,3.073,18.369999999999997,17.88,0.49,5.899999999999999,0.32117583015786605,1.3533727034120733,5.023372703412074,0.44105212335958005,1.0046745406824147,1.4457266640419948,10.534273335958005,35.9122954634932,2024-01
HV0003,B03404,B03404,2024-01-11 15:39:07,2024-01-11 15:45:00,2024-01-11 15:45:06,2024-01-11 15:56:52,102,198,1.91,706,10.48,0.0,0.29,0.93,0.0,0.0,0.0,9.15,N,N,N,N,N,359.0,353.0,6.0,1065.0,15,Thursday,Glendale,Queens,Ridgewood,Queens,-73.87573709634573,40.70354544399082,-73.90170912961153,40.706526169337856,3.073,10.77,10.48,0.29,1.33,0.12349117920148563,0.955,2.8649999999999998,0.25154699999999997,0.573,0.8245469999999999,8.325453,28.142376338028168,2024-01
HV0003,B03404,B03404,2024-01-27 19:47:16,2024-01-27 19:49:33,2024-01-27 19:49:48,2024-01-27 19:56:01,168,69,0.85,373,7.94,0.0,0.22,0.7,0.0,0.0,0.0,5.4,N,N,N,N,N,152.0,137.0,15.0,525.0,19,Saturday,Mott Haven/Port Morris,Bronx,East Concourse/Concourse Village,Bronx,-73.91682135545611,40.80734651795231,-73.9150298985607,40.83141570129418,3.073,8.16,7.94,0.22,2.54,0.3112745098039216,0.31219839142091155,1.1621983914209115,0.10204101876675603,0.23243967828418233,0.33448069705093836,5.065519302949062,34.734989505936426,2024-01
HV0003,B03404,B03404,2024-01-31 17:28:05,2024-01-31 17:28:35,2024-01-31 17:29:09,2024-01-31 17:45:23,211,246,2.64,974,22.57,0.0,0.62,2.0,2.75,0.0,0.0,12.62,N,N,N,N,N,64.0,30.0,34.0,1038.0,17,Wednesday,SoHo,Manhattan,West Chelsea/Hudson Yards,Manhattan,-74.00153738622468,40.72388757677251,-74.00401522931482,40.75330822391948,3.073,25.94,22.57,3.37,9.950000000000001,0.3835774865073246,0.0813141683778234,2.7213141683778237,0.23893138398357291,0.5442628336755647,0.7831942176591377,11.836805782340862,41.05250560349432,2024-01
HV0003,B03404,B03404,2024-01-07 19:40:52,2024-01-07 19:44:42,2024-01-07 19:44:56,2024-01-07 20:04:04,106,33,2.97,1148,21.45,0.0,0.59,1.9,0.0,0.0,0.0,14.98,N,N,N,N,N,244.0,230.0,14.0,1392.0,19,Sunday,Gowanus,Brooklyn,Brooklyn Heights,Brooklyn,-73.99064748886755,40.67351226923787,-73.99524997291579,40.69579763638819,3.073,22.04,21.45,0.59,6.469999999999999,0.293557168784029,0.595034843205575,3.5650348432055754,0.3130100592334495,0.7130069686411151,1.0260170278745646,13.953982972125436,36.08788699687613,2024-01
HV0003,B03404,B03404,2024-01-07 15:01:53,2024-01-07 15:03:49,2024-01-07 15:04:44,2024-01-07 15:20:42,191,130,4.77,958,17.86,0.0,0.49,1.59,0.0,0.0,0.0,15.28,N,N,N,N,N,171.0,116.0,55.0,1129.0,15,Sunday,Queens Village,Queens,Jamaica,Queens,-73.74153183175444,40.71545297944368,-73.79398135276409,40.70436829225682,3.073,18.349999999999998,17.86,0.49,2.58,0.14059945504087196,0.5775782881002087,5.347578288100208,0.46951737369519825,1.0695156576200417,1.53903303131524,13.74096696868476,43.81530654319321,2024-01
HV0003,B03404,B03404,2024-01-30 09:54:52,2024-01-30 09:57:25,2024-01-30 09:57:34,2024-01-30 10:06:49,160,258,2.1,555,10.75,0.0,0.3,0.95,0.0,0.0,3.0,7.98,N,N,N,N,N,162.0,153.0,9.0,717.0,9,Tuesday,Middle Village,Queens,Woodhaven,Queens,-73.880051202423,40.71833605673999,-73.85576684520184,40.68872054521105,3.073,14.05,10.75,0.3,5.77,0.4106761565836298,0.578918918918919,2.678918918918919,0.2352090810810811,0.5357837837837839,0.770992864864865,7.209007135135136,36.19585172452788,2024-01
HV0003,B03404,B03404,2024-01-21 20:37:15,2024-01-21 20:39:49,2024-01-21 20:41:51,2024-01-21 20:51:05,69,169,1.82,554,11.21,0.0,0.31,0.99,0.0,0.0,0.0,7.6,N,N,N,N,N,276.0,154.0,122.0,830.0,20,Sunday,East Concourse/Concourse Village,Bronx,Mount Hope,Bronx,-73.9150298985607,40.83141570129418,-73.90512230176171,40.849057751559215,3.073,11.520000000000001,11.21,0.31,3.610000000000001,0.31336805555555564,0.5059205776173286,2.3259205776173286,0.20421582671480146,0.4651841155234657,0.6693999422382672,6.930600057761732,30.06043398547257,2024-01
HV0003,B03404,B03404,2024-01-11 07:40:53,2024-01-11 07:47:34,2024-01-11 07:49:36,2024-01-11 08:13:41,71,210,3.77,1445,29.01,0.0,0.8,2.57,0.0,0.0,0.0,20.19,N,N,N,N,N,523.0,401.0,122.0,1968.0,7,Thursday,East Flatbush/Farragut,Brooklyn,Sheepshead Bay,Brooklyn,-73.93796628102253,40.64428722355921,-73.94050746825633,40.59202328403454,3.073,29.810000000000002,29.01,0.8,8.82,0.29587386782958736,1.0462076124567474,4.816207612456747,0.42286302837370243,0.9632415224913494,1.3861045508650518,18.80389544913495,34.39736972402735,2024-01
HV0003,B03404,B03404,2024-01-25 22:29:50,2024-01-25 22:34:41,2024-01-25 22:37:56,2024-01-25 23:06:16,112,90,5.82,1700,38.46,0.0,1.06,3.41,2.75,0.0,0.0,35.03,N,N,N,N,N,486.0,291.0,195.0,2186.0,22,Thursday,Greenpoint,Brooklyn,Flatiron,Manhattan,-73.94953985600077,40.72950555799535,-73.9969712245153,40.742278038328486,3.073,42.27,38.46,3.81,3.4299999999999997,0.08114502010882421,0.9962470588235295,6.81624705882353,0.5984664917647059,1.363249411764706,1.961715903529412,33.06828409647059,54.458290369301984,2024-01
HV0003,B03404,B03404,2024-01-05 12:58:54,2024-01-05 12:59:49,2024-01-05 13:00:26,2024-01-05 13:51:00,163,135,13.09,3034,51.43,0.0,1.41,4.56,2.75,0.0,10.18,45.72,N,N,N,N,N,92.0,55.0,37.0,3126.0,13,Friday,Midtown North,Manhattan,Kew Gardens Hills,Queens,-73.97756832086549,40.764420870266285,-73.82119512222988,40.72837651566491,3.073,65.77,51.43,4.16,15.89,0.241599513455983,0.23729400131839157,13.327294001318391,1.1701364133157546,2.6654588002636785,3.835595213579433,41.88440478642057,48.235398986280885,2024-01
HV0003,B03404,B03404,2024-01-04 13:55:30,2024-01-04 13:56:22,2024-01-04 13:57:04,2024-01-04 14:12:01,141,140,0.94,897,10.92,0.0,0.3,0.97,2.75,0.0,0.0,9.67,N,N,N,N,N,94.0,52.0,42.0,991.0,13,Thursday,Lenox Hill West,Manhattan,Lenox Hill East,Manhattan,-73.95963478688095,40.76694745582751,-73.9547388423982,40.76548333944988,3.073,13.97,10.92,3.05,1.25,0.08947745168217609,0.0544927536231884,0.9944927536231883,0.08731646376811593,0.1988985507246377,0.2862150144927536,9.383784985507246,34.08842174351774,2024-01
HV0003,B03404,B03404,2024-01-31 17:29:17,2024-01-31 17:33:16,2024-01-31 17:33:29,2024-01-31 17:56:19,236,152,3.66,1370,27.07,0.0,0.74,2.4,2.75,0.0,0.0,17.69,N,N,N,N,N,252.0,239.0,13.0,1622.0,17,Wednesday,Upper East Side North,Manhattan,Manhattanville,Manhattan,-73.957011704106,40.78043571518905,-73.95378198907079,40.81797460055961,3.073,30.56,27.07,3.49,9.379999999999999,0.3069371727748691,0.6384963503649634,4.298496350364964,0.3774079795620438,0.8596992700729928,1.2371072496350366,16.452892750364963,36.516901295507935,2024-01
HV0003,B03404,B03404,2024-01-06 17:37:08,2024-01-06 17:38:00,2024-01-06 17:38:06,2024-01-06 17:46:51,231,144,1.32,525,11.78,0.0,0.32,1.05,2.75,0.0,0.0,6.67,N,N,N,N,N,58.0,52.0,6.0,583.0,17,Saturday,TriBeCa/Civic Center,Manhattan,Little Italy/NoLiTa,Manhattan,-74.00787947243188,40.717772159208046,-73.99691839304907,40.72088834178079,3.073,14.85,11.78,3.07,5.109999999999999,0.3441077441077441,0.13074285714285716,1.4507428571428571,0.12737522285714284,0.2901485714285714,0.4175237942857143,6.252476205714285,38.60877245381034,2024-01
HV0003,B03404,B03404,2024-01-25 20:37:23,2024-01-25 20:37:56,2024-01-25 20:39:56,2024-01-25 21:07:33,88,237,6.74,1657,36.36,0.0,1.0,3.23,2.75,0.0,0.0,24.44,N,N,N,N,N,153.0,33.0,120.0,1810.0,20,Thursday,Financial District South,Manhattan,Upper East Side South,Manhattan,-74.01151486998491,40.70335745268971,-73.96563449518534,40.76861447337675,3.073,40.11,36.36,3.75,11.919999999999998,0.2971827474445275,0.13423053711526856,6.8742305371152685,0.6035574411587206,1.3748461074230538,1.9784035485817744,22.461596451418227,44.67499846690918,2024-01
HV0003,B03404,B03404,2024-01-08 08:55:26,2024-01-08 08:57:13,2024-01-08 08:59:14,2024-01-08 09:30:18,107,142,4.05,1864,34.35,0.0,0.94,3.05,2.75,0.0,0.0,24.37,N,N,N,N,N,228.0,107.0,121.0,2092.0,8,Monday,Gramercy,Manhattan,Lincoln Square East,Manhattan,-73.98405192785955,40.73682342425488,-73.98153210008745,40.77363265587896,3.073,38.04,34.35,3.69,9.98,0.2623554153522608,0.23248390557939913,4.282483905579399,0.37600208690987125,0.8564967811158799,1.2324988680257511,23.13750113197425,39.815967531122034,2024-01
HV0003,B03404,B03404,2024-01-18 17:13:12,2024-01-18 17:21:54,2024-01-18 17:22:19,2024-01-18 18:02:04,80,25,3.18,2385,25.93,0.0,0.71,2.3,0.0,0.0,0.0,26.6,N,N,N,N,N,547.0,522.0,25.0,2932.0,17,Thursday,East Williamsburg,Brooklyn,Boerum Hill,Brooklyn,-73.93679348509205,40.71536904490185,-73.98611365960022,40.685633257491546,3.073,26.64,25.93,0.71,-0.6700000000000017,-0.025150150150150215,0.6960000000000001,3.8760000000000003,0.3403128,0.7752000000000001,1.1155128,25.4844872,31.290639126875853,2024-01
HV0003,B03404,B03404,2024-01-27 07:03:52,2024-01-27 07:07:22,2024-01-27 07:08:43,2024-01-27 07:16:16,112,80,1.84,453,11.02,0.0,0.3,0.98,0.0,0.0,0.0,6.68,Y,N,N,N,N,291.0,210.0,81.0,744.0,7,Saturday,Greenpoint,Brooklyn,East Williamsburg,Brooklyn,-73.94953985600077,40.72950555799535,-73.93679348509205,40.71536904490185,3.073,11.32,11.02,0.3,4.34,0.3833922261484099,0.8529801324503311,2.692980132450331,0.23644365562913905,0.5385960264900662,0.7750396821192053,5.904960317880795,28.57238863490707,2024-01
HV0003,B03404,B03404,2024-01-24 12:54:55,2024-01-24 12:56:03,2024-01-24 12:58:15,2024-01-24 13:21:20,100,232,4.34,1385,32.84,0.0,0.9,2.91,2.75,0.0,7.88,18.73,N,N,N,N,N,200.0,68.0,132.0,1585.0,12,Wednesday,Garment District,Manhattan,Two Bridges/Seward Park,Manhattan,-73.98878634685092,40.75351217038599,-73.98302452983464,40.71473195717586,3.073,44.370000000000005,32.84,3.65,21.990000000000006,0.4956051386071671,0.2130830324909747,4.553083032490974,0.39976069025270755,0.9106166064981949,1.3103772967509024,17.419622703249097,39.565073647758204,2024-01
HV0003,B03404,B03404,2024-01-29 22:08:00,2024-01-29 22:10:02,2024-01-29 22:11:24,2024-01-29 22:22:05,79,186,2.06,641,16.33,0.0,0.45,1.45,2.75,0.0,0.0,8.73,N,N,N,N,N,204.0,122.0,82.0,845.0,22,Monday,East Village,Manhattan,Penn Station/Madison Sq West,Manhattan,-73.98593725800136,40.72761958691338,-73.99243728054387,40.7484965983886,3.073,19.529999999999998,16.33,3.2,7.599999999999998,0.38914490527393747,0.3920748829953198,2.45207488299532,0.21529217472698908,0.490414976599064,0.7057071513260531,8.024292848673948,34.186336396717415,2024-01
HV0003,B03404,B03404,2024-01-20 19:08:21,2024-01-20 19:10:47,2024-01-20 19:12:03,2024-01-20 19:20:39,69,167,1.16,516,9.77,0.0,0.27,0.87,0.0,0.0,0.0,6.37,N,N,N,N,N,222.0,146.0,76.0,738.0,19,Saturday,East Concourse/Concourse Village,Bronx,Morrisania/Melrose,Bronx,-73.9150298985607,40.83141570129418,-73.90235192494784,40.827512011036994,3.073,10.04,9.77,0.27,3.3999999999999995,0.3386454183266932,0.3282170542635659,1.4882170542635658,0.13066545736434107,0.2976434108527132,0.4283088682170543,5.941691131782946,28.983859179429007,2024-01
HV0003,B03404,B03404,2024-01-23 19:54:57,2024-01-23 19:58:24,2024-01-23 19:59:45,2024-01-23 20:05:16,222,77,1.25,331,6.99,0.0,0.19,0.62,0.0,0.0,0.0,5.39,N,N,N,N,N,288.0,207.0,81.0,619.0,19,Tuesday,Starrett City,Brooklyn,East New York/Pennsylvania Avenue,Brooklyn,-73.88241288548672,40.64752638452626,-73.89536398494168,40.666558142144005,3.073,7.180000000000001,6.99,0.19,1.6000000000000005,0.222841225626741,0.7817220543806647,2.0317220543806647,0.17838519637462236,0.40634441087613293,0.5847296072507553,4.805270392749245,27.94664525669997,2024-01
HV0003,B03404,B03404,2024-01-25 16:01:02,2024-01-25 16:07:37,2024-01-25 16:08:17,2024-01-25 16:33:05,130,102,2.86,1488,17.91,0.0,0.49,1.59,0.0,0.0,0.0,17.75,N,N,N,N,N,435.0,395.0,40.0,1923.0,16,Thursday,Jamaica,Queens,Glendale,Queens,-73.79398135276409,40.70436829225682,-73.87573709634573,40.70354544399082,3.073,18.4,17.91,0.49,0.16000000000000014,0.008695652173913052,0.7592069892473118,3.6192069892473118,0.317766373655914,0.7238413978494624,1.0416077715053764,16.708392228494624,31.279361426198985,2024-01
HV0003,B03404,B03404,2024-01-30 11:37:28,2024-01-30 11:40:41,2024-01-30 11:46:19,2024-01-30 11:59:38,165,165,1.29,799,18.08,0.0,0.5,1.6,0.0,0.0,0.0,9.22,N,N,N,N,N,531.0,193.0,338.0,1330.0,11,Tuesday,Midwood,Brooklyn,Midwood,Brooklyn,-73.95682451037044,40.620923471324446,-73.95682451037044,40.620923471324446,3.073,18.58,18.08,0.5,8.859999999999998,0.4768568353067814,0.3116020025031289,1.601602002503129,0.14062065581977473,0.3203204005006258,0.46094105632040056,8.7590589436796,23.708730975373353,2024-01
HV0003,B03404,B03404,2024-01-20 08:08:00,2024-01-20 08:10:02,2024-01-20 08:10:12,2024-01-20 08:24:24,74,223,4.59,852,19.0,6.94,0.71,2.3,0.0,0.0,0.0,15.04,N,N,N,N,N,132.0,122.0,10.0,984.0,8,Saturday,East Harlem North,Manhattan,Steinway,Queens,-73.93734546230694,40.80116855904873,-73.90540723993595,40.77742599740797,3.073,26.650000000000002,19.0,7.65,3.960000000000001,0.14859287054409007,0.6572535211267606,5.24725352112676,0.4607088591549295,1.049450704225352,1.5101595633802816,13.529840436619718,49.499416231535555,2024-01
HV0003,B03404,B03404,2024-01-01 00:19:49,2024-01-01 00:24:28,2024-01-01 00:25:53,2024-01-01 00:39:25,75,69,4.2,812,19.65,0.0,0.54,1.74,0.0,0.0,0.0,14.15,N,N,N,N,N,364.0,279.0,85.0,1176.0,0,Monday,East Harlem South,Manhattan,East Concourse/Concourse Village,Bronx,-73.94575002008068,40.79001009948004,-73.9150298985607,40.83141570129418,3.073,20.189999999999998,19.65,0.54,5.499999999999998,0.2724120851906884,1.443103448275862,5.643103448275863,0.49546448275862076,1.1286206896551725,1.6240851724137932,12.525914827586208,38.344637227304716,2024-01
HV0003,B03404,B03404,2024-01-13 01:28:39,2024-01-13 01:34:16,2024-01-13 01:35:24,2024-01-13 01:43:13,240,32,1.78,469,11.64,0.0,0.32,1.03,0.0,0.0,0.0,8.63,N,N,N,N,N,405.0,337.0,68.0,874.0,1,Saturday,Van Cortlandt Park,Bronx,Bronxdale,Bronx,-73.88197726427191,40.8945982201158,-73.86490087169818,40.86400152279616,3.073,11.96,11.64,0.32,3.01,0.25167224080267553,1.2790191897654584,3.0590191897654586,0.26858188486140727,0.6118038379530918,0.8803857228144991,7.749614277185501,31.920608006713735,2024-01
HV0003,B03404,B03404,2024-01-27 15:24:28,2024-01-27 15:26:48,2024-01-27 15:28:29,2024-01-27 15:54:55,146,239,4.2,1586,20.28,0.0,0.56,1.8,2.75,0.0,0.0,20.43,N,N,N,N,N,241.0,140.0,101.0,1827.0,15,Saturday,Long Island City/Queens Plaza,Queens,Upper West Side South,Manhattan,-73.93482872612303,40.754241860637634,-73.97863166507607,40.783960878966745,3.073,23.59,20.28,3.31,-0.14999999999999858,-0.006358626536668019,0.3707440100882724,4.570744010088273,0.4013113240857503,0.9141488020176546,1.315460126103405,19.114539873896597,37.664117978121375,2024-01
HV0003,B03404,B03404,2024-01-03 05:54:22,2024-01-03 05:56:02,2024-01-03 05:58:03,2024-01-03 06:04:00,28,95,1.43,357,9.42,0.0,0.26,0.84,0.0,0.0,0.0,6.54,N,N,N,N,N,221.0,100.0,121.0,578.0,5,Wednesday,Briarwood/Jamaica Hills,Queens,Forest Hills,Queens,-73.80872941622545,40.71159574889735,-73.84766918479201,40.72143087062858,3.073,9.68,9.42,0.26,2.88,0.2975206611570248,0.4005602240896358,1.8305602240896357,0.16072318767507002,0.36611204481792714,0.5268352324929971,6.013164767507003,37.45223730627199,2024-01
HV0003,B03404,B03404,2024-01-22 22:07:22,2024-01-22 22:09:38,2024-01-22 22:11:09,2024-01-22 22:36:21,174,41,10.16,1512,26.92,0.0,0.74,2.39,0.0,0.0,0.0,27.56,N,N,N,N,N,227.0,136.0,91.0,1739.0,22,Monday,Norwood,Bronx,Central Harlem,Manhattan,-73.87902205824633,40.87713685159281,-73.95129182852196,40.804333323455445,3.073,27.66,26.92,0.74,-0.639999999999997,-0.023138105567606544,0.9138624338624338,11.073862433862434,0.9722851216931216,2.2147724867724867,3.1870576084656084,24.37294239153439,50.45577493359621,2024-01
HV0003,B03404,B03404,2024-01-10 16:14:35,2024-01-10 16:14:59,2024-01-10 16:17:00,2024-01-10 16:25:55,159,168,1.18,535,11.67,0.0,0.32,1.04,0.0,0.0,0.0,6.62,N,N,N,N,N,145.0,24.0,121.0,680.0,16,Wednesday,Melrose South,Bronx,Mott Haven/Port Morris,Bronx,-73.9128491499624,40.81825923634175,-73.91682135545611,40.80734651795231,3.073,11.99,11.67,0.32,5.05,0.42118432026688907,0.05293457943925233,1.2329345794392523,0.10825165607476636,0.24658691588785048,0.3548385719626168,6.265161428037383,33.16850167784497,2024-01
HV0003,B03404,B03404,2024-01-13 16:54:36,2024-01-13 16:55:50,2024-01-13 16:55:50,2024-01-13 17:24:00,41,90,7.24,1690,27.35,0.0,0.75,2.43,2.75,0.0,0.0,25.4,N,N,N,N,N,74.0,74.0,0.0,1764.0,16,Saturday,Central Harlem,Manhattan,Flatiron,Manhattan,-73.95129182852196,40.804333323455445,-73.9969712245153,40.742278038328486,3.073,30.85,27.35,3.5,1.9500000000000028,0.06320907617504061,0.31701775147928996,7.5570177514792904,0.6635061585798817,1.5114035502958583,2.17490970887574,23.22509029112426,47.398143451274,2024-01
HV0003,B03404,B03404,2024-01-15 03:14:16,2024-01-15 03:16:05,2024-01-15 03:16:13,2024-01-15 03:22:28,215,130,1.19,375,8.92,0.0,0.25,0.79,0.0,0.0,0.0,5.4,N,N,N,N,N,117.0,109.0,8.0,492.0,3,Monday,South Jamaica,Queens,Jamaica,Queens,-73.79096502686893,40.69442676074992,-73.79398135276409,40.70436829225682,3.073,9.17,8.92,0.25,3.5199999999999996,0.3838604143947655,0.34589333333333333,1.5358933333333333,0.13485143466666666,0.3071786666666667,0.44203010133333337,4.957969898666667,36.27782852682927,2024-01
HV0003,B03404,B03404,2024-01-19 22:27:21,2024-01-19 22:30:08,2024-01-19 22:30:56,2024-01-19 22:39:59,225,225,1.71,543,8.93,0.0,0.25,0.79,0.0,0.0,0.0,7.35,N,N,N,N,N,215.0,167.0,48.0,758.0,22,Friday,Stuyvesant Heights,Brooklyn,Stuyvesant Heights,Brooklyn,-73.93188774325893,40.68816752944304,-73.93188774325893,40.68816752944304,3.073,9.18,8.93,0.25,1.58,0.1721132897603486,0.5259116022099447,2.235911602209945,0.19631303867403313,0.44718232044198897,0.6434953591160221,6.706504640883978,31.851473228472717,2024-01
HV0003,B03404,B03404,2024-01-20 21:25:47,2024-01-20 21:26:01,2024-01-20 21:28:00,2024-01-20 22:02:29,48,168,8.04,2069,34.21,0.0,0.94,3.04,2.75,0.0,0.0,30.01,N,N,N,N,N,133.0,14.0,119.0,2202.0,21,Saturday,Clinton East,Manhattan,Mott Haven/Port Morris,Bronx,-73.98984463380468,40.762252049908085,-73.91682135545611,40.80734651795231,3.073,37.9,34.21,3.69,4.199999999999999,0.11081794195250658,0.054403093281778635,8.094403093281779,0.7106885915901401,1.6188806186563558,2.329569210246496,27.680430789753505,45.25411028297575,2024-01
HV0003,B03404,B03404,2024-01-11 12:15:05,2024-01-11 12:16:40,2024-01-11 12:18:41,2024-01-11 12:52:55,171,164,12.11,2054,41.82,6.94,1.34,4.33,2.75,0.0,0.0,35.21,N,N,N,N,N,216.0,95.0,121.0,2270.0,12,Thursday,Murray Hill-Queens,Queens,Midtown South,Manhattan,-73.80954545137605,40.768350879648686,-73.98515619423324,40.74857395489648,3.073,52.85,41.82,11.030000000000001,6.609999999999999,0.12507095553453168,0.5601022395326192,12.670102239532618,1.1124349766309638,2.534020447906524,3.6464554245374874,31.563544575462515,50.05672267474232,2024-01
HV0003,B03404,B03404,2024-01-28 20:42:24,2024-01-28 20:46:38,2024-01-28 20:46:43,2024-01-28 21:13:46,95,243,14.16,1623,34.33,6.94,1.13,3.66,0.0,0.0,0.0,33.87,N,N,N,N,N,259.0,254.0,5.0,1882.0,20,Sunday,Forest Hills,Queens,Washington Heights North,Manhattan,-73.84766918479201,40.72143087062858,-73.93283150973461,40.85710754449232,3.073,42.4,34.33,8.07,0.46000000000000085,0.010849056603773605,2.2160443622920516,16.376044362292053,1.4378166950092421,3.2752088724584105,4.713025567467652,29.156974432532344,55.77317107179407,2024-01
HV0003,B03404,B03404,2024-01-11 18:27:51,2024-01-11 18:30:52,2024-01-11 18:32:51,2024-01-11 18:43:10,236,237,1.25,619,13.33,0.0,0.37,1.18,2.75,0.0,5.0,7.72,N,N,N,N,N,300.0,181.0,119.0,919.0,18,Thursday,Upper East Side North,Manhattan,Upper East Side South,Manhattan,-73.957011704106,40.78043571518905,-73.96563449518534,40.76861447337675,3.073,21.45,13.33,3.12,10.61,0.49463869463869464,0.36550888529886916,1.615508885298869,0.1418416801292407,0.32310177705977383,0.46494345718901453,7.255056542810985,28.420243258019095,2024-01
HV0003,B03404,B03404,2024-01-11 21:55:45,2024-01-11 22:00:42,2024-01-11 22:00:52,2024-01-11 22:07:04,29,210,1.31,372,8.88,0.0,0.24,0.79,0.0,0.0,0.0,5.39,N,N,N,N,N,307.0,297.0,10.0,679.0,22,Thursday,Brighton Beach,Brooklyn,Sheepshead Bay,Brooklyn,-73.96121684069253,40.58092149012796,-73.94050746825633,40.59202328403454,3.073,9.120000000000001,8.88,0.24,3.490000000000001,0.3826754385964913,1.0458870967741936,2.3558870967741936,0.2068468870967742,0.47117741935483876,0.6780243064516129,4.7119756935483865,24.982492631478927,2024-01
HV0003,B03404,B03404,2024-01-30 19:22:44,2024-01-30 19:24:10,2024-01-30 19:26:10,2024-01-30 20:11:23,244,133,19.96,2713,50.85,6.94,1.59,5.13,2.75,0.0,0.0,51.73,N,N,N,N,N,206.0,86.0,120.0,2919.0,19,Tuesday,Washington Heights South,Manhattan,Kensington,Brooklyn,-73.9413990935137,40.84170795917971,-73.97619880286386,40.64058957628331,3.073,62.13,50.85,11.280000000000001,-0.8799999999999955,-0.014163849991952283,0.6327165499447106,20.59271654994471,1.8080405130851456,4.118543309988943,5.926583823074088,45.80341617692591,56.489310804019624,2024-01
HV0003,B03404,B03404,2024-01-08 23:54:06,2024-01-08 23:55:28,2024-01-08 23:57:09,2024-01-09 00:20:05,263,255,9.07,1376,34.36,0.0,0.94,3.05,2.75,0.0,0.0,26.17,N,N,N,N,N,183.0,82.0,101.0,1559.0,23,Monday,Yorkville West,Manhattan,Williamsburg (North Side),Brooklyn,-73.95100985225696,40.77876514921805,-73.95741799903575,40.71880332024791,3.073,38.05,34.36,3.69,8.189999999999998,0.21524310118265436,0.5405087209302326,9.610508720930232,0.8438026656976745,1.9221017441860466,2.765904409883721,23.40409559011628,54.044095012455806,2024-01
HV0003,B03404,B03404,2024-01-21 21:36:19,2024-01-21 21:37:05,2024-01-21 21:37:25,2024-01-21 21:51:58,161,145,3.12,873,12.74,0.0,0.35,1.13,2.75,0.0,0.0,12.31,N,N,N,N,N,66.0,46.0,20.0,939.0,21,Sunday,Midtown Center,Manhattan,Long Island City/Hunters Point,Queens,-73.97769778229288,40.758027399461895,-73.94889136420674,40.74537869757109,3.073,15.84,12.74,3.1,0.4299999999999997,0.02714646464646463,0.16439862542955327,3.2843986254295534,0.2883701993127148,0.6568797250859107,0.9452499243986255,11.364750075601375,43.570926807417415,2024-01
HV0003,B03404,B03404,2024-01-29 04:50:59,2024-01-29 04:55:09,2024-01-29 04:57:10,2024-01-29 05:29:45,76,226,7.38,1955,42.83,0.0,1.18,3.8,0.0,0.0,0.0,28.09,N,N,N,N,N,371.0,250.0,121.0,2326.0,4,Monday,East New York,Brooklyn,Sunnyside,Queens,-73.87682032859912,40.66093356035302,-73.92467262943985,40.73769725609221,3.073,44.01,42.83,1.18,14.739999999999998,0.33492388093615083,0.9437340153452686,8.323734015345268,0.7308238465473145,1.6647468030690538,2.395570649616368,25.694429350383633,39.76781842707699,2024-01
HV0003,B03404,B03404,2024-01-11 21:02:50,2024-01-11 21:04:54,2024-01-11 21:05:21,2024-01-11 21:34:53,66,61,5.76,1772,26.71,0.0,0.73,2.37,0.0,0.0,0.0,24.22,Y,N,N,N,N,151.0,124.0,27.0,1923.0,21,Thursday,DUMBO/Vinegar Hill,Brooklyn,Crown Heights North,Brooklyn,-73.98570143908047,40.70225846444536,-73.93928693646026,40.67446920571126,3.073,27.44,26.71,0.73,2.490000000000002,0.09074344023323622,0.4030699774266365,6.163069977426637,0.5411175440180587,1.2326139954853275,1.7737315395033861,22.44626846049661,42.02109540186573,2024-01
HV0003,B03404,B03404,2024-01-14 18:23:33,2024-01-14 18:25:43,2024-01-14 18:26:38,2024-01-14 18:37:44,256,217,0.59,666,8.89,0.0,0.24,0.79,0.0,0.0,0.0,7.04,N,N,N,N,N,185.0,130.0,55.0,851.0,18,Sunday,Williamsburg (South Side),Brooklyn,South Williamsburg,Brooklyn,-73.95990445316505,40.71087946812129,-73.95859672937166,40.70391593168995,3.073,9.13,8.89,0.24,1.8500000000000005,0.20262869660460026,0.11516516516516515,0.7051651651651651,0.061913501501501496,0.14103303303303302,0.2029465345345345,6.837053465465465,28.92290537682218,2024-01
HV0003,B03404,B03404,2024-01-09 06:25:02,2024-01-09 06:34:01,2024-01-09 06:34:07,2024-01-09 06:39:41,188,61,1.22,334,8.91,0.0,0.25,0.79,0.0,0.0,1.0,5.39,N,N,N,N,N,545.0,539.0,6.0,879.0,6,Tuesday,Prospect-Lefferts Gardens,Brooklyn,Crown Heights North,Brooklyn,-73.94744189565975,40.65874424163321,-73.93928693646026,40.67446920571126,3.073,10.16,8.91,0.25,4.5200000000000005,0.44488188976377957,1.9688023952095808,3.1888023952095805,0.27997685029940117,0.6377604790419161,0.9177373293413174,4.472262670658682,18.316434146042383,2024-01
HV0003,B03404,B03404,2024-01-16 08:13:00,2024-01-16 08:14:26,2024-01-16 08:15:57,2024-01-16 08:40:05,48,230,1.28,1448,35.22,0.0,0.97,3.13,2.75,0.0,4.96,28.8,N,N,N,N,N,177.0,86.0,91.0,1625.0,8,Tuesday,Clinton East,Manhattan,Times Sq/Theatre District,Manhattan,-73.98984463380468,40.762252049908085,-73.98419629996178,40.7598170009371,3.073,43.9,35.22,3.7199999999999998,11.379999999999999,0.2592255125284738,0.07602209944751381,1.3560220994475138,0.11905874033149172,0.2712044198895028,0.3902631602209945,28.409736839779008,62.938493921971954,2024-01
HV0003,B03404,B03404,2024-01-09 16:54:57,2024-01-09 16:55:44,2024-01-09 16:56:57,2024-01-09 17:00:51,142,163,0.44,234,8.23,0.0,0.23,0.73,2.75,0.0,0.0,5.4,N,N,N,N,N,120.0,47.0,73.0,354.0,16,Tuesday,Lincoln Square East,Manhattan,Midtown North,Manhattan,-73.98153210008745,40.77363265587896,-73.97756832086549,40.764420870266285,3.073,11.21,8.23,2.98,2.83,0.2524531668153434,0.08837606837606839,0.5283760683760684,0.04639141880341881,0.1056752136752137,0.1520666324786325,5.247933367521368,53.36881390699696,2024-01
HV0003,B03404,B03404,2024-01-12 14:17:44,2024-01-12 14:26:24,2024-01-12 14:27:03,2024-01-12 14:47:58,250,126,3.71,1255,17.71,0.0,0.49,1.57,0.0,0.0,0.0,16.67,N,N,N,N,N,559.0,520.0,39.0,1814.0,14,Friday,Westchester Village/Unionport,Bronx,Hunts Point,Bronx,-73.848640882231,40.83210078158579,-73.88553690148994,40.81207355275024,3.073,18.2,17.71,0.49,1.0399999999999991,0.0571428571428571,1.5372111553784862,5.247211155378486,0.4607051394422311,1.0494422310756972,1.5101473705179282,15.159852629482074,30.085705328630354,2024-01
HV0003,B03404,B03404,2024-01-03 17:57:01,2024-01-03 17:58:19,2024-01-03 17:59:03,2024-01-03 18:04:47,42,42,1.79,344,10.25,0.0,0.28,0.91,0.0,0.0,0.0,5.89,Y,N,N,N,N,122.0,78.0,44.0,466.0,17,Wednesday,Central Harlem North,Manhattan,Central Harlem North,Manhattan,-73.9407718835631,40.81825672430646,-73.9407718835631,40.81825672430646,3.073,10.53,10.25,0.28,4.36,0.41405508072174746,0.4058720930232558,2.195872093023256,0.19279756976744183,0.4391744186046512,0.631971988372093,5.258028011627907,40.619958888112585,2024-01
HV0003,B03404,B03404,2024-01-24 16:30:08,2024-01-24 16:30:56,2024-01-24 16:31:28,2024-01-24 16:50:43,142,100,1.96,1155,21.68,0.0,0.6,1.92,2.75,0.0,4.04,13.44,N,N,N,N,N,80.0,48.0,32.0,1235.0,16,Wednesday,Lincoln Square East,Manhattan,Garment District,Manhattan,-73.98153210008745,40.77363265587896,-73.98878634685092,40.75351217038599,3.073,29.07,21.68,3.35,12.28,0.4224286205710354,0.08145454545454545,2.0414545454545454,0.17923970909090908,0.4082909090909091,0.5875306181818182,12.852469381818182,37.46468807655502,2024-01
HV0003,B03404,B03404,2024-01-15 06:30:39,2024-01-15 06:32:35,2024-01-15 06:33:19,2024-01-15 06:44:20,257,61,3.17,661,15.17,0.0,0.42,1.35,0.0,0.0,0.0,10.39,N,N,N,N,N,160.0,116.0,44.0,821.0,6,Monday,Windsor Terrace,Brooklyn,Crown Heights North,Brooklyn,-73.97798213604382,40.65361125179132,-73.93928693646026,40.67446920571126,3.073,15.59,15.17,0.42,4.779999999999999,0.3066067992302758,0.5563086232980332,3.726308623298033,0.3271698971255673,0.7452617246596067,1.072431621785174,9.317568378214826,40.85657266939509,2024-01
HV0003,B03404,B03404,2024-01-28 22:41:01,2024-01-28 22:46:32,2024-01-28 22:47:38,2024-01-28 22:54:59,196,56,0.95,441,8.0,0.0,0.22,0.71,0.0,0.0,0.0,5.4,N,N,N,N,N,397.0,331.0,66.0,838.0,22,Sunday,Rego Park,Queens,Corona,Queens,-73.86333842618821,40.72615456414307,-73.85884532361277,40.7414060161842,3.073,8.22,8.0,0.22,2.5999999999999996,0.316301703163017,0.7130385487528345,1.6630385487528345,0.14601478458049885,0.3326077097505669,0.47862249433106574,4.921377505668935,21.14195587160879,2024-01
HV0003,B03404,B03404,2024-01-20 17:05:08,2024-01-20 17:06:42,2024-01-20 17:07:59,2024-01-20 17:15:12,159,168,1.15,433,7.89,0.0,0.22,0.7,0.0,0.0,0.0,9.08,N,N,N,N,N,171.0,94.0,77.0,604.0,17,Saturday,Melrose South,Bronx,Mott Haven/Port Morris,Bronx,-73.9128491499624,40.81825923634175,-73.91682135545611,40.80734651795231,3.073,8.11,7.89,0.22,-1.1900000000000004,-0.14673242909987674,0.24965357967667434,1.3996535796766743,0.12288958429561199,0.27993071593533486,0.40282030023094684,8.677179699769054,51.71828960127251,2024-01
HV0003,B03404,B03404,2024-01-07 19:56:03,2024-01-07 19:57:55,2024-01-07 19:58:36,2024-01-07 20:22:16,230,45,4.8,1420,26.19,0.0,0.72,2.32,2.75,0.0,0.0,20.66,N,N,N,N,N,153.0,112.0,41.0,1573.0,19,Sunday,Times Sq/Theatre District,Manhattan,Chinatown,Manhattan,-73.98419629996178,40.7598170009371,-73.99815128380202,40.71245880657525,3.073,29.66,26.19,3.4699999999999998,5.530000000000001,0.1864463924477411,0.37859154929577465,5.178591549295774,0.45468033802816893,1.035718309859155,1.490398647887324,19.169601352112675,43.87194206459353,2024-01
HV0003,B03404,B03404,2024-01-04 19:07:54,2024-01-04 19:13:54,2024-01-04 19:14:08,2024-01-04 19:27:01,231,90,2.24,773,10.95,0.0,0.3,0.97,2.75,0.0,0.0,10.53,N,N,N,N,N,374.0,360.0,14.0,1147.0,19,Thursday,TriBeCa/Civic Center,Manhattan,Flatiron,Manhattan,-74.00787947243188,40.717772159208046,-73.9969712245153,40.742278038328486,3.073,14.0,10.95,3.05,0.41999999999999993,0.029999999999999995,1.0432082794307893,3.2832082794307897,0.2882656869340233,0.656641655886158,0.9449073428201813,9.585092657179818,30.083987415734388,2024-01
HV0003,B03404,B03404,2024-01-21 16:46:12,2024-01-21 16:47:08,2024-01-21 16:48:57,2024-01-21 16:54:58,237,236,0.95,361,9.13,0.0,0.25,0.81,2.75,0.0,0.0,5.41,N,N,N,N,N,165.0,56.0,109.0,526.0,16,Sunday,Upper East Side South,Manhattan,Upper East Side North,Manhattan,-73.96563449518534,40.76861447337675,-73.957011704106,40.78043571518905,3.073,12.13,9.13,3.0,3.7200000000000006,0.3066776586974444,0.14736842105263157,1.0973684210526315,0.09634894736842103,0.21947368421052632,0.31582263157894735,5.094177368421053,34.86509225535322,2024-01
HV0003,B03404,B03404,2024-01-21 12:29:53,2024-01-21 12:32:19,2024-01-21 12:32:35,2024-01-21 12:47:15,142,164,2.08,880,14.7,0.0,0.4,1.3,2.75,0.0,1.0,11.0,N,N,N,N,N,162.0,146.0,16.0,1042.0,12,Sunday,Lincoln Square East,Manhattan,Midtown South,Manhattan,-73.98153210008745,40.77363265587896,-73.98515619423324,40.74857395489648,3.073,18.85,14.7,3.15,4.699999999999999,0.24933687002652513,0.3450909090909091,2.425090909090909,0.2129229818181818,0.48501818181818185,0.6979411636363637,10.302058836363637,35.59252573023905,2024-01
HV0003,B03404,B03404,2024-01-23 17:48:54,2024-01-23 17:51:44,2024-01-23 17:52:11,2024-01-23 18:19:07,247,212,5.8,1616,22.75,0.0,0.63,2.02,0.0,0.0,0.0,25.81,N,N,N,N,N,197.0,170.0,27.0,1813.0,17,Tuesday,West Concourse,Bronx,Soundview/Bruckner,Bronx,-73.92440974289835,40.82898691319468,-73.86967995832318,40.82790176764516,3.073,23.38,22.75,0.63,-3.0599999999999987,-0.1308810949529512,0.6101485148514851,6.410148514851485,0.5628110396039604,1.2820297029702972,1.8448407425742577,23.96515925742574,47.586637245853645,2024-01
HV0003,B03404,B03404,2024-01-29 16:02:31,2024-01-29 16:02:44,2024-01-29 16:04:45,2024-01-29 16:31:24,244,248,4.24,1599,25.04,0.0,0.69,2.22,0.0,0.0,5.0,20.6,N,N,N,N,N,134.0,13.0,121.0,1733.0,16,Monday,Washington Heights South,Manhattan,West Farms/Bronx River,Bronx,-73.9413990935137,40.84170795917971,-73.87228952703794,40.83416474537906,3.073,30.73,25.04,0.69,9.439999999999998,0.30719166937845743,0.03447154471544716,4.274471544715447,0.37529860162601625,0.8548943089430895,1.2301929105691056,19.369807089430896,40.23733728906591,2024-01
HV0003,B03404,B03404,2024-01-14 15:07:56,2024-01-14 15:10:18,2024-01-14 15:11:18,2024-01-14 15:18:54,67,14,1.65,456,11.56,0.0,0.32,1.03,0.0,0.0,0.0,6.46,N,N,N,N,N,202.0,142.0,60.0,658.0,15,Sunday,Dyker Heights,Brooklyn,Bay Ridge,Brooklyn,-74.0138023583928,40.61961871573094,-74.02989257930119,40.62483341741767,3.073,11.88,11.56,0.32,5.1000000000000005,0.42929292929292934,0.5138157894736842,2.1638157894736842,0.18998302631578948,0.43276315789473685,0.6227461842105263,5.837253815789474,31.936343065109583,2024-01
HV0003,B03404,B03404,2024-01-28 21:25:20,2024-01-28 21:27:09,2024-01-28 21:28:55,2024-01-28 21:44:02,161,114,2.89,907,21.68,0.0,0.6,1.92,2.75,0.0,0.0,12.33,N,N,N,N,N,215.0,109.0,106.0,1122.0,21,Sunday,Midtown Center,Manhattan,Greenwich Village South,Manhattan,-73.97769778229288,40.758027399461895,-73.99737994674842,40.72833985411046,3.073,25.03,21.68,3.35,9.35,0.3735517379145026,0.3473098125689085,3.237309812568909,0.2842358015435502,0.6474619625137819,0.9316977640573321,11.398302235942667,36.57209273564492,2024-01
HV0003,B03404,B03404,2024-01-09 19:37:25,2024-01-09 19:38:15,2024-01-09 19:40:16,2024-01-09 20:03:51,49,113,4.47,1415,32.88,0.0,0.9,2.92,2.75,0.0,0.0,19.17,N,N,N,N,N,171.0,50.0,121.0,1586.0,19,Tuesday,Clinton Hill,Brooklyn,Greenwich Village North,Manhattan,-73.96236330714036,40.68796671165343,-73.99430449266352,40.73257849687629,3.073,36.53,32.88,3.65,13.71,0.37530796605529704,0.15795053003533568,4.627950530035336,0.4063340565371025,0.9255901060070673,1.3319241625441698,17.838075837455833,40.4899577647169,2024-01
HV0003,B03404,B03404,2024-01-06 05:55:55,2024-01-06 06:00:02,2024-01-06 06:02:03,2024-01-06 06:11:09,60,69,1.7,546,8.04,0.0,0.22,0.71,0.0,0.0,0.0,7.36,N,N,N,N,N,368.0,247.0,121.0,914.0,6,Saturday,Crotona Park East,Bronx,East Concourse/Concourse Village,Bronx,-73.88590012794502,40.83398980020464,-73.9150298985607,40.83141570129418,3.073,8.26,8.04,0.22,0.6799999999999988,0.082324455205811,0.769047619047619,2.469047619047619,0.21678238095238095,0.49380952380952386,0.7105919047619048,6.649408095238096,26.190228821506725,2024-01
HV0003,B03404,B03404,2024-01-01 03:50:32,2024-01-01 03:55:13,2024-01-01 03:57:14,2024-01-01 04:15:09,98,198,10.41,1075,28.9,0.0,0.79,2.56,0.0,0.0,4.83,23.79,N,N,N,N,N,402.0,281.0,121.0,1477.0,3,Monday,Fresh Meadows,Queens,Ridgewood,Queens,-73.77725366396734,40.73446184193987,-73.90170912961153,40.706526169337856,3.073,34.519999999999996,28.9,0.79,9.939999999999998,0.28794901506373116,2.721125581395349,13.131125581395349,1.1529128260465116,2.6262251162790697,3.7791379423255815,20.010862057674416,48.77393595641699,2024-01
HV0003,B03404,B03404,2024-01-06 02:17:49,2024-01-06 02:19:47,2024-01-06 02:20:38,2024-01-06 02:25:42,129,129,1.37,304,8.91,0.0,0.25,0.79,0.0,0.0,0.0,5.62,N,N,N,N,N,169.0,118.0,51.0,473.0,2,Saturday,Jackson Heights,Queens,Jackson Heights,Queens,-73.88531716686686,40.7573109858269,-73.88531716686686,40.7573109858269,3.073,9.16,8.91,0.25,3.29,0.35917030567685587,0.5317763157894737,1.9017763157894738,0.1669759605263158,0.3803552631578948,0.5473312236842106,5.07266877631579,38.608049883164576,2024-01
HV0003,B03404,B03404,2024-01-12 22:06:34,2024-01-12 22:07:08,2024-01-12 22:07:44,2024-01-12 22:21:12,114,170,1.84,808,15.44,0.0,0.42,1.37,2.75,0.0,0.0,10.23,N,N,N,N,N,70.0,34.0,36.0,878.0,22,Friday,Greenwich Village South,Manhattan,Murray Hill,Manhattan,-73.99737994674842,40.72833985411046,-73.97849134130094,40.74774513853527,3.073,18.61,15.44,3.17,5.209999999999999,0.27995701235894677,0.07742574257425744,1.9174257425742576,0.1683499801980198,0.38348514851485155,0.5518351287128713,9.678164871287128,39.68268056564199,2024-01
HV0003,B03404,B03404,2024-01-05 01:25:16,2024-01-05 01:26:52,2024-01-05 01:28:40,2024-01-05 01:43:37,107,65,3.04,897,20.81,0.0,0.57,1.85,2.75,0.0,0.0,13.47,N,N,N,N,N,204.0,96.0,108.0,1101.0,1,Friday,Gramercy,Manhattan,Downtown Brooklyn/MetroTech,Brooklyn,-73.98405192785955,40.73682342425488,-73.98608580922685,40.69533700725102,3.073,24.13,20.81,3.32,7.339999999999998,0.3041856610029009,0.3253511705685619,3.365351170568562,0.2954778327759197,0.6730702341137125,0.9685480668896322,12.501451933110369,40.87668207011565,2024-01
HV0003,B03404,B03404,2024-01-31 13:46:28,2024-01-31 13:48:06,2024-01-31 13:49:42,2024-01-31 14:00:08,42,168,1.76,626,11.58,0.0,0.32,1.03,0.0,0.0,0.0,8.19,N,N,N,N,N,194.0,98.0,96.0,820.0,13,Wednesday,Central Harlem North,Manhattan,Mott Haven/Port Morris,Bronx,-73.9407718835631,40.81825672430646,-73.91682135545611,40.80734651795231,3.073,11.9,11.58,0.32,3.3900000000000006,0.284873949579832,0.27552715654952076,2.035527156549521,0.17871928434504794,0.40710543130990423,0.5858247156549522,7.604175284345048,33.38418417517338,2024-01
HV0003,B03404,B03404,2024-01-04 17:54:04,2024-01-04 17:54:36,2024-01-04 17:55:44,2024-01-04 18:05:20,90,114,1.07,576,34.2,0.0,0.94,3.04,2.75,0.0,0.0,20.88,N,N,N,N,N,100.0,32.0,68.0,676.0,17,Thursday,Flatiron,Manhattan,Greenwich Village South,Manhattan,-73.9969712245153,40.742278038328486,-73.99737994674842,40.72833985411046,3.073,37.89,34.2,3.69,13.320000000000004,0.3515439429928742,0.059444444444444446,1.1294444444444445,0.09916522222222221,0.22588888888888892,0.32505411111111115,20.554945888888888,109.46420887573964,2024-01
HV0003,B03404,B03404,2024-01-13 09:59:55,2024-01-13 10:00:44,2024-01-13 10:00:55,2024-01-13 10:11:28,260,129,1.68,633,9.84,0.0,0.27,0.87,0.0,0.0,3.0,8.16,N,N,N,N,N,60.0,49.0,11.0,693.0,10,Saturday,Woodside,Queens,Jackson Heights,Queens,-73.90630705433507,40.74423288564698,-73.88531716686686,40.7573109858269,3.073,13.11,9.84,0.27,4.68,0.35697940503432496,0.1300473933649289,1.8100473933649288,0.15892216113744076,0.3620094786729858,0.5209316398104266,7.639068360189573,39.68347200098479,2024-01
HV0003,B03404,B03404,2024-01-01 12:18:28,2024-01-01 12:23:26,2024-01-01 12:23:47,2024-01-01 12:34:33,188,181,2.64,646,13.39,0.0,0.37,1.19,0.0,0.0,0.0,9.54,N,N,N,N,N,319.0,298.0,21.0,965.0,12,Monday,Prospect-Lefferts Gardens,Brooklyn,Park Slope,Brooklyn,-73.94744189565975,40.65874424163321,-73.98141426627474,40.67037356101699,3.073,13.76,13.39,0.37,3.8500000000000014,0.2797965116279071,1.2178328173374613,3.8578328173374614,0.3387177213622291,0.7715665634674923,1.1102842848297214,8.429715715170278,31.44764411876995,2024-01
HV0003,B03404,B03404,2024-01-20 20:40:40,2024-01-20 20:42:32,2024-01-20 20:44:13,2024-01-20 21:03:51,224,249,2.0,1178,17.23,0.0,0.47,1.53,2.75,0.0,0.0,13.7,N,N,N,N,N,213.0,112.0,101.0,1391.0,20,Saturday,Stuy Town/Peter Cooper Village,Manhattan,West Village,Manhattan,-73.97659739896895,40.73182002928329,-74.00287478437944,40.73457538224023,3.073,20.45,17.23,3.2199999999999998,3.530000000000001,0.17261613691931546,0.19015280135823429,2.1901528013582343,0.19229541595925298,0.4380305602716469,0.6303259762308999,13.0696740237691,33.825180794801405,2024-01
HV0003,B03404,B03404,2024-01-31 11:21:32,2024-01-31 11:23:00,2024-01-31 11:24:42,2024-01-31 11:29:56,17,49,0.99,314,8.79,0.0,0.24,0.78,0.0,0.0,0.0,5.39,N,N,N,N,N,190.0,88.0,102.0,504.0,11,Wednesday,Bedford,Brooklyn,Clinton Hill,Brooklyn,-73.94990474718477,40.69150649558427,-73.96236330714036,40.68796671165343,3.073,9.03,8.79,0.24,3.3999999999999995,0.37652270210409744,0.27745222929936303,1.267452229299363,0.11128230573248407,0.2534904458598726,0.36477275159235667,5.025227248407643,35.894480345768876,2024-01
HV0003,B03404,B03404,2024-01-21 00:41:00,2024-01-21 00:45:48,2024-01-21 00:45:57,2024-01-21 00:54:08,37,36,1.76,491,11.02,0.0,0.3,0.98,0.0,0.0,1.0,10.09,Y,N,N,N,N,297.0,288.0,9.0,788.0,0,Sunday,Bushwick South,Brooklyn,Bushwick North,Brooklyn,-73.9222368522579,40.694993402702586,-73.9177095234613,40.700521468719735,3.073,12.32,11.02,0.3,1.9299999999999997,0.15665584415584413,1.0323421588594706,2.7923421588594706,0.24516764154786153,0.5584684317718941,0.8036360733197556,9.286363926680245,42.425012863006195,2024-01
HV0003,B03404,B03404,2024-01-30 20:14:07,2024-01-30 20:17:40,2024-01-30 20:18:46,2024-01-30 20:23:09,41,74,0.89,263,8.94,0.0,0.25,0.79,0.0,0.0,0.0,5.39,N,N,N,N,N,279.0,213.0,66.0,542.0,20,Tuesday,Central Harlem,Manhattan,East Harlem North,Manhattan,-73.95129182852196,40.804333323455445,-73.93734546230694,40.80116855904873,3.073,9.19,8.94,0.25,3.55,0.3862894450489663,0.7207984790874525,1.6107984790874526,0.14142810646387832,0.32215969581749054,0.46358780228136887,4.926412197718631,32.72155703281747,2024-01
HV0003,B03404,B03404,2024-01-13 21:48:44,2024-01-13 21:52:38,2024-01-13 21:54:40,2024-01-13 22:08:17,148,65,2.62,817,12.32,0.0,0.34,1.09,2.75,0.0,0.0,11.12,N,N,N,N,N,356.0,234.0,122.0,1173.0,21,Saturday,Lower East Side,Manhattan,Downtown Brooklyn/MetroTech,Brooklyn,-73.99089618330311,40.71893779448139,-73.98608580922685,40.69533700725102,3.073,15.41,12.32,3.09,1.200000000000001,0.0778715120051915,0.7504039167686659,3.370403916768666,0.29592146389228885,0.6740807833537332,0.9700022472460221,10.149997752753977,31.150888243746223,2024-01
HV0003,B03404,B03404,2024-01-14 14:22:34,2024-01-14 14:25:03,2024-01-14 14:25:20,2024-01-14 14:29:26,37,37,0.55,246,8.87,0.0,0.24,0.79,0.0,0.0,0.0,5.39,N,N,Y,N,N,166.0,149.0,17.0,412.0,14,Sunday,Bushwick South,Brooklyn,Bushwick South,Brooklyn,-73.9222368522579,40.694993402702586,-73.9222368522579,40.694993402702586,3.073,9.11,8.87,0.24,3.4799999999999995,0.3819978046103183,0.33313008130081306,0.8831300813008132,0.0775388211382114,0.17662601626016264,0.25416483739837403,5.135835162601626,44.87622957613071,2024-01
HV0003,B03404,B03404,2024-01-26 18:23:32,2024-01-26 18:26:43,2024-01-26 18:27:31,2024-01-26 18:57:32,171,38,7.37,1801,29.55,0.0,0.81,2.62,0.0,0.0,0.0,26.61,N,N,N,N,N,239.0,191.0,48.0,2040.0,18,Friday,Murray Hill-Queens,Queens,Cambria Heights,Queens,-73.80954545137605,40.768350879648686,-73.73555440389367,40.69434042166916,3.073,30.36,29.55,0.81,2.9400000000000013,0.09683794466403166,0.7816046640755137,8.151604664075514,0.7157108895058301,1.6303209328151027,2.3460318223209327,24.263968177679068,42.81876737237483,2024-01
HV0003,B03404,B03404,2024-01-25 18:52:27,2024-01-25 18:57:34,2024-01-25 18:59:36,2024-01-25 19:15:13,230,170,1.36,937,17.68,0.0,0.49,1.57,0.75,0.0,0.0,10.6,Y,N,N,N,N,429.0,307.0,122.0,1366.0,18,Thursday,Times Sq/Theatre District,Manhattan,Murray Hill,Manhattan,-73.98419629996178,40.7598170009371,-73.97849134130094,40.74774513853527,3.073,18.919999999999998,17.68,1.24,7.08,0.37420718816067655,0.4455923159018143,1.8055923159018143,0.15853100533617928,0.3611184631803629,0.5196494685165421,10.080350531483457,26.566077535388324,2024-01
HV0003,B03404,B03404,2024-01-20 04:24:12,2024-01-20 04:28:39,2024-01-20 04:29:30,2024-01-20 04:38:37,242,212,1.58,547,8.88,0.0,0.24,0.79,0.0,0.0,0.0,7.22,Y,N,N,N,N,318.0,267.0,51.0,865.0,4,Saturday,Van Nest/Morris Park,Bronx,Soundview/Bruckner,Bronx,-73.85067119492659,40.84678260105803,-73.86967995832318,40.82790176764516,3.073,9.120000000000001,8.88,0.24,1.660000000000001,0.18201754385964922,0.7712248628884826,2.3512248628884826,0.20643754296160877,0.47024497257769654,0.6766825155393053,6.543317484460695,27.23230398157052,2024-01
HV0003,B03404,B03404,2024-01-17 20:43:09,2024-01-17 20:44:03,2024-01-17 20:45:02,2024-01-17 20:53:26,246,68,1.83,504,25.55,0.0,0.7,2.27,2.75,0.0,0.0,15.27,N,N,N,N,N,113.0,54.0,59.0,617.0,20,Wednesday,West Chelsea/Hudson Yards,Manhattan,East Chelsea,Manhattan,-74.00401522931482,40.75330822391948,-73.99991751678058,40.748426777755405,3.073,29.0,25.55,3.45,10.280000000000001,0.3544827586206897,0.19607142857142856,2.0260714285714285,0.1778890714285714,0.40521428571428575,0.5831033571428572,14.686896642857143,85.69340018522806,2024-01
HV0003,B03404,B03404,2024-01-06 07:30:57,2024-01-06 07:32:15,2024-01-06 07:34:15,2024-01-06 07:50:22,18,116,4.77,967,19.47,0.0,0.54,1.73,0.0,0.0,0.0,15.36,N,N,N,N,N,198.0,78.0,120.0,1165.0,7,Saturday,Bedford Park,Bronx,Hamilton Heights,Manhattan,-73.890183667512,40.86768169710327,-73.94852161825773,40.82701211556071,3.073,20.009999999999998,19.47,0.54,4.109999999999999,0.20539730134932532,0.38475698035160283,5.1547569803516025,0.4525876628748707,1.0309513960703205,1.4835390589451911,13.876460941054809,42.880050976650054,2024-01
HV0003,B03404,B03404,2024-01-01 20:05:58,2024-01-01 20:06:04,2024-01-01 20:08:05,2024-01-01 20:17:51,224,114,1.49,586,11.57,0.0,0.32,1.03,2.75,0.0,0.0,8.66,N,N,N,N,N,127.0,6.0,121.0,713.0,20,Monday,Stuy Town/Peter Cooper Village,Manhattan,Greenwich Village South,Manhattan,-73.97659739896895,40.73182002928329,-73.99737994674842,40.72833985411046,3.073,14.64,11.57,3.07,2.91,0.1987704918032787,0.015255972696245733,1.5052559726962458,0.13216147440273038,0.30105119453924917,0.4332126689419795,8.22678733105802,41.537776145594485,2024-01
HV0003,B03404,B03404,2024-01-30 18:17:42,2024-01-30 18:18:33,2024-01-30 18:20:34,2024-01-30 18:35:00,28,134,1.75,866,13.6,0.0,0.37,1.21,0.0,0.0,0.0,11.44,N,N,N,N,N,172.0,51.0,121.0,1038.0,18,Tuesday,Briarwood/Jamaica Hills,Queens,Kew Gardens,Queens,-73.80872941622545,40.71159574889735,-73.82871255016717,40.70805026272772,3.073,13.969999999999999,13.6,0.37,2.16,0.1546170365068003,0.10306004618937645,1.8530600461893765,0.16269867205542726,0.3706120092378753,0.5333106812933026,10.906689318706697,37.82666815736427,2024-01
HV0003,B03404,B03404,2024-01-11 09:17:20,2024-01-11 09:19:32,2024-01-11 09:21:33,2024-01-11 09:39:53,130,121,2.13,1100,21.65,0.0,0.6,1.92,0.0,0.0,0.0,13.15,N,N,N,N,N,253.0,132.0,121.0,1353.0,9,Thursday,Jamaica,Queens,Hillcrest/Pomonok,Queens,-73.79398135276409,40.70436829225682,-73.80244406680485,40.72833215927266,3.073,22.25,21.65,0.6,8.499999999999998,0.3820224719101123,0.2556,2.3855999999999997,0.20945568,0.47712,0.68657568,12.46342432,33.16210462084257,2024-01
HV0003,B03404,B03404,2024-01-31 10:44:41,2024-01-31 10:46:59,2024-01-31 10:47:25,2024-01-31 11:05:04,75,224,5.08,1059,48.78,0.0,1.34,4.33,2.75,0.0,0.0,26.78,N,N,N,N,N,164.0,138.0,26.0,1223.0,10,Wednesday,East Harlem South,Manhattan,Stuy Town/Peter Cooper Village,Manhattan,-73.94575002008068,40.79001009948004,-73.97659739896895,40.73182002928329,3.073,52.870000000000005,48.78,4.09,22.0,0.41611499905428406,0.6619830028328612,5.741983002832861,0.5041461076487253,1.1483966005665722,1.6525427082152975,25.127457291784705,73.96471484090347,2024-01
HV0003,B03404,B03404,2024-01-16 07:10:22,2024-01-16 07:20:22,2024-01-16 07:21:36,2024-01-16 07:50:45,139,28,4.93,1749,31.2,0.0,0.86,2.77,0.0,0.0,0.0,26.17,N,N,N,N,N,674.0,600.0,74.0,2423.0,7,Tuesday,Laurelton,Queens,Briarwood/Jamaica Hills,Queens,-73.74423510970438,40.67709672027596,-73.80872941622545,40.71159574889735,3.073,32.06,31.2,0.86,5.029999999999998,0.15689332501559566,1.6912521440823325,6.621252144082332,0.5813459382504287,1.3242504288164665,1.9055963670668952,24.264403632933107,36.051115591646386,2024-01
HV0003,B03404,B03404,2024-01-24 12:33:22,2024-01-24 12:39:47,2024-01-24 12:40:25,2024-01-24 13:03:15,256,37,1.82,1370,16.05,0.0,0.44,1.42,0.0,0.0,0.0,16.27,N,N,N,N,N,423.0,385.0,38.0,1793.0,12,Wednesday,Williamsburg (South Side),Brooklyn,Bushwick South,Brooklyn,-73.95990445316505,40.71087946812129,-73.9222368522579,40.694993402702586,3.073,16.490000000000002,16.05,0.44,-0.21999999999999886,-0.013341419041843472,0.5114598540145986,2.3314598540145988,0.20470217518248177,0.4662919708029198,0.6709941459854015,15.599005854014598,31.3198109729239,2024-01
HV0003,B03404,B03404,2024-01-17 15:31:13,2024-01-17 15:33:42,2024-01-17 15:34:07,2024-01-17 15:45:26,256,17,1.0,679,14.32,0.0,0.39,1.27,0.0,0.0,0.0,7.69,N,N,N,N,N,174.0,149.0,25.0,853.0,15,Wednesday,Williamsburg (South Side),Brooklyn,Bedford,Brooklyn,-73.95990445316505,40.71087946812129,-73.94990474718477,40.69150649558427,3.073,14.71,14.32,0.39,6.63,0.4507138001359619,0.21944035346097202,1.2194403534609721,0.10706686303387336,0.24388807069219443,0.3509549337260678,7.339045066273933,30.973695473137347,2024-01
HV0003,B03404,B03404,2024-01-21 13:27:28,2024-01-21 13:28:54,2024-01-21 13:29:51,2024-01-21 13:42:43,82,129,1.62,772,11.6,0.0,0.32,1.03,0.0,0.0,0.0,9.39,N,N,N,N,N,143.0,86.0,57.0,915.0,13,Sunday,Elmhurst,Queens,Jackson Heights,Queens,-73.8771182418676,40.73949455225884,-73.88531716686686,40.7573109858269,3.073,11.92,11.6,0.32,2.209999999999999,0.1854026845637583,0.18046632124352333,1.8004663212435235,0.15808094300518136,0.3600932642487047,0.5181742072538861,8.871825792746115,34.90554410260767,2024-01
HV0003,B03404,B03404,2024-01-01 02:34:06,2024-01-01 02:40:43,2024-01-01 02:41:05,2024-01-01 03:09:16,258,247,15.92,1691,62.03,6.94,1.9,6.12,0.0,0.0,0.0,40.21,N,N,N,N,N,419.0,397.0,22.0,2110.0,2,Monday,Woodhaven,Queens,West Concourse,Bronx,-73.85576684520184,40.68872054521105,-73.92440974289835,40.82898691319468,3.073,70.87,62.03,8.84,21.82,0.3078876816706646,3.7375753991720875,19.65757539917209,1.7259351200473094,3.931515079834418,5.657450199881727,34.55254980011827,58.952217668448235,2024-01
HV0003,B03404,B03404,2024-01-10 05:17:46,2024-01-10 05:19:26,2024-01-10 05:19:30,2024-01-10 05:37:08,7,186,5.5,1058,26.19,0.0,0.72,2.32,2.75,0.0,0.0,17.17,N,N,N,N,N,104.0,100.0,4.0,1162.0,5,Wednesday,Astoria,Queens,Penn Station/Madison Sq West,Manhattan,-73.91969416440043,40.761491926149866,-73.99243728054387,40.7484965983886,3.073,29.66,26.19,3.4699999999999998,9.02,0.30411328388401887,0.5198487712665406,6.019848771266541,0.5285427221172022,1.2039697542533083,1.7325124763705104,15.43748752362949,47.826983722087924,2024-01
HV0003,B03404,B03404,2024-01-31 09:13:03,2024-01-31 09:16:09,2024-01-31 09:16:16,2024-01-31 09:46:50,37,97,3.05,1834,21.69,0.0,0.6,1.92,0.0,0.0,0.0,21.25,N,N,N,N,N,193.0,186.0,7.0,2027.0,9,Wednesday,Bushwick South,Brooklyn,Fort Greene,Brooklyn,-73.9222368522579,40.694993402702586,-73.97488192727519,40.69078610719341,3.073,22.290000000000003,21.69,0.6,0.4400000000000013,0.01973979362943029,0.3093238822246456,3.359323882224645,0.2949486368593238,0.671864776444929,0.9668134133042529,20.28318658669575,36.023419690234185,2024-01
HV0003,B03404,B03404,2024-01-06 20:14:20,2024-01-06 20:15:51,2024-01-06 20:16:52,2024-01-06 20:34:33,148,249,1.9,1061,29.26,0.0,0.8,2.6,2.75,0.0,0.0,20.26,N,N,N,N,N,152.0,91.0,61.0,1213.0,20,Saturday,Lower East Side,Manhattan,West Village,Manhattan,-73.99089618330311,40.71893779448139,-74.00287478437944,40.73457538224023,3.073,32.81,29.26,3.55,9.0,0.27430661383724475,0.16295947219604145,2.0629594721960416,0.18112784165881246,0.41259189443920835,0.5937197360980209,19.66628026390198,58.366536644721464,2024-01
HV0003,B03404,B03404,2024-01-27 02:50:31,2024-01-27 02:58:06,2024-01-27 02:59:30,2024-01-27 03:10:14,249,224,1.75,644,10.25,0.0,0.28,0.91,2.75,0.0,0.0,9.35,N,N,N,N,N,539.0,455.0,84.0,1183.0,2,Saturday,West Village,Manhattan,Stuy Town/Peter Cooper Village,Manhattan,-74.00287478437944,40.73457538224023,-73.97659739896895,40.73182002928329,3.073,13.28,10.25,3.0300000000000002,0.9000000000000004,0.06777108433734942,1.236413043478261,2.9864130434782608,0.2622070652173913,0.5972826086956522,0.8594896739130435,8.490510326086955,25.837563122496228,2024-01
HV0003,B03404,B03404,2024-01-27 19:33:23,2024-01-27 19:38:53,2024-01-27 19:39:15,2024-01-27 19:44:16,238,239,0.62,301,8.23,0.0,0.23,0.73,2.75,0.0,3.0,5.39,N,N,N,N,N,352.0,330.0,22.0,653.0,19,Saturday,Upper West Side North,Manhattan,Upper West Side South,Manhattan,-73.97304858188282,40.79170437688446,-73.97863166507607,40.783960878966745,3.073,14.21,8.23,2.98,5.840000000000001,0.4109781843771992,0.679734219269103,1.299734219269103,0.11411666445182723,0.2599468438538206,0.37406350830564783,5.015936491694352,27.65294237381266,2024-01
HV0003,B03404,B03404,2024-01-20 20:18:49,2024-01-20 20:19:51,2024-01-20 20:21:17,2024-01-20 20:30:47,148,65,1.96,570,17.22,0.0,0.47,1.53,2.75,0.0,0.0,10.19,N,N,N,N,N,148.0,62.0,86.0,718.0,20,Saturday,Lower East Side,Manhattan,Downtown Brooklyn/MetroTech,Brooklyn,-73.99089618330311,40.71893779448139,-73.98608580922685,40.69533700725102,3.073,20.439999999999998,17.22,3.2199999999999998,7.029999999999999,0.3439334637964775,0.21319298245614035,2.1731929824561402,0.1908063438596491,0.43463859649122805,0.6254449403508772,9.564555059649122,47.95598637149977,2024-01
HV0003,B03404,B03404,2024-01-07 01:22:53,2024-01-07 01:24:24,2024-01-07 01:25:44,2024-01-07 01:45:35,260,198,4.21,1191,18.75,0.0,0.52,1.66,0.0,0.0,0.0,16.73,N,N,N,N,N,171.0,91.0,80.0,1362.0,1,Sunday,Woodside,Queens,Ridgewood,Queens,-73.90630705433507,40.74423288564698,-73.90170912961153,40.706526169337856,3.073,19.27,18.75,0.52,2.0199999999999996,0.10482615464452515,0.32167086481947943,4.531670864819479,0.3978807019311503,0.9063341729638958,1.3042148748950462,15.425785125104955,40.77300033067389,2024-01
HV0003,B03404,B03404,2024-01-23 09:20:15,2024-01-23 09:25:24,2024-01-23 09:25:24,2024-01-23 09:59:21,127,246,10.26,2037,40.53,0.0,1.11,3.6,2.75,0.0,0.0,32.63,N,N,N,N,N,309.0,309.0,0.0,2346.0,9,Tuesday,Inwood,Manhattan,West Chelsea/Hudson Yards,Manhattan,-73.91930824408637,40.86607442573871,-74.00401522931482,40.75330822391948,3.073,44.39,40.53,3.8600000000000003,7.899999999999999,0.1779680108132462,1.5563770250368187,11.816377025036818,1.0374779027982326,2.363275405007364,3.4007533078055965,29.229246692194405,44.853063977791926,2024-01
HV0003,B03404,B03404,2024-01-07 00:43:15,2024-01-07 00:47:21,2024-01-07 00:48:10,2024-01-07 01:18:14,187,89,14.2,1804,38.48,0.0,1.06,3.42,0.0,0.0,0.0,36.7,N,N,N,N,N,295.0,246.0,49.0,2099.0,0,Sunday,Port Richmond,Staten Island,Flatbush/Ditmas Park,Brooklyn,-74.1407887613835,40.62816579457658,-73.96096812758745,40.637899248043546,3.073,39.54,38.48,1.06,1.779999999999994,0.0450177035912998,1.936363636363636,16.136363636363637,1.4167727272727273,3.2272727272727275,4.644045454545455,32.05595454545455,54.97924552817359,2024-01
HV0003,B03404,B03404,2024-01-27 10:30:16,2024-01-27 10:31:30,2024-01-27 10:33:30,2024-01-27 10:51:45,223,75,5.86,1095,22.91,6.94,0.82,2.65,0.0,0.0,0.0,18.0,N,N,N,N,N,194.0,74.0,120.0,1289.0,10,Saturday,Steinway,Queens,East Harlem South,Manhattan,-73.90540723993595,40.77742599740797,-73.94575002008068,40.79001009948004,3.073,30.67,22.91,7.760000000000001,4.91,0.16009129442451908,0.3960182648401827,6.256018264840183,0.5492784036529681,1.2512036529680366,1.8004820566210047,16.199517943378996,45.24302916692349,2024-01
HV0003,B03404,B03404,2024-01-26 23:48:14,2024-01-26 23:51:36,2024-01-26 23:53:37,2024-01-27 00:09:52,80,225,1.38,975,15.49,0.0,0.43,1.37,0.0,0.0,0.0,10.98,N,N,N,N,N,323.0,202.0,121.0,1298.0,23,Friday,East Williamsburg,Brooklyn,Stuyvesant Heights,Brooklyn,-73.93679348509205,40.71536904490185,-73.93188774325893,40.68816752944304,3.073,15.92,15.49,0.43,4.51,0.2832914572864321,0.28590769230769225,1.665907692307692,0.14626669538461537,0.3331815384615384,0.47944823384615376,10.500551766153846,29.123256054047644,2024-01
HV0003,B03404,B03404,2024-01-04 13:24:04,2024-01-04 13:24:24,2024-01-04 13:25:14,2024-01-04 13:36:37,146,7,1.22,683,11.57,0.0,0.32,1.03,0.0,0.0,0.0,8.02,N,N,N,N,N,70.0,20.0,50.0,753.0,13,Thursday,Long Island City/Queens Plaza,Queens,Astoria,Queens,-73.93482872612303,40.754241860637634,-73.91969416440043,40.761491926149866,3.073,11.89,11.57,0.32,3.5500000000000007,0.2985702270815812,0.03572474377745242,1.2557247437774524,0.11025263250366032,0.2511449487554905,0.3613975812591508,7.658602418740848,36.61483228083274,2024-01
HV0003,B03404,B03404,2024-01-25 08:55:50,2024-01-25 09:04:27,2024-01-25 09:04:40,2024-01-25 09:14:12,142,161,1.01,572,10.92,0.0,0.3,0.97,2.75,0.0,0.0,6.7,N,N,N,N,N,530.0,517.0,13.0,1102.0,9,Thursday,Lincoln Square East,Manhattan,Midtown Center,Manhattan,-73.98153210008745,40.77363265587896,-73.97769778229288,40.758027399461895,3.073,13.97,10.92,3.05,4.22,0.30207587687902643,0.9128846153846154,1.9228846153846155,0.16882926923076924,0.38457692307692315,0.5534061923076924,6.146593807692308,20.07961679463912,2024-01
HV0003,B03404,B03404,2024-01-13 22:33:12,2024-01-13 22:42:10,2024-01-13 22:43:44,2024-01-13 22:55:08,35,225,2.17,684,13.06,0.0,0.36,1.16,0.0,0.0,0.0,9.57,Y,N,N,N,N,632.0,538.0,94.0,1316.0,22,Saturday,Brownsville,Brooklyn,Stuyvesant Heights,Brooklyn,-73.91025783392547,40.66400239681814,-73.93188774325893,40.68816752944304,3.073,13.42,13.06,0.36,3.49,0.2600596125186289,1.706812865497076,3.876812865497076,0.34038416959064327,0.7753625730994153,1.1157467426900585,8.454253257309942,23.127136570148775,2024-01
HV0003,B03404,B03404,2024-01-23 22:33:15,2024-01-23 22:50:52,2024-01-23 22:51:22,2024-01-23 23:29:18,163,17,7.21,2276,27.97,0.0,0.77,2.48,0.75,0.0,0.0,30.86,Y,N,N,N,N,1087.0,1057.0,30.0,3363.0,22,Tuesday,Midtown North,Manhattan,Bedford,Brooklyn,-73.97756832086549,40.764420870266285,-73.94990474718477,40.69150649558427,3.073,29.49,27.97,1.52,-2.8900000000000006,-0.09799932180400138,3.3484050966608083,10.558405096660808,0.9270279674868188,2.1116810193321616,3.0387089868189805,27.821291013181018,29.781935072093862,2024-01
HV0003,B03404,B03404,2024-01-17 15:10:00,2024-01-17 14:49:03,2024-01-17 14:51:04,2024-01-17 15:23:50,45,89,5.06,1966,33.29,0.0,0.92,2.95,2.75,0.0,0.0,25.14,N,N,N,N,N,-1136.0,-1257.0,121.0,830.0,14,Wednesday,Chinatown,Manhattan,Flatbush/Ditmas Park,Brooklyn,-73.99815128380202,40.71245880657525,-73.96096812758745,40.637899248043546,3.073,36.96,33.29,3.67,8.149999999999999,0.22050865800865796,-3.2352085452695825,1.8247914547304172,0.16021668972533062,0.36495829094608345,0.5251749806714141,24.614825019328585,106.76309646937699,2024-01
HV0003,B03404,B03404,2024-01-05 19:26:00,2024-01-05 19:31:39,2024-01-05 19:32:26,2024-01-05 19:51:43,226,129,3.04,1157,17.0,0.0,0.47,1.51,0.0,0.0,0.0,15.1,N,N,N,N,N,386.0,339.0,47.0,1543.0,19,Friday,Sunnyside,Queens,Jackson Heights,Queens,-73.92467262943985,40.73769725609221,-73.88531716686686,40.7573109858269,3.073,17.47,17.0,0.47,1.9000000000000004,0.10875787063537495,0.8907173725151254,3.9307173725151254,0.345116985306828,0.7861434745030251,1.131260459809853,13.968739540190146,32.59070793563482,2024-01
HV0003,B03404,B03404,2024-01-02 17:17:31,2024-01-02 17:23:09,2024-01-02 17:23:55,2024-01-02 17:32:02,165,91,1.03,487,8.95,0.0,0.25,0.79,0.0,0.0,2.0,5.93,N,N,N,N,N,384.0,338.0,46.0,871.0,17,Tuesday,Midwood,Brooklyn,Flatlands,Brooklyn,-73.95682451037044,40.620923471324446,-73.93009732098176,40.62627204277785,3.073,11.2,8.95,0.25,5.02,0.44821428571428573,0.7148665297741272,1.7448665297741273,0.15319928131416835,0.34897330595482545,0.5021725872689938,5.4278274127310056,22.43418907672976,2024-01
HV0003,B03404,B03404,2024-01-11 15:34:08,2024-01-11 15:38:01,2024-01-11 15:38:48,2024-01-11 16:05:40,155,77,4.01,1612,20.01,0.0,0.55,1.78,0.0,0.0,0.0,20.42,N,N,N,N,N,280.0,233.0,47.0,1892.0,15,Thursday,Marine Park/Mill Basin,Brooklyn,East New York/Pennsylvania Avenue,Brooklyn,-73.91527748073477,40.614590889869376,-73.89536398494168,40.666558142144005,3.073,20.560000000000002,20.01,0.55,-0.41000000000000014,-0.01994163424124514,0.5796091811414392,4.589609181141439,0.40296768610421835,0.9179218362282878,1.3208895223325061,19.099110477667494,36.34080217738001,2024-01
HV0003,B03404,B03404,2024-01-19 04:39:49,2024-01-19 04:43:39,2024-01-19 04:43:42,2024-01-19 04:59:19,112,140,4.45,937,23.44,0.0,0.64,2.08,2.75,0.0,0.0,14.66,N,N,N,N,N,233.0,230.0,3.0,1170.0,4,Friday,Greenpoint,Brooklyn,Lenox Hill East,Manhattan,-73.94953985600077,40.72950555799535,-73.9547388423982,40.76548333944988,3.073,26.830000000000002,23.44,3.39,8.780000000000001,0.3272456205739844,1.092315901814301,5.542315901814301,0.48661533617929564,1.1084631803628602,1.5950785165421557,13.064921483457844,40.19975841063952,2024-01
HV0003,B03404,B03404,2024-01-12 07:23:04,2024-01-12 07:26:51,2024-01-12 07:26:54,2024-01-12 07:35:32,37,37,1.25,518,9.84,0.0,0.27,0.87,0.0,0.0,0.0,6.51,N,N,N,N,N,230.0,227.0,3.0,748.0,7,Friday,Bushwick South,Brooklyn,Bushwick South,Brooklyn,-73.9222368522579,40.694993402702586,-73.9222368522579,40.694993402702586,3.073,10.11,9.84,0.27,3.33,0.3293768545994066,0.5477799227799228,1.797779922779923,0.15784507722007723,0.3595559845559846,0.5174010617760618,5.992598938223938,28.84138526417938,2024-01
HV0003,B03404,B03404,2024-01-31 05:57:42,2024-01-31 06:01:08,2024-01-31 06:02:31,2024-01-31 06:08:26,129,129,0.86,355,8.86,0.0,0.24,0.79,0.0,0.0,3.0,6.39,N,N,N,N,N,289.0,206.0,83.0,644.0,6,Wednesday,Jackson Heights,Queens,Jackson Heights,Queens,-73.88531716686686,40.7573109858269,-73.88531716686686,40.7573109858269,3.073,12.1,8.86,0.24,5.47,0.45206611570247934,0.49904225352112674,1.3590422535211268,0.11932390985915493,0.2718084507042254,0.3911323605633803,5.99886763943662,33.534042704925206,2024-01
HV0003,B03404,B03404,2024-01-20 22:22:20,2024-01-20 22:25:14,2024-01-20 22:27:15,2024-01-20 22:35:44,50,48,1.33,509,10.28,0.0,0.28,0.91,2.75,0.0,0.0,9.05,N,N,N,N,N,295.0,174.0,121.0,804.0,22,Saturday,Clinton West,Manhattan,Clinton East,Manhattan,-73.99513507723576,40.76623709408489,-73.98984463380468,40.762252049908085,3.073,13.309999999999999,10.28,3.0300000000000002,1.2299999999999986,0.09241172051089397,0.4546561886051081,1.7846561886051082,0.1566928133595285,0.35693123772102164,0.5136240510805501,8.536375948919451,38.222578875758735,2024-01
HV0003,B03404,B03404,2024-01-31 08:44:39,2024-01-31 08:49:19,2024-01-31 08:50:51,2024-01-31 09:02:23,61,189,1.67,692,16.99,0.0,0.47,1.51,0.0,0.0,0.0,8.69,N,N,N,N,N,372.0,280.0,92.0,1064.0,8,Wednesday,Crown Heights North,Brooklyn,Prospect Heights,Brooklyn,-73.93928693646026,40.67446920571126,-73.96758660822772,40.67763488015176,3.073,17.459999999999997,16.99,0.47,8.299999999999999,0.47537227949599087,0.6757225433526012,2.345722543352601,0.20595443930635837,0.4691445086705202,0.6750989479768785,8.01490105202312,27.118086266243637,2024-01
HV0003,B03404,B03404,2024-01-02 09:55:02,2024-01-02 09:57:07,2024-01-02 09:58:45,2024-01-02 10:10:26,238,237,2.28,701,16.32,0.0,0.45,1.45,2.75,0.0,0.0,9.59,N,N,N,N,N,223.0,125.0,98.0,924.0,9,Tuesday,Upper West Side North,Manhattan,Upper East Side South,Manhattan,-73.97304858188282,40.79170437688446,-73.96563449518534,40.76861447337675,3.073,19.52,16.32,3.2,6.73,0.34477459016393447,0.40656205420827385,2.6865620542082738,0.23588014835948642,0.5373124108416548,0.7731925592011413,8.816807440798858,34.35119782129425,2024-01
HV0003,B03404,B03404,2024-01-05 16:40:50,2024-01-05 16:44:15,2024-01-05 16:45:02,2024-01-05 17:06:00,33,97,1.81,1258,17.01,0.0,0.47,1.51,0.0,0.0,5.0,15.14,N,N,N,N,N,252.0,205.0,47.0,1510.0,16,Friday,Brooklyn Heights,Brooklyn,Fort Greene,Brooklyn,-73.99524997291579,40.69579763638819,-73.97488192727519,40.69078610719341,3.073,22.48,17.01,0.47,6.870000000000001,0.30560498220640575,0.2949523052464229,2.1049523052464227,0.1848148124006359,0.42099046104928456,0.6058052734499204,14.53419472655008,34.65106027521873,2024-01
HV0003,B03404,B03404,2024-01-20 17:37:01,2024-01-20 17:41:18,2024-01-20 17:41:31,2024-01-20 18:09:11,228,65,4.18,1660,20.44,0.0,0.56,1.81,0.0,0.0,0.0,21.34,N,N,N,N,N,270.0,257.0,13.0,1930.0,17,Saturday,Sunset Park West,Brooklyn,Downtown Brooklyn/MetroTech,Brooklyn,-74.01127289375856,40.652353822117504,-73.98608580922685,40.69533700725102,3.073,21.0,20.44,0.56,-0.8999999999999986,-0.04285714285714279,0.647144578313253,4.827144578313253,0.4238232939759036,0.9654289156626507,1.3892522096385542,19.950747790361447,37.2138300752856,2024-01
HV0003,B03404,B03404,2024-01-01 08:45:10,2024-01-01 08:51:05,2024-01-01 08:53:18,2024-01-01 09:28:25,36,106,6.05,2107,34.97,0.0,0.96,3.1,0.0,0.0,0.0,27.75,N,N,N,N,N,488.0,355.0,133.0,2595.0,8,Monday,Bushwick North,Brooklyn,Gowanus,Brooklyn,-73.9177095234613,40.700521468719735,-73.99064748886755,40.67351226923787,3.073,35.93,34.97,0.96,7.219999999999999,0.20094628444197046,1.0193402942572376,7.069340294257238,0.6206880778357855,1.4138680588514476,2.0345561366872333,25.715443863312768,35.67460420343968,2024-01
HV0003,B03404,B03404,2024-01-19 12:50:55,2024-01-19 12:54:23,2024-01-19 12:54:28,2024-01-19 13:11:30,147,169,2.57,1022,19.63,0.0,0.54,1.74,0.0,0.0,0.0,12.98,N,N,N,N,N,213.0,208.0,5.0,1235.0,12,Friday,Longwood,Bronx,Mount Hope,Bronx,-73.89895639411876,40.81967507177996,-73.90512230176171,40.849057751559215,3.073,20.169999999999998,19.63,0.54,6.649999999999999,0.3296975706494794,0.5230528375733855,3.0930528375733854,0.27157003913894323,0.6186105675146771,0.8901806066536204,12.08981939334638,35.241578798418594,2024-01
HV0003,B03404,B03404,2024-01-19 15:49:05,2024-01-19 15:50:52,2024-01-19 15:51:33,2024-01-19 16:05:33,87,4,2.92,840,16.3,0.0,0.45,1.45,2.75,0.0,0.0,11.74,N,N,N,N,N,148.0,107.0,41.0,988.0,15,Friday,Financial District North,Manhattan,Alphabet City,Manhattan,-74.0074957883342,40.70680798106304,-73.97696809691621,40.723751540194456,3.073,19.5,16.3,3.2,4.5600000000000005,0.23384615384615387,0.3719523809523809,3.291952380952381,0.2890334190476191,0.6583904761904762,0.9474238952380953,10.792576104761904,39.32517609022556,2024-01
HV0003,B03404,B03404,2024-01-31 15:53:07,2024-01-31 15:57:28,2024-01-31 15:59:51,2024-01-31 17:29:36,247,61,13.87,5385,85.66,6.94,2.55,8.22,0.0,0.0,0.0,68.85,N,N,N,N,N,404.0,261.0,143.0,5789.0,15,Wednesday,West Concourse,Bronx,Crown Heights North,Brooklyn,-73.92440974289835,40.82898691319468,-73.93928693646026,40.67446920571126,3.073,95.14999999999999,85.66,9.49,16.810000000000002,0.17666841828691543,0.6722506963788301,14.54225069637883,1.2768096111420613,2.9084501392757662,4.185259750417828,64.66474024958217,40.21300136439727,2024-01
HV0003,B03404,B03404,2024-01-24 14:04:12,2024-01-24 14:04:37,2024-01-24 14:05:01,2024-01-24 14:12:34,249,211,0.96,453,12.71,0.0,0.35,1.13,2.75,0.0,1.0,5.52,N,N,N,N,N,49.0,25.0,24.0,502.0,14,Wednesday,West Village,Manhattan,SoHo,Manhattan,-74.00287478437944,40.73457538224023,-74.00153738622468,40.72388757677251,3.073,16.810000000000002,12.71,3.1,8.190000000000001,0.48720999405116006,0.05298013245033112,1.0129801324503311,0.08893965562913908,0.20259602649006625,0.29153568211920533,5.228464317880794,37.49496323579852,2024-01
HV0003,B03404,B03404,2024-01-10 17:08:37,2024-01-10 17:10:01,2024-01-10 17:11:31,2024-01-10 17:20:22,226,7,1.62,531,9.78,0.0,0.27,0.87,0.0,0.0,0.0,7.12,N,N,N,N,N,174.0,84.0,90.0,705.0,17,Wednesday,Sunnyside,Queens,Astoria,Queens,-73.92467262943985,40.73769725609221,-73.91969416440043,40.761491926149866,3.073,10.049999999999999,9.78,0.27,2.6599999999999993,0.2646766169154228,0.256271186440678,1.876271186440678,0.16473661016949154,0.3752542372881356,0.5399908474576272,6.580009152542373,33.60004673638659,2024-01
HV0003,B03404,B03404,2024-01-24 13:44:03,2024-01-24 13:48:16,2024-01-24 13:48:28,2024-01-24 13:56:24,95,196,1.26,476,12.53,0.0,0.34,1.11,0.0,0.0,0.0,6.13,N,N,N,N,N,265.0,253.0,12.0,741.0,13,Wednesday,Forest Hills,Queens,Rego Park,Queens,-73.84766918479201,40.72143087062858,-73.86333842618821,40.72615456414307,3.073,12.87,12.53,0.34,6.3999999999999995,0.4972804972804973,0.6697058823529412,1.9297058823529412,0.16942817647058822,0.38594117647058823,0.5553693529411765,5.574630647058823,27.083225815670396,2024-01
HV0003,B03404,B03404,2024-01-03 14:17:17,2024-01-03 14:19:32,2024-01-03 14:20:01,2024-01-03 14:35:35,161,170,1.3,934,33.22,0.0,0.91,2.95,2.75,0.0,0.0,17.7,N,N,N,N,N,164.0,135.0,29.0,1098.0,14,Wednesday,Midtown Center,Manhattan,Murray Hill,Manhattan,-73.97769778229288,40.758027399461895,-73.97849134130094,40.74774513853527,3.073,36.879999999999995,33.22,3.66,15.52,0.420824295010846,0.18790149892933622,1.4879014989293362,0.13063775160599572,0.29758029978586725,0.428218051391863,17.271781948608137,56.62879327412504,2024-01
HV0003,B03404,B03404,2024-01-18 12:20:33,2024-01-18 12:22:34,2024-01-18 12:22:48,2024-01-18 12:38:09,145,79,3.35,921,18.35,6.94,0.7,2.24,2.75,0.0,0.0,13.06,N,N,N,N,N,135.0,121.0,14.0,1056.0,12,Thursday,Long Island City/Hunters Point,Queens,East Village,Manhattan,-73.94889136420674,40.74537869757109,-73.98593725800136,40.72761958691338,3.073,28.740000000000002,18.35,10.39,5.290000000000001,0.18406402226861518,0.4401194353963084,3.7901194353963086,0.3327724864277959,0.7580238870792617,1.0907963735070576,11.969203626492943,40.80410327213503,2024-01
HV0003,B03404,B03404,2024-01-03 07:14:12,2024-01-03 07:22:00,2024-01-03 07:22:31,2024-01-03 07:29:43,139,139,1.41,432,8.91,0.0,0.25,0.79,0.0,0.0,0.0,5.91,N,N,N,N,N,499.0,468.0,31.0,931.0,7,Wednesday,Laurelton,Queens,Laurelton,Queens,-73.74423510970438,40.67709672027596,-73.74423510970438,40.67709672027596,3.073,9.16,8.91,0.25,3.0,0.32751091703056767,1.5274999999999999,2.9375,0.2579125,0.5875,0.8454125,5.0645875,19.5837969924812,2024-01
HV0003,B03404,B03404,2024-01-26 04:48:25,2024-01-26 04:58:55,2024-01-26 04:58:55,2024-01-26 05:11:24,140,186,2.88,749,17.19,0.0,0.47,1.53,2.75,0.0,0.0,11.82,N,N,N,N,N,630.0,630.0,0.0,1379.0,4,Friday,Lenox Hill East,Manhattan,Penn Station/Madison Sq West,Manhattan,-73.9547388423982,40.76548333944988,-73.99243728054387,40.7484965983886,3.073,20.41,17.19,3.2199999999999998,5.370000000000001,0.2631063204311612,2.422429906542056,5.302429906542056,0.46555334579439245,1.060485981308411,1.5260393271028034,10.293960672897196,26.873283845126835,2024-01
HV0003,B03404,B03404,2024-01-17 09:13:43,2024-01-17 09:16:32,2024-01-17 09:16:49,2024-01-17 09:27:54,256,112,1.74,665,17.0,0.0,0.47,1.51,0.0,0.0,0.0,10.54,N,N,N,N,N,186.0,169.0,17.0,851.0,9,Wednesday,Williamsburg (South Side),Brooklyn,Greenpoint,Brooklyn,-73.95990445316505,40.71087946812129,-73.94953985600077,40.72950555799535,3.073,17.47,17.0,0.47,6.460000000000001,0.36977676016027483,0.44219548872180453,2.1821954887218045,0.19159676390977443,0.4364390977443609,0.6280358616541353,9.911964138345864,41.93075311168638,2024-01
HV0003,B03404,B03404,2024-01-13 02:02:04,2024-01-13 02:07:59,2024-01-13 02:08:20,2024-01-13 02:21:08,164,143,3.18,768,15.24,0.0,0.42,1.35,2.75,0.0,0.0,11.4,N,N,N,N,N,376.0,355.0,21.0,1144.0,2,Saturday,Midtown South,Manhattan,Lincoln Square West,Manhattan,-73.98515619423324,40.74857395489648,-73.9876454292326,40.775964624542496,3.073,18.41,15.24,3.17,3.84,0.20858229223248234,1.469921875,4.649921875,0.4082631406250001,0.9299843750000001,1.3382475156250002,10.061752484375,31.66285746831294,2024-01
HV0003,B03404,B03404,2024-01-08 13:44:06,2024-01-08 13:46:12,2024-01-08 13:48:02,2024-01-08 14:02:02,178,149,1.76,840,13.37,0.0,0.37,1.19,0.0,0.0,1.0,11.21,N,N,N,N,N,236.0,126.0,110.0,1076.0,13,Monday,Ocean Parkway South,Brooklyn,Madison,Brooklyn,-73.9703257591723,40.61731435955054,-73.94813579159555,40.604913128039314,3.073,14.739999999999998,13.37,0.37,3.1599999999999984,0.21438263229307997,0.264,2.024,0.1777072,0.40480000000000005,0.5825072,10.6274928,35.5566673605948,2024-01
HV0003,B03404,B03404,2024-01-18 17:31:34,2024-01-18 17:34:02,2024-01-18 17:34:09,2024-01-18 18:00:43,7,173,3.96,1594,19.16,0.0,0.53,1.7,0.0,0.0,0.0,20.61,N,N,N,N,N,155.0,148.0,7.0,1749.0,17,Thursday,Astoria,Queens,North Corona,Queens,-73.91969416440043,40.761491926149866,-73.86303760148317,40.7525784829494,3.073,19.69,19.16,0.53,-1.4499999999999993,-0.07364144235652612,0.3676787954830615,4.327678795483061,0.37997019824341277,0.8655357590966123,1.2455059573400251,19.364494042659974,39.858306777344715,2024-01
HV0003,B03404,B03404,2024-01-12 07:16:22,2024-01-12 07:21:30,2024-01-12 07:22:00,2024-01-12 07:59:48,61,14,8.66,2268,39.46,0.0,1.09,3.5,0.0,0.0,0.0,34.95,N,N,N,N,N,338.0,308.0,30.0,2606.0,7,Friday,Crown Heights North,Brooklyn,Bay Ridge,Brooklyn,-73.93928693646026,40.67446920571126,-74.02989257930119,40.62483341741767,3.073,40.550000000000004,39.46,1.09,4.509999999999998,0.11122071516646109,1.1760493827160494,9.83604938271605,0.8636051358024692,1.96720987654321,2.8308150123456794,32.11918498765432,44.37032461840198,2024-01
HV0003,B03404,B03404,2024-01-04 09:36:24,2024-01-04 09:37:15,2024-01-04 09:38:22,2024-01-04 09:53:07,235,220,2.71,885,15.18,0.0,0.42,1.35,0.0,0.0,0.0,11.88,N,N,N,N,N,118.0,51.0,67.0,1003.0,9,Thursday,University Heights/Morris Heights,Bronx,Spuyten Duyvil/Kingsbridge,Bronx,-73.91597563385105,40.85252046623772,-73.91066473993713,40.88240269359515,3.073,15.6,15.18,0.42,3.299999999999999,0.21153846153846148,0.15616949152542373,2.8661694915254237,0.2516496813559322,0.5732338983050848,0.824883579661017,11.055116420338983,39.67938097030942,2024-01
HV0003,B03404,B03404,2024-01-05 21:38:02,2024-01-05 21:38:32,2024-01-05 21:40:21,2024-01-05 21:49:34,162,100,1.28,553,15.39,0.0,0.42,1.37,2.75,0.0,0.0,6.88,N,N,N,N,N,139.0,30.0,109.0,692.0,21,Friday,Midtown East,Manhattan,Garment District,Manhattan,-73.97235591714862,40.756686941672,-73.98878634685092,40.75351217038599,3.073,18.560000000000002,15.39,3.17,8.510000000000002,0.45851293103448276,0.06943942133815552,1.3494394213381555,0.11848078119349006,0.2698878842676311,0.38836866546112114,6.491631334538878,33.77149249182076,2024-01
HV0003,B03404,B03404,2024-01-13 16:04:42,2024-01-13 16:06:52,2024-01-13 16:08:02,2024-01-13 16:20:27,225,49,1.5,745,10.69,0.0,0.29,0.95,0.0,0.0,0.0,8.97,N,N,N,N,N,200.0,130.0,70.0,945.0,16,Saturday,Stuyvesant Heights,Brooklyn,Clinton Hill,Brooklyn,-73.93188774325893,40.68816752944304,-73.96236330714036,40.68796671165343,3.073,10.979999999999999,10.69,0.29,1.7199999999999989,0.15664845173041886,0.26174496644295303,1.761744966442953,0.15468120805369126,0.3523489932885906,0.5070302013422818,8.462969798657719,32.2398849472675,2024-01
HV0003,B03404,B03404,2024-01-19 20:16:54,2024-01-19 20:17:53,2024-01-19 20:19:23,2024-01-19 20:24:26,79,79,0.39,303,9.1,0.0,0.25,0.81,2.75,0.0,0.0,5.39,N,N,N,N,N,149.0,59.0,90.0,452.0,20,Friday,East Village,Manhattan,East Village,Manhattan,-73.98593725800136,40.72761958691338,-73.98593725800136,40.72761958691338,3.073,12.1,9.1,3.0,3.71,0.3066115702479339,0.07594059405940594,0.46594059405940597,0.04090958415841584,0.0931881188118812,0.13409770297029705,5.255902297029703,41.86116873740471,2024-01
HV0003,B03404,B03404,2024-01-25 22:18:48,2024-01-25 22:21:38,2024-01-25 22:21:50,2024-01-25 22:37:17,97,37,3.22,927,25.01,0.0,0.69,2.22,0.0,0.0,0.0,14.44,N,N,N,N,N,182.0,170.0,12.0,1109.0,22,Thursday,Fort Greene,Brooklyn,Bushwick South,Brooklyn,-73.97488192727519,40.69078610719341,-73.9222368522579,40.694993402702586,3.073,25.700000000000003,25.01,0.69,10.570000000000002,0.41128404669260704,0.5905070118662352,3.8105070118662354,0.33456251564185546,0.7621014023732471,1.0966639180151025,13.343336081984898,43.31470684864349,2024-01
HV0003,B03404,B03404,2024-01-08 19:21:54,2024-01-08 19:22:03,2024-01-08 19:23:15,2024-01-08 19:38:46,262,142,2.45,931,18.12,0.0,0.5,1.61,2.75,0.0,0.0,11.97,N,N,N,N,N,81.0,9.0,72.0,1012.0,19,Monday,Yorkville East,Manhattan,Lincoln Square East,Manhattan,-73.94651027083967,40.77593169638859,-73.98153210008745,40.77363265587896,3.073,21.37,18.12,3.25,6.15,0.2877866167524567,0.02368421052631579,2.473684210526316,0.21718947368421052,0.4947368421052632,0.7119263157894737,11.258073684210526,40.048483461618474,2024-01
HV0003,B03404,B03404,2024-01-24 19:55:09,2024-01-24 20:02:29,2024-01-24 20:03:05,2024-01-24 20:44:09,163,197,12.77,2464,63.74,0.0,1.75,5.66,0.75,0.0,0.0,39.94,Y,N,N,N,N,476.0,440.0,36.0,2940.0,20,Wednesday,Midtown North,Manhattan,Richmond Hill,Queens,-73.97756832086549,40.764420870266285,-73.83092448484014,40.69454169265697,3.073,66.24000000000001,63.74,2.5,23.800000000000004,0.3592995169082126,2.280357142857143,15.050357142857143,1.321421357142857,3.010071428571429,4.3314927857142855,35.60850721428571,43.60225373177842,2024-01
HV0003,B03404,B03404,2024-01-18 13:22:26,2024-01-18 13:25:03,2024-01-18 13:25:36,2024-01-18 13:43:44,122,219,3.75,1088,20.57,0.0,0.57,1.83,0.0,0.0,0.0,15.16,N,N,N,N,N,190.0,157.0,33.0,1278.0,13,Thursday,Hollis,Queens,Springfield Gardens South,Queens,-73.76113717815645,40.710638338456064,-73.76450535543216,40.66218473801039,3.073,21.14,20.57,0.57,5.41,0.25591296121097445,0.5411305147058822,4.291130514705882,0.3767612591911764,0.8582261029411765,1.2349873621323528,13.925012637867647,39.22538771230323,2024-01
HV0003,B03404,B03404,2024-01-17 19:48:23,2024-01-17 19:51:17,2024-01-17 19:51:56,2024-01-17 19:59:58,7,179,1.27,482,9.41,0.0,0.26,0.84,0.0,0.0,0.0,6.2,N,N,N,N,N,213.0,174.0,39.0,695.0,19,Wednesday,Astoria,Queens,Old Astoria,Queens,-73.91969416440043,40.761491926149866,-73.92833280320959,40.77156956195687,3.073,9.67,9.41,0.26,3.21,0.33195449844881075,0.4584647302904564,1.7284647302904563,0.15175920331950205,0.3456929460580913,0.49745214937759336,5.702547850622407,29.538377355741964,2024-01
HV0003,B03404,B03404,2024-01-16 00:37:17,2024-01-16 00:44:22,2024-01-16 00:44:40,2024-01-16 01:08:37,87,168,10.8,1437,30.64,0.0,0.84,2.72,2.75,0.0,0.0,27.7,N,N,N,N,N,443.0,425.0,18.0,1880.0,0,Tuesday,Financial District North,Manhattan,Mott Haven/Port Morris,Bronx,-74.0074957883342,40.70680798106304,-73.91682135545611,40.80734651795231,3.073,34.230000000000004,30.64,3.59,2.9400000000000013,0.08588957055214727,3.1941544885177455,13.994154488517747,1.2286867640918582,2.7988308977035494,4.027517661795407,23.672482338204592,45.330285328476876,2024-01
HV0003,B03404,B03404,2024-01-21 18:18:36,2024-01-21 18:21:15,2024-01-21 18:21:31,2024-01-21 18:29:31,125,13,1.26,480,9.15,0.0,0.25,0.81,2.75,0.0,0.0,6.17,N,N,N,N,N,175.0,159.0,16.0,655.0,18,Sunday,Hudson Sq,Manhattan,Battery Park City,Manhattan,-74.00748558750799,40.72628992015588,-74.01607908770592,40.71203749145812,3.073,12.15,9.15,3.0,2.9800000000000004,0.24526748971193418,0.417375,1.677375,0.14727352500000002,0.335475,0.48274852500000004,5.687251475,31.258176045801527,2024-01
HV0003,B03404,B03404,2024-01-18 17:33:34,2024-01-18 17:37:06,2024-01-18 17:37:22,2024-01-18 17:47:16,213,250,1.73,594,11.58,0.0,0.32,1.03,0.0,0.0,1.0,7.85,N,N,N,N,N,228.0,212.0,16.0,822.0,17,Thursday,Soundview/Castle Hill,Bronx,Westchester Village/Unionport,Bronx,-73.85813492907864,40.81785812742239,-73.848640882231,40.83210078158579,3.073,12.9,11.58,0.32,4.73,0.3666666666666667,0.6174410774410775,2.3474410774410774,0.2061053265993266,0.4694882154882155,0.6755935420875421,7.174406457912458,31.42075820983558,2024-01
HV0003,B03404,B03404,2024-01-04 10:58:43,2024-01-04 11:00:40,2024-01-04 11:01:17,2024-01-04 11:12:23,68,50,2.18,666,17.24,0.0,0.47,1.53,2.75,0.0,0.0,9.12,N,N,N,N,N,154.0,117.0,37.0,820.0,11,Thursday,East Chelsea,Manhattan,Clinton West,Manhattan,-73.99991751678058,40.748426777755405,-73.99513507723576,40.76623709408489,3.073,20.459999999999997,17.24,3.2199999999999998,8.12,0.39687194525904207,0.382972972972973,2.562972972972973,0.22502902702702704,0.5125945945945947,0.7376236216216217,8.382376378378378,36.80067678312459,2024-01
HV0003,B03404,B03404,2024-01-14 17:43:25,2024-01-14 17:45:45,2024-01-14 17:46:33,2024-01-14 17:53:30,62,62,0.84,417,8.9,0.0,0.24,0.79,0.0,0.0,0.0,5.39,N,N,N,N,N,188.0,140.0,48.0,605.0,17,Sunday,Crown Heights South,Brooklyn,Crown Heights South,Brooklyn,-73.94878831329727,40.66654019759787,-73.94878831329727,40.66654019759787,3.073,9.14,8.9,0.24,3.5100000000000007,0.3840262582056893,0.2820143884892086,1.1220143884892086,0.09851286330935251,0.22440287769784173,0.3229157410071942,5.067084258992805,30.151245177477847,2024-01
HV0003,B03404,B03404,2024-01-05 23:37:50,2024-01-05 23:40:15,2024-01-05 23:40:34,2024-01-05 23:49:42,78,169,2.08,548,9.81,0.0,0.27,0.87,0.0,0.0,0.0,9.12,N,N,N,N,N,164.0,145.0,19.0,712.0,23,Friday,East Tremont,Bronx,Mount Hope,Bronx,-73.88552139857157,40.844959817621785,-73.90512230176171,40.849057751559215,3.073,10.08,9.81,0.27,0.6900000000000013,0.06845238095238108,0.5503649635036496,2.6303649635036495,0.23094604379562042,0.5260729927007299,0.7570190364963504,8.362980963503649,42.28473520872632,2024-01
HV0003,B03404,B03404,2024-01-01 02:01:03,2024-01-01 02:10:11,2024-01-01 02:10:59,2024-01-01 02:48:02,87,50,8.98,2223,81.66,0.0,2.25,7.25,2.75,0.0,0.0,62.7,N,N,N,N,N,596.0,548.0,48.0,2819.0,2,Monday,Financial District North,Manhattan,Clinton West,Manhattan,-74.0074957883342,40.70680798106304,-73.99513507723576,40.76623709408489,3.073,86.66,81.66,5.0,18.959999999999994,0.21878606046618965,2.213693207377418,11.193693207377418,0.9828062636077373,2.2387386414754835,3.2215449050832206,59.47845509491678,75.95687773738929,2024-01
HV0003,B03404,B03404,2024-01-12 19:48:41,2024-01-12 19:52:52,2024-01-12 19:53:33,2024-01-12 20:06:12,114,231,1.6,759,13.65,0.0,0.38,1.21,2.75,0.0,0.0,9.23,N,N,N,N,N,292.0,251.0,41.0,1051.0,19,Friday,Greenwich Village South,Manhattan,TriBeCa/Civic Center,Manhattan,-73.99737994674842,40.72833985411046,-74.00787947243188,40.717772159208046,3.073,16.78,13.65,3.13,4.42,0.26340882002383786,0.5291172595520423,2.1291172595520425,0.18693649538866933,0.4258234519104085,0.6127599472990778,8.617240052700923,29.516711883656825,2024-01
HV0003,B03404,B03404,2024-01-06 07:50:26,2024-01-06 07:53:10,2024-01-06 07:53:20,2024-01-06 08:04:30,56,129,1.81,670,8.91,0.0,0.25,0.79,0.0,0.0,0.0,8.68,N,N,N,N,N,174.0,164.0,10.0,844.0,7,Saturday,Corona,Queens,Jackson Heights,Queens,-73.85884532361277,40.7414060161842,-73.88531716686686,40.7573109858269,3.073,9.16,8.91,0.25,0.23000000000000043,0.0251091703056769,0.443044776119403,2.253044776119403,0.19781733134328358,0.4506089552238806,0.6484262865671642,8.031573713432836,34.257897355874654,2024-01
HV0003,B03404,B03404,2024-01-01 21:03:03,2024-01-01 21:03:35,2024-01-01 21:05:35,2024-01-01 21:10:15,263,141,1.05,280,8.57,0.0,0.24,0.76,2.75,0.0,0.0,5.93,N,N,N,N,N,152.0,32.0,120.0,432.0,21,Monday,Yorkville West,Manhattan,Lenox Hill West,Manhattan,-73.95100985225696,40.77876514921805,-73.95963478688095,40.76694745582751,3.073,11.56,8.57,2.99,2.6400000000000006,0.22837370242214536,0.12,1.17,0.10272599999999998,0.23399999999999999,0.33672599999999997,5.593274,46.61061666666667,2024-01
HV0003,B03404,B03404,2024-01-23 00:24:53,2024-01-23 00:25:45,2024-01-23 00:25:57,2024-01-23 00:31:54,151,24,1.01,357,5.75,0.0,0.16,0.51,0.0,0.0,1.5,5.4,N,N,N,N,N,64.0,52.0,12.0,421.0,0,Tuesday,Manhattan Valley,Manhattan,Bloomingdale,Manhattan,-73.96816796764816,40.79796146642212,-73.96547912319532,40.80197000506559,3.073,7.41,5.75,0.16,1.8499999999999996,0.24966261808367066,0.14711484593837537,1.1571148459383753,0.10159468347338936,0.23142296918767508,0.3330176526610644,5.066982347338936,43.328115084133415,2024-01
HV0003,B03404,B03404,2024-01-12 06:05:12,2024-01-12 06:09:40,2024-01-12 06:09:50,2024-01-12 06:22:20,260,129,2.28,750,16.94,0.0,0.47,1.5,0.0,0.0,0.0,10.05,N,N,N,N,N,278.0,268.0,10.0,1028.0,6,Friday,Woodside,Queens,Jackson Heights,Queens,-73.90630705433507,40.74423288564698,-73.88531716686686,40.7573109858269,3.073,17.41,16.94,0.47,6.890000000000001,0.39574956921309595,0.8147199999999999,3.0947199999999997,0.27171641599999996,0.6189439999999999,0.8906604159999999,9.159339584000001,32.075508270817124,2024-01
HV0003,B03404,B03404,2024-01-13 21:58:50,2024-01-13 22:00:18,2024-01-13 22:01:28,2024-01-13 22:03:34,69,169,0.26,126,7.78,0.0,0.21,0.69,0.0,0.0,0.0,5.38,N,N,N,N,N,158.0,88.0,70.0,284.0,22,Saturday,East Concourse/Concourse Village,Bronx,Mount Hope,Bronx,-73.9150298985607,40.83141570129418,-73.90512230176171,40.849057751559215,3.073,7.99,7.78,0.21,2.4000000000000004,0.30037546933667086,0.18158730158730158,0.4415873015873016,0.03877136507936508,0.08831746031746032,0.1270888253968254,5.252911174603175,66.58619798792758,2024-01
HV0003,B03404,B03404,2024-01-01 03:47:08,2024-01-01 04:03:30,2024-01-01 04:05:26,2024-01-01 04:27:19,255,37,3.26,1313,26.83,0.0,0.74,2.38,0.0,0.0,0.0,26.92,N,N,N,N,N,1098.0,982.0,116.0,2411.0,4,Monday,Williamsburg (North Side),Brooklyn,Bushwick South,Brooklyn,-73.95741799903575,40.71880332024791,-73.9222368522579,40.694993402702586,3.073,27.569999999999997,26.83,0.74,-0.09000000000000341,-0.003264417845484346,2.438172124904798,5.698172124904797,0.5002995125666412,1.1396344249809596,1.6399339375476008,25.280066062452402,37.74709159055522,2024-01
HV0003,B03404,B03404,2024-01-24 15:59:17,2024-01-24 16:12:56,2024-01-24 16:12:58,2024-01-24 17:30:31,25,60,15.27,4653,60.22,6.94,1.85,5.96,0.0,0.0,14.99,63.8,N,N,N,N,N,821.0,819.0,2.0,5474.0,16,Wednesday,Boerum Hill,Brooklyn,Crotona Park East,Bronx,-73.98611365960022,40.685633257491546,-73.88590012794502,40.83398980020464,3.073,83.99999999999999,60.22,8.790000000000001,11.409999999999997,0.1358333333333333,2.687756286266924,17.957756286266925,1.576691001934236,3.591551257253385,5.168242259187621,58.631757740812375,38.559431470026404,2024-01
HV0003,B03404,B03404,2024-01-26 07:54:26,2024-01-26 07:58:39,2024-01-26 07:59:06,2024-01-26 08:27:47,137,159,6.63,1721,31.56,0.0,0.87,2.8,2.75,0.0,0.0,25.89,N,N,N,N,N,280.0,253.0,27.0,2001.0,7,Friday,Kips Bay,Manhattan,Melrose South,Bronx,-73.97649447841282,40.74043833958882,-73.9128491499624,40.81825923634175,3.073,35.18,31.56,3.62,5.669999999999998,0.16117111995451958,0.9746600813480535,7.604660081348054,0.6676891551423592,1.5209320162696107,2.18862117141197,23.70137882858803,42.64116131080306,2024-01
HV0003,B03404,B03404,2024-01-06 21:00:53,2024-01-06 21:04:15,2024-01-06 21:04:34,2024-01-06 21:12:42,200,220,2.06,488,11.59,0.0,0.32,1.03,0.0,0.0,1.0,7.3,N,N,N,N,N,221.0,202.0,19.0,709.0,21,Saturday,Riverdale/North Riverdale/Fieldston,Bronx,Spuyten Duyvil/Kingsbridge,Bronx,-73.90698736246745,40.89952795847699,-73.91066473993713,40.88240269359515,3.073,12.91,11.59,0.32,5.29,0.40975987606506586,0.8527049180327869,2.912704918032787,0.2557354918032787,0.5825409836065574,0.8382764754098361,6.461723524590163,32.80987967351846,2024-01
HV0003,B03404,B03404,2024-01-26 15:05:43,2024-01-26 15:12:58,2024-01-26 15:13:21,2024-01-26 16:18:34,168,230,7.65,3913,50.31,0.0,1.38,4.47,2.75,0.0,0.0,46.83,N,N,N,N,N,458.0,435.0,23.0,4371.0,15,Friday,Mott Haven/Port Morris,Bronx,Times Sq/Theatre District,Manhattan,-73.91682135545611,40.80734651795231,-73.98419629996178,40.7598170009371,3.073,54.440000000000005,50.31,4.13,3.480000000000004,0.06392358559882447,0.8504344492716587,8.500434449271658,0.7463381446460516,1.7000868898543318,2.4464250345003835,44.38357496549961,36.55476318366475,2024-01
HV0003,B03404,B03404,2024-01-19 16:31:55,2024-01-19 16:34:41,2024-01-19 16:35:25,2024-01-19 16:52:33,32,183,3.36,1028,17.87,0.0,0.49,1.59,0.0,0.0,0.0,14.08,N,N,N,N,N,210.0,166.0,44.0,1238.0,16,Friday,Bronxdale,Bronx,Pelham Bay,Bronx,-73.86490087169818,40.86400152279616,-73.8315818648629,40.84917189594048,3.073,18.36,17.87,0.49,3.790000000000001,0.20642701525054472,0.5425680933852141,3.902568093385214,0.3426454785992218,0.7805136186770428,1.1231590972762646,12.956840902723735,37.67740488675722,2024-01
HV0003,B03404,B03404,2024-01-10 18:01:13,2024-01-10 18:04:09,2024-01-10 18:05:04,2024-01-10 18:18:46,93,92,2.12,822,13.59,0.0,0.37,1.21,0.0,0.0,0.0,13.02,N,N,N,N,N,231.0,176.0,55.0,1053.0,18,Wednesday,Flushing Meadows-Corona Park,Queens,Flushing,Queens,-73.84086530039832,40.74067310643732,-73.8288586430752,40.76110071120437,3.073,13.959999999999999,13.59,0.37,0.5700000000000003,0.04083094555873928,0.4539172749391727,2.573917274939173,0.22598993673965936,0.5147834549878346,0.740773391727494,12.279226608272506,41.98026190862395,2024-01
HV0003,B03404,B03404,2024-01-10 16:48:05,2024-01-10 16:50:36,2024-01-10 16:52:12,2024-01-10 17:10:14,156,245,2.85,1082,16.93,0.0,0.47,1.5,0.0,0.0,1.0,13.91,N,N,N,N,N,247.0,151.0,96.0,1329.0,16,Wednesday,Mariners Harbor,Staten Island,West Brighton,Staten Island,-74.16723434585514,40.6313075708165,-74.10286029241341,40.63004903591536,3.073,18.4,16.93,0.47,4.02,0.2184782608695652,0.39773567467652493,3.247735674676525,0.28515119223659885,0.649547134935305,0.9346983271719038,12.975301672828095,35.14754403474879,2024-01
HV0003,B03404,B03404,2024-01-19 19:01:19,2024-01-19 19:02:42,2024-01-19 19:04:43,2024-01-19 19:21:47,89,91,2.25,1024,16.4,0.0,0.45,1.46,0.0,0.0,0.0,12.59,N,N,N,N,N,204.0,83.0,121.0,1228.0,19,Friday,Flatbush/Ditmas Park,Brooklyn,Flatlands,Brooklyn,-73.96096812758745,40.637899248043546,-73.93009732098176,40.62627204277785,3.073,16.849999999999998,16.4,0.45,3.8099999999999987,0.22611275964391686,0.182373046875,2.432373046875,0.213562353515625,0.48647460937500003,0.700036962890625,11.889963037109375,34.85656916416429,2024-01
HV0003,B03404,B03404,2024-01-23 13:40:25,2024-01-23 13:42:49,2024-01-23 13:44:17,2024-01-23 14:07:08,48,41,5.84,1371,32.39,0.0,0.89,2.87,2.75,0.0,2.0,20.56,N,N,N,N,N,232.0,144.0,88.0,1603.0,13,Tuesday,Clinton East,Manhattan,Central Harlem,Manhattan,-73.98984463380468,40.762252049908085,-73.95129182852196,40.804333323455445,3.073,38.03,32.39,3.64,13.830000000000002,0.36366026820930847,0.6133916849015317,6.453391684901532,0.5666077899343546,1.2906783369803065,1.8572861269146612,18.702713873085337,42.002351804807994,2024-01
HV0003,B03404,B03404,2024-01-26 22:51:53,2024-01-26 22:55:43,2024-01-26 22:57:03,2024-01-26 23:14:36,249,137,1.9,1053,24.43,0.0,0.67,2.17,2.75,0.0,0.0,12.79,N,N,N,N,N,310.0,230.0,80.0,1363.0,22,Friday,West Village,Manhattan,Kips Bay,Manhattan,-74.00287478437944,40.73457538224023,-73.97649447841282,40.74043833958882,3.073,27.85,24.43,3.42,11.64,0.4179533213644524,0.41500474833808165,2.3150047483380813,0.20325741690408353,0.4630009496676163,0.6662583665716998,12.123741633428299,32.02162133554063,2024-01
HV0003,B03404,B03404,2024-01-26 21:41:21,2024-01-26 21:42:49,2024-01-26 21:44:43,2024-01-26 21:58:08,244,75,5.17,805,20.53,0.0,0.56,1.82,0.0,0.0,0.0,14.36,N,N,N,N,N,202.0,88.0,114.0,1007.0,21,Friday,Washington Heights South,Manhattan,East Harlem South,Manhattan,-73.9413990935137,40.84170795917971,-73.94575002008068,40.79001009948004,3.073,21.09,20.53,0.56,6.170000000000002,0.29255571360834526,0.565167701863354,5.735167701863354,0.5035477242236025,1.1470335403726708,1.6505812645962732,12.709418735403727,45.43585645228741,2024-01
HV0003,B03404,B03404,2024-01-28 19:49:26,2024-01-28 19:50:38,2024-01-28 19:51:21,2024-01-28 20:03:47,14,11,2.7,746,15.18,0.0,0.42,1.35,0.0,0.0,1.0,11.56,N,N,N,N,N,115.0,72.0,43.0,861.0,19,Sunday,Bay Ridge,Brooklyn,Bath Beach,Brooklyn,-74.02989257930119,40.62483341741767,-74.0074879610041,40.60427244439089,3.073,16.6,15.18,0.42,4.619999999999999,0.2783132530120481,0.26058981233243966,2.9605898123324397,0.25993978552278824,0.592117962466488,0.8520577479892761,10.707942252010724,44.77188398053264,2024-01
HV0003,B03404,B03404,2024-01-01 17:26:04,2024-01-01 17:30:00,2024-01-01 17:30:11,2024-01-01 17:35:57,232,232,0.7,346,7.19,0.0,0.2,0.64,2.75,0.0,0.0,8.39,N,N,N,N,N,247.0,236.0,11.0,593.0,17,Monday,Two Bridges/Seward Park,Manhattan,Two Bridges/Seward Park,Manhattan,-73.98302452983464,40.71473195717586,-73.98302452983464,40.71473195717586,3.073,10.14,7.19,2.95,-1.2000000000000002,-0.1183431952662722,0.4774566473988439,1.177456647398844,0.10338069364161849,0.2354913294797688,0.3388720231213873,8.051127976878613,48.87699952236595,2024-01
HV0003,B03404,B03404,2024-01-22 15:21:24,2024-01-22 15:23:53,2024-01-22 15:24:46,2024-01-22 15:39:54,119,159,1.83,908,14.3,0.0,0.39,1.27,0.0,0.0,0.0,10.93,N,N,N,N,N,202.0,149.0,53.0,1110.0,15,Monday,Highbridge,Bronx,Melrose South,Bronx,-73.92615739281834,40.83782626996652,-73.9128491499624,40.81825923634175,3.073,14.690000000000001,14.3,0.39,3.370000000000001,0.22940776038121174,0.30029735682819386,2.1302973568281938,0.1870401079295154,0.42605947136563876,0.6130995792951541,10.316900420704846,33.46021758066436,2024-01
HV0003,B03404,B03404,2024-01-18 16:47:39,2024-01-18 16:49:31,2024-01-18 16:49:46,2024-01-18 17:02:48,89,91,2.1,782,13.4,0.0,0.37,1.19,0.0,0.0,0.0,10.11,N,N,N,N,N,127.0,112.0,15.0,909.0,16,Thursday,Flatbush/Ditmas Park,Brooklyn,Flatlands,Brooklyn,-73.96096812758745,40.637899248043546,-73.93009732098176,40.62627204277785,3.073,13.77,13.4,0.37,3.290000000000001,0.2389251997095135,0.30076726342710997,2.40076726342711,0.21078736572890028,0.48015345268542203,0.6909408184143223,9.419059181585677,37.303204679547235,2024-01
HV0003,B03404,B03404,2024-01-13 20:02:41,2024-01-13 20:05:09,2024-01-13 20:06:44,2024-01-13 20:26:06,229,87,5.49,1162,27.02,0.0,0.74,2.4,2.75,0.0,0.0,18.13,N,N,N,N,N,243.0,148.0,95.0,1405.0,20,Saturday,Sutton Place/Turtle Bay North,Manhattan,Financial District North,Manhattan,-73.96514558738956,40.75672829786632,-74.0074957883342,40.70680798106304,3.073,30.509999999999998,27.02,3.49,8.89,0.29137987545067195,0.6992426850258177,6.1892426850258175,0.5434155077452667,1.2378485370051635,1.7812640447504302,16.34873595524957,41.88999960063947,2024-01
HV0003,B03404,B03404,2024-01-25 22:26:53,2024-01-25 22:32:26,2024-01-25 22:32:26,2024-01-25 22:39:46,137,140,1.46,440,10.97,0.0,0.3,0.97,2.75,0.0,0.0,6.05,N,N,N,N,N,333.0,333.0,0.0,773.0,22,Thursday,Kips Bay,Manhattan,Lenox Hill East,Manhattan,-73.97649447841282,40.74043833958882,-73.9547388423982,40.76548333944988,3.073,14.020000000000001,10.97,3.05,4.920000000000001,0.3509272467902996,1.1049545454545455,2.5649545454545457,0.2252030090909091,0.5129909090909092,0.7381939181818182,5.311806081818181,24.73803608608726,2024-01
HV0003,B03404,B03404,2024-01-23 21:08:37,2024-01-23 21:11:41,2024-01-23 21:12:28,2024-01-23 21:36:36,206,23,8.62,1448,25.93,0.0,0.71,2.3,0.0,0.0,0.0,24.94,N,N,N,N,N,231.0,184.0,47.0,1679.0,21,Tuesday,Saint George/New Brighton,Staten Island,Bloomfield/Emerson Hill,Staten Island,-74.10231448191689,40.638972921799166,-74.17088529675294,40.60644812566737,3.073,26.64,25.93,0.71,0.9899999999999984,0.0371621621621621,1.0953591160220995,9.715359116022098,0.8530085303867403,1.9430718232044197,2.79608035359116,22.14391964640884,47.479518003020736,2024-01
HV0003,B03404,B03404,2024-01-19 22:14:53,2024-01-19 22:21:35,2024-01-19 22:21:55,2024-01-19 22:34:36,169,94,2.04,761,9.8,0.0,0.27,0.87,0.0,0.0,0.0,9.83,N,N,N,N,N,422.0,402.0,20.0,1183.0,22,Friday,Mount Hope,Bronx,Fordham South,Bronx,-73.90512230176171,40.849057751559215,-73.89953579023309,40.858154663426106,3.073,10.07,9.8,0.27,-0.02999999999999936,-0.002979145978152866,1.077634691195795,3.117634691195795,0.2737283258869908,0.6235269382391591,0.8972552641261499,8.93274473587385,27.18333140249016,2024-01
HV0003,B03404,B03404,2024-01-20 15:27:52,2024-01-20 15:30:49,2024-01-20 15:31:15,2024-01-20 15:54:57,144,100,2.74,1422,18.8,0.0,0.52,1.67,2.75,0.0,0.0,16.97,N,N,N,N,N,203.0,177.0,26.0,1625.0,15,Saturday,Little Italy/NoLiTa,Manhattan,Garment District,Manhattan,-73.99691839304907,40.72088834178079,-73.98878634685092,40.75351217038599,3.073,22.07,18.8,3.27,1.8300000000000018,0.0829179882193023,0.3410548523206752,3.0810548523206753,0.2705166160337553,0.6162109704641351,0.8867275864978904,16.083272413502108,35.63063426991236,2024-01
HV0003,B03404,B03404,2024-01-12 22:04:56,2024-01-12 22:06:47,2024-01-12 22:08:08,2024-01-12 22:33:34,256,131,12.64,1526,32.46,0.0,0.89,2.88,0.0,0.0,0.0,32.9,N,N,N,N,N,192.0,111.0,81.0,1718.0,22,Friday,Williamsburg (South Side),Brooklyn,Jamaica Estates,Queens,-73.95990445316505,40.71087946812129,-73.77610132903203,40.72065468341462,3.073,33.35,32.46,0.89,-0.4399999999999977,-0.013193403298350757,0.9194233289646135,13.559423328964614,1.1905173682830932,2.711884665792923,3.902402034076016,28.997597965923983,60.763301907640475,2024-01
HV0003,B03404,B03404,2024-01-07 10:56:22,2024-01-07 10:57:21,2024-01-07 10:59:00,2024-01-07 11:14:57,48,166,5.32,957,19.88,0.0,0.55,1.76,2.75,0.0,0.0,15.99,N,N,N,N,N,158.0,59.0,99.0,1115.0,10,Sunday,Clinton East,Manhattan,Morningside Heights,Manhattan,-73.98984463380468,40.762252049908085,-73.96176346467264,40.809456315241775,3.073,23.18,19.88,3.3,3.889999999999999,0.1678170836928386,0.32798328108672936,5.64798328108673,0.49589293207941487,1.129596656217346,1.625489588296761,14.36451041170324,46.378688324781756,2024-01
HV0003,B03404,B03404,2024-01-14 02:43:53,2024-01-14 02:47:57,2024-01-14 02:49:00,2024-01-14 03:01:55,256,79,3.14,775,19.01,0.0,0.52,1.69,2.75,0.0,0.0,11.8,N,N,N,N,N,307.0,244.0,63.0,1082.0,2,Sunday,Williamsburg (South Side),Brooklyn,East Village,Manhattan,-73.95990445316505,40.71087946812129,-73.98593725800136,40.72761958691338,3.073,22.28,19.01,3.27,7.210000000000001,0.32360861759425497,0.9885935483870968,4.128593548387097,0.36249051354838707,0.8257187096774194,1.1882092232258066,10.611790776774194,35.307252122354065,2024-01
HV0003,B03404,B03404,2024-01-17 13:50:09,2024-01-17 13:54:15,2024-01-17 13:54:21,2024-01-17 13:58:29,139,139,0.88,248,7.19,0.0,0.2,0.64,0.0,0.0,1.0,5.4,N,N,N,N,N,252.0,246.0,6.0,500.0,13,Wednesday,Laurelton,Queens,Laurelton,Queens,-73.74423510970438,40.67709672027596,-73.74423510970438,40.67709672027596,3.073,8.39,7.19,0.2,2.790000000000001,0.33253873659118005,0.8729032258064516,1.7529032258064516,0.15390490322580644,0.35058064516129034,0.5044855483870968,4.895514451612904,35.24770405161291,2024-01
HV0003,B03404,B03404,2024-01-12 21:51:52,2024-01-12 21:53:54,2024-01-12 21:54:12,2024-01-12 22:02:26,241,169,1.63,494,11.58,0.0,0.32,1.03,0.0,0.0,0.0,6.78,N,N,N,N,N,140.0,122.0,18.0,634.0,21,Friday,Van Cortlandt Village,Bronx,Mount Hope,Bronx,-73.89562004253389,40.87651165473252,-73.90512230176171,40.849057751559215,3.073,11.9,11.58,0.32,4.8,0.4033613445378151,0.40255060728744935,2.0325506072874493,0.17845794331983805,0.4065101214574899,0.5849680647773279,6.195031935222673,35.1768374870688,2024-01
HV0003,B03404,B03404,2024-01-17 22:13:52,2024-01-17 22:21:47,2024-01-17 22:22:21,2024-01-17 22:32:00,163,48,1.27,579,14.51,0.0,0.4,1.29,2.75,0.0,5.0,8.92,N,N,N,N,N,509.0,475.0,34.0,1088.0,22,Wednesday,Midtown North,Manhattan,Clinton East,Manhattan,-73.97756832086549,40.764420870266285,-73.98984463380468,40.762252049908085,3.073,22.66,14.51,3.15,10.589999999999998,0.467343336275375,1.0418825561312608,2.311882556131261,0.20298328842832467,0.4623765112262522,0.6653597996545768,8.254640200345424,27.31314772173118,2024-01
HV0003,B03404,B03404,2024-01-13 17:41:07,2024-01-13 17:43:31,2024-01-13 17:44:21,2024-01-13 18:01:26,237,107,2.34,1025,18.95,0.0,0.52,1.68,2.75,0.0,0.0,13.7,N,N,N,N,N,194.0,144.0,50.0,1219.0,17,Saturday,Upper East Side South,Manhattan,Gramercy,Manhattan,-73.96563449518534,40.76861447337675,-73.98405192785955,40.73682342425488,3.073,22.22,18.95,3.27,5.25,0.2362736273627363,0.32874146341463417,2.668741463414634,0.23431550048780486,0.5337482926829268,0.7680637931707317,12.931936206829267,38.191115951259526,2024-01
HV0003,B03404,B03404,2024-01-05 06:30:22,2024-01-05 06:32:52,2024-01-05 06:32:56,2024-01-05 06:40:46,179,223,1.62,470,11.6,0.0,0.32,1.03,0.0,0.0,0.0,6.55,N,N,N,N,N,154.0,150.0,4.0,624.0,6,Friday,Old Astoria,Queens,Steinway,Queens,-73.92833280320959,40.77156956195687,-73.90540723993595,40.77742599740797,3.073,11.92,11.6,0.32,5.05,0.4236577181208054,0.5170212765957447,2.137021276595745,0.1876304680851064,0.427404255319149,0.6150347234042554,5.934965276595745,34.24018428805237,2024-01
HV0003,B03404,B03404,2024-01-12 14:35:09,2024-01-12 14:35:53,2024-01-12 14:35:56,2024-01-12 14:55:42,97,61,3.21,1186,21.08,0.0,0.58,1.87,0.0,0.0,0.0,15.37,N,N,N,N,N,47.0,44.0,3.0,1233.0,14,Friday,Fort Greene,Brooklyn,Crown Heights North,Brooklyn,-73.97488192727519,40.69078610719341,-73.93928693646026,40.67446920571126,3.073,21.659999999999997,21.08,0.58,5.709999999999999,0.26361957525392427,0.1190893760539629,3.329089376053963,0.29229404721753793,0.6658178752107926,0.9581119224283305,14.41188807757167,42.07850533597567,2024-01
HV0003,B03404,B03404,2024-01-01 22:05:57,2024-01-01 22:07:34,2024-01-01 22:08:43,2024-01-01 22:14:15,42,41,1.07,332,8.02,0.0,0.22,0.71,0.0,0.0,1.0,5.91,N,N,N,N,N,166.0,97.0,69.0,498.0,22,Monday,Central Harlem North,Manhattan,Central Harlem,Manhattan,-73.9407718835631,40.81825672430646,-73.95129182852196,40.804333323455445,3.073,9.24,8.02,0.22,3.1099999999999994,0.33658008658008653,0.3126204819277109,1.382620481927711,0.12139407831325302,0.2765240963855422,0.3979181746987952,5.512081825301205,39.846374640731604,2024-01
HV0003,B03404,B03404,2024-01-23 07:30:03,2024-01-23 07:33:29,2024-01-23 07:33:29,2024-01-23 07:50:18,63,77,2.49,1009,17.01,0.0,0.47,1.51,0.0,0.0,0.0,12.76,N,N,N,N,N,206.0,206.0,0.0,1215.0,7,Tuesday,Cypress Hills,Brooklyn,East New York/Pennsylvania Avenue,Brooklyn,-73.87817291227658,40.68383923597394,-73.89536398494168,40.666558142144005,3.073,17.48,17.01,0.47,4.250000000000002,0.2431350114416477,0.508364717542121,2.9983647175421213,0.26325642220019824,0.5996729435084243,0.8629293657086226,11.897070634291378,35.25057965715963,2024-01
HV0003,B03404,B03404,2024-01-26 22:04:37,2024-01-26 22:07:03,2024-01-26 22:07:09,2024-01-26 22:14:47,234,90,1.01,458,9.11,0.0,0.25,0.81,2.75,0.0,0.0,5.63,N,N,N,N,N,152.0,146.0,6.0,610.0,22,Friday,Union Sq,Manhattan,Flatiron,Manhattan,-73.99045767416112,40.74033681887629,-73.9969712245153,40.742278038328486,3.073,12.11,9.11,3.0,3.4799999999999995,0.28736581337737405,0.32196506550218346,1.3319650655021835,0.11694653275109171,0.2663930131004367,0.3833395458515284,5.246660454148471,30.963897762187695,2024-01
HV0003,B03404,B03404,2024-01-08 09:59:08,2024-01-08 10:02:17,2024-01-08 10:02:19,2024-01-08 10:17:04,244,244,1.91,885,15.71,0.0,0.43,1.39,0.0,0.0,3.0,10.83,N,N,N,N,N,191.0,189.0,2.0,1076.0,10,Monday,Washington Heights South,Manhattan,Washington Heights South,Manhattan,-73.9413990935137,40.84170795917971,-73.9413990935137,40.84170795917971,3.073,19.14,15.71,0.43,7.880000000000001,0.4117032392894462,0.4078983050847457,2.3178983050847455,0.20351147118644067,0.46357966101694914,0.6670911322033898,10.16290886779661,34.00229732720055,2024-01
HV0003,B03404,B03404,2024-01-31 07:54:46,2024-01-31 07:57:53,2024-01-31 07:59:54,2024-01-31 08:27:01,50,88,4.87,1627,30.3,0.0,0.83,2.69,0.75,0.0,0.0,23.7,Y,N,N,N,N,308.0,187.0,121.0,1935.0,7,Wednesday,Clinton West,Manhattan,Financial District South,Manhattan,-73.99513507723576,40.76623709408489,-74.01151486998491,40.70335745268971,3.073,31.88,30.3,1.58,6.600000000000001,0.20702634880803017,0.5597357098955132,5.429735709895513,0.47673079532882606,1.0859471419791027,1.5626779373079287,22.13732206269207,41.18571546547362,2024-01
HV0003,B03404,B03404,2024-01-17 20:59:42,2024-01-17 21:01:24,2024-01-17 21:03:24,2024-01-17 21:07:13,228,228,0.79,229,9.01,0.0,0.25,0.8,0.0,0.0,0.0,5.47,N,N,N,N,N,222.0,102.0,120.0,451.0,21,Wednesday,Sunset Park West,Brooklyn,Sunset Park West,Brooklyn,-74.01127289375856,40.652353822117504,-74.01127289375856,40.652353822117504,3.073,9.26,9.01,0.25,3.54,0.3822894168466523,0.35187772925764194,1.1418777292576419,0.10025686462882095,0.2283755458515284,0.32863241048034936,5.141367589519651,41.03974129106595,2024-01
HV0003,B03404,B03404,2024-01-21 00:05:36,2024-01-21 00:08:49,2024-01-21 00:09:19,2024-01-21 00:33:18,249,236,5.18,1439,40.5,0.0,1.11,3.59,2.75,0.0,0.0,36.72,N,N,N,N,N,223.0,193.0,30.0,1662.0,0,Sunday,West Village,Manhattan,Upper East Side North,Manhattan,-74.00287478437944,40.73457538224023,-73.957011704106,40.78043571518905,3.073,44.36,40.5,3.8600000000000003,3.780000000000001,0.08521190261496847,0.6947463516330785,5.874746351633078,0.5158027296733843,1.1749492703266158,1.690752,35.029247999999995,75.8756274368231,2024-01
HV0003,B03404,B03404,2024-01-13 18:32:13,2024-01-13 18:35:05,2024-01-13 18:36:06,2024-01-13 18:52:48,256,66,2.79,1002,17.03,0.0,0.47,1.51,0.0,0.0,0.0,13.09,N,N,N,N,N,233.0,172.0,61.0,1235.0,18,Saturday,Williamsburg (South Side),Brooklyn,DUMBO/Vinegar Hill,Brooklyn,-73.95990445316505,40.71087946812129,-73.98570143908047,40.70225846444536,3.073,17.5,17.03,0.47,3.9400000000000013,0.22514285714285723,0.4789221556886228,3.2689221556886228,0.2870113652694611,0.6537844311377246,0.9407957964071856,12.149204203592815,35.41468431816529,2024-01
HV0003,B03404,B03404,2024-01-26 01:21:20,2024-01-26 01:24:00,2024-01-26 01:24:15,2024-01-26 01:31:47,144,231,1.31,452,22.33,0.0,0.61,1.98,2.75,0.0,0.0,14.4,N,N,N,N,N,175.0,160.0,15.0,627.0,1,Friday,Little Italy/NoLiTa,Manhattan,TriBeCa/Civic Center,Manhattan,-73.99691839304907,40.72088834178079,-74.00787947243188,40.717772159208046,3.073,25.689999999999998,22.33,3.36,7.929999999999998,0.3086804203970416,0.46371681415929206,1.773716814159292,0.15573233628318583,0.3547433628318584,0.5104756991150443,13.889524300884956,79.74846488546386,2024-01
HV0003,B03404,B03404,2024-01-29 11:16:34,2024-01-29 11:17:35,2024-01-29 11:18:23,2024-01-29 11:24:22,221,115,1.76,359,10.67,0.0,0.29,0.95,0.0,0.0,0.0,5.68,N,N,N,N,N,109.0,61.0,48.0,468.0,11,Monday,Stapleton,Staten Island,Grymes Hill/Clifton,Staten Island,-74.07370346784535,40.61876794148682,-74.08783896409189,40.6179708239285,3.073,10.959999999999999,10.67,0.29,4.99,0.4552919708029198,0.2990529247910863,2.0590529247910863,0.18078484679665738,0.41181058495821726,0.5925954317548746,5.087404568245125,39.133881294193266,2024-01
HV0003,B03404,B03404,2024-01-31 14:14:07,2024-01-31 14:17:17,2024-01-31 14:18:07,2024-01-31 14:25:20,167,167,0.95,433,8.87,0.0,0.24,0.79,0.0,0.0,0.0,5.4,N,N,N,N,N,240.0,190.0,50.0,673.0,14,Wednesday,Morrisania/Melrose,Bronx,Morrisania/Melrose,Bronx,-73.90235192494784,40.827512011036994,-73.90235192494784,40.827512011036994,3.073,9.11,8.87,0.24,3.469999999999999,0.38090010976948396,0.4168591224018475,1.3668591224018476,0.12001023094688221,0.2733718244803695,0.3933820554272517,5.006617944572748,26.7813144137621,2024-01
HV0003,B03404,B03404,2024-01-06 23:37:18,2024-01-06 23:41:24,2024-01-06 23:41:24,2024-01-06 23:52:52,189,65,1.86,688,10.73,0.0,0.3,0.95,0.0,0.0,3.0,8.91,N,N,N,N,N,246.0,246.0,0.0,934.0,23,Saturday,Prospect Heights,Brooklyn,Downtown Brooklyn/MetroTech,Brooklyn,-73.96758660822772,40.67763488015176,-73.98608580922685,40.69533700725102,3.073,14.030000000000001,10.73,0.3,4.82,0.3435495367070563,0.6650581395348838,2.5250581395348837,0.2217001046511628,0.5050116279069767,0.7267117325581396,8.18328826744186,31.541582187142076,2024-01
HV0003,B03404,B03404,2024-01-19 23:56:55,2024-01-20 00:01:23,2024-01-20 00:01:34,2024-01-20 00:14:25,156,206,4.71,771,17.88,0.0,0.49,1.59,0.0,0.0,0.0,13.44,N,N,N,N,N,279.0,268.0,11.0,1050.0,0,Saturday,Mariners Harbor,Staten Island,Saint George/New Brighton,Staten Island,-74.16723434585514,40.6313075708165,-74.10231448191689,40.638972921799166,3.073,18.369999999999997,17.88,0.49,4.4399999999999995,0.2416984213391399,1.6371984435797664,6.347198443579766,0.5572840233463034,1.2694396887159534,1.8267237120622568,11.613276287937742,39.8169472729294,2024-01
HV0003,B03404,B03404,2024-01-06 19:42:59,2024-01-06 19:44:01,2024-01-06 19:45:22,2024-01-06 20:11:33,234,66,5.12,1571,33.36,0.0,0.92,2.96,2.75,0.0,0.0,22.05,N,N,N,N,N,143.0,62.0,81.0,1714.0,19,Saturday,Union Sq,Manhattan,DUMBO/Vinegar Hill,Brooklyn,-73.99045767416112,40.74033681887629,-73.98570143908047,40.70225846444536,3.073,37.03,33.36,3.67,11.309999999999999,0.30542803132595187,0.202062380649268,5.322062380649268,0.4672770770210058,1.0644124761298537,1.5316895531508594,20.518310446849142,43.09563454414056,2024-01
HV0003,B03404,B03404,2024-01-08 06:30:46,2024-01-08 06:34:13,2024-01-08 06:34:34,2024-01-08 06:49:37,250,47,3.78,903,20.51,0.0,0.56,1.82,0.0,0.0,0.0,13.46,N,N,N,N,N,228.0,207.0,21.0,1131.0,6,Monday,Westchester Village/Unionport,Bronx,Claremont/Bathgate,Bronx,-73.848640882231,40.83210078158579,-73.90031679211252,40.84274782905238,3.073,21.07,20.51,0.56,7.050000000000001,0.33459895586141436,0.8665116279069767,4.6465116279069765,0.40796372093023253,0.9293023255813954,1.337266046511628,12.122733953488373,38.586951576090314,2024-01
HV0003,B03404,B03404,2024-01-12 03:30:41,2024-01-12 03:34:51,2024-01-12 03:35:15,2024-01-12 04:08:00,48,165,13.09,1965,41.58,0.0,1.14,3.69,2.75,0.0,0.0,35.67,N,N,N,N,N,274.0,250.0,24.0,2239.0,3,Friday,Clinton East,Manhattan,Midwood,Brooklyn,-73.98984463380468,40.762252049908085,-73.95682451037044,40.620923471324446,3.073,45.47,41.58,3.8899999999999997,5.909999999999997,0.12997580822520335,1.6653944020356233,14.755394402035623,1.2955236284987277,2.951078880407125,4.246602508905853,31.42339749109415,50.52444438049975,2024-01
HV0003,B03404,B03404,2024-01-29 12:02:15,2024-01-29 12:07:53,2024-01-29 12:08:52,2024-01-29 12:26:38,55,210,3.88,1066,19.71,0.0,0.54,1.75,0.0,0.0,0.0,15.12,N,N,N,N,N,397.0,338.0,59.0,1463.0,12,Monday,Coney Island,Brooklyn,Sheepshead Bay,Brooklyn,-73.98794380632961,40.57696110526678,-73.94050746825633,40.59202328403454,3.073,20.25,19.71,0.54,4.590000000000002,0.22666666666666674,1.2302439024390244,5.1102439024390245,0.44867941463414635,1.022048780487805,1.4707281951219513,13.649271804878047,33.58672487871563,2024-01
HV0003,B03404,B03404,2024-01-02 00:44:08,2024-01-02 00:47:31,2024-01-02 00:49:32,2024-01-02 00:56:46,222,77,1.76,434,9.16,0.0,0.25,0.81,0.0,0.0,0.0,6.66,N,N,N,N,N,324.0,203.0,121.0,758.0,0,Tuesday,Starrett City,Brooklyn,East New York/Pennsylvania Avenue,Brooklyn,-73.88241288548672,40.64752638452626,-73.89536398494168,40.666558142144005,3.073,9.41,9.16,0.25,2.5,0.26567481402763016,0.8232258064516128,2.5832258064516127,0.2268072258064516,0.5166451612903226,0.7434523870967742,5.916547612903226,28.09969842539791,2024-01
HV0003,B03404,B03404,2024-01-14 23:18:17,2024-01-14 23:21:49,2024-01-14 23:21:50,2024-01-14 23:28:42,233,140,1.64,412,14.86,0.0,0.41,1.32,2.75,0.0,0.0,6.79,N,N,N,N,N,213.0,212.0,1.0,625.0,23,Sunday,UN/Turtle Bay South,Manhattan,Lenox Hill East,Manhattan,-73.9704423734757,40.74991338603123,-73.9547388423982,40.76548333944988,3.073,18.02,14.86,3.16,8.07,0.44783573806881244,0.843883495145631,2.483883495145631,0.2180849708737864,0.4967766990291262,0.7148616699029126,6.075138330097087,34.992796781359225,2024-01
HV0003,B03404,B03404,2024-01-03 13:22:09,2024-01-03 13:24:28,2024-01-03 13:24:28,2024-01-03 14:02:28,36,76,5.61,2280,30.45,0.0,0.84,2.7,0.0,0.0,0.0,28.8,N,N,N,N,N,139.0,139.0,0.0,2419.0,13,Wednesday,Bushwick North,Brooklyn,East New York,Brooklyn,-73.9177095234613,40.700521468719735,-73.87682032859912,40.66093356035302,3.073,31.29,30.45,0.84,1.6499999999999986,0.052732502396931884,0.34201315789473685,5.952013157894737,0.5225867552631579,1.1904026315789475,1.7129893868421053,27.087010613157894,40.311384128717826,2024-01
HV0003,B03404,B03404,2024-01-28 21:16:58,2024-01-28 21:19:58,2024-01-28 21:21:08,2024-01-28 21:54:18,26,61,6.71,1990,30.39,0.0,0.84,2.7,0.0,0.0,0.0,28.53,N,N,N,N,N,250.0,180.0,70.0,2240.0,21,Sunday,Borough Park,Brooklyn,Crown Heights North,Brooklyn,-73.9886606263467,40.63094893241426,-73.93928693646026,40.67446920571126,3.073,31.23,30.39,0.84,1.8599999999999994,0.059558117195004784,0.6069346733668342,7.316934673366834,0.642426864321608,1.463386934673367,2.105813798994975,26.424186201005025,42.46744210875808,2024-01
HV0003,B03404,B03404,2024-01-19 09:27:37,2024-01-19 09:27:48,2024-01-19 09:28:45,2024-01-19 09:52:16,206,23,9.93,1411,27.76,0.0,0.76,2.46,0.0,0.0,0.0,26.32,N,N,N,N,N,68.0,11.0,57.0,1479.0,9,Friday,Saint George/New Brighton,Staten Island,Bloomfield/Emerson Hill,Staten Island,-74.10231448191689,40.638972921799166,-74.17088529675294,40.60644812566737,3.073,28.520000000000003,27.76,0.76,1.4400000000000013,0.05049088359046287,0.07741318214032601,10.007413182140326,0.8786508773919206,2.001482636428065,2.8801335138199855,23.439866486180016,57.05444175135095,2024-01
HV0003,B03404,B03404,2024-01-06 09:38:33,2024-01-06 09:40:16,2024-01-06 09:41:49,2024-01-06 10:00:30,250,168,6.11,1121,19.68,0.0,0.54,1.75,0.0,0.0,0.0,19.57,N,N,N,N,N,196.0,103.0,93.0,1317.0,9,Saturday,Westchester Village/Unionport,Bronx,Mott Haven/Port Morris,Bronx,-73.848640882231,40.83210078158579,-73.91682135545611,40.80734651795231,3.073,20.22,19.68,0.54,0.10999999999999943,0.005440158259149329,0.5614005352363961,6.671400535236397,0.5857489669937557,1.3342801070472794,1.920029074041035,17.649970925958964,48.245934193965276,2024-01
HV0003,B03404,B03404,2024-01-27 20:01:40,2024-01-27 20:05:02,2024-01-27 20:05:12,2024-01-27 20:16:15,76,63,2.29,663,15.17,0.0,0.42,1.35,0.0,0.0,0.0,9.24,N,N,N,N,N,212.0,202.0,10.0,875.0,20,Saturday,East New York,Brooklyn,Cypress Hills,Brooklyn,-73.87682032859912,40.66093356035302,-73.87817291227658,40.68383923597394,3.073,15.59,15.17,0.42,5.93,0.38037203335471453,0.697707390648567,2.987707390648567,0.2623207088989442,0.5975414781297135,0.8598621870286577,8.380137812971343,34.47828128765352,2024-01
HV0003,B03404,B03404,2024-01-07 14:23:38,2024-01-07 14:25:54,2024-01-07 14:26:17,2024-01-07 14:48:15,43,164,3.0,1318,23.47,0.0,0.65,2.08,2.75,0.0,0.0,16.33,N,N,N,N,N,159.0,136.0,23.0,1477.0,14,Sunday,Central Park,Manhattan,Midtown South,Manhattan,-73.96555517265493,40.78247645954525,-73.98515619423324,40.74857395489648,3.073,26.869999999999997,23.47,3.4,7.140000000000001,0.2657238556010421,0.3095599393019727,3.309559939301973,0.2905793626707132,0.6619119878603946,0.9524913505311079,15.37750864946889,37.480725211975624,2024-01
HV0003,B03404,B03404,2024-01-08 08:41:56,2024-01-08 08:44:13,2024-01-08 08:45:03,2024-01-08 09:01:43,140,43,2.45,1000,21.65,0.0,0.6,1.92,2.75,0.0,4.03,12.62,N,N,N,N,N,187.0,137.0,50.0,1187.0,8,Monday,Lenox Hill East,Manhattan,Central Park,Manhattan,-73.9547388423982,40.76548333944988,-73.96555517265493,40.78247645954525,3.073,29.03,21.65,3.35,13.06,0.4498794350671719,0.33565000000000006,2.7856500000000004,0.24458007,0.5571300000000001,0.8017100700000002,11.818289929999999,35.84317080707666,2024-01
HV0003,B03404,B03404,2024-01-12 00:09:07,2024-01-12 00:09:59,2024-01-12 00:10:23,2024-01-12 00:39:00,231,102,10.22,1717,35.13,0.0,0.97,3.12,2.75,0.0,0.0,29.57,N,N,N,N,N,76.0,52.0,24.0,1793.0,0,Friday,TriBeCa/Civic Center,Manhattan,Glendale,Queens,-74.00787947243188,40.717772159208046,-73.87573709634573,40.70354544399082,3.073,38.85,35.13,3.7199999999999998,5.560000000000002,0.14311454311454316,0.3095165987186954,10.529516598718697,0.9244915573675017,2.1059033197437396,3.0303948771112412,26.53960512288876,53.286435271834655,2024-01
HV0003,B03404,B03404,2024-01-21 13:48:17,2024-01-21 13:50:50,2024-01-21 13:51:41,2024-01-21 14:03:12,127,136,1.54,691,10.69,0.0,0.29,0.95,0.0,0.0,0.0,8.52,N,N,N,N,N,204.0,153.0,51.0,895.0,13,Sunday,Inwood,Manhattan,Kingsbridge Heights,Bronx,-73.91930824408637,40.86607442573871,-73.90591111534405,40.8652635680692,3.073,10.979999999999999,10.69,0.29,2.17,0.197632058287796,0.3409840810419682,1.8809840810419682,0.1651504023154848,0.3761968162083937,0.5413472185238785,7.9786527814761214,32.09290504280898,2024-01
HV0003,B03404,B03404,2024-01-01 00:37:52,2024-01-01 00:48:02,2024-01-01 00:49:28,2024-01-01 00:57:45,211,232,1.48,497,27.07,0.0,0.74,2.4,2.75,0.0,3.29,12.38,N,N,N,N,N,696.0,610.0,86.0,1193.0,0,Monday,SoHo,Manhattan,Two Bridges/Seward Park,Manhattan,-74.00153738622468,40.72388757677251,-73.98302452983464,40.71473195717586,3.073,33.85,27.07,3.49,17.979999999999997,0.5311669128508123,1.8164989939637828,3.296498993963783,0.28943261167002016,0.6592997987927567,0.9487324104627768,11.431267589537224,34.49502374043085,2024-01
HV0003,B03404,B03404,2024-01-28 18:37:30,2024-01-28 18:38:09,2024-01-28 18:40:10,2024-01-28 18:55:14,237,107,2.9,904,21.76,0.0,0.6,1.93,2.75,0.0,0.0,12.7,N,N,N,N,N,160.0,39.0,121.0,1064.0,18,Sunday,Upper East Side South,Manhattan,Gramercy,Manhattan,-73.96563449518534,40.76861447337675,-73.98405192785955,40.73682342425488,3.073,25.110000000000003,21.76,3.35,9.060000000000002,0.3608124253285544,0.12511061946902655,3.0251106194690265,0.2656047123893805,0.6050221238938054,0.8706268362831859,11.829373163716813,40.02419491483132,2024-01
HV0003,B03404,B03404,2024-01-25 19:48:48,2024-01-25 19:50:08,2024-01-25 19:50:32,2024-01-25 20:02:20,34,189,2.01,708,15.18,0.0,0.42,1.35,0.0,0.0,3.0,9.3,N,N,N,N,N,104.0,80.0,24.0,812.0,19,Thursday,Brooklyn Navy Yard,Brooklyn,Prospect Heights,Brooklyn,-73.97118849549446,40.70085523841419,-73.96758660822772,40.67763488015176,3.073,18.6,15.18,0.42,8.879999999999999,0.47741935483870956,0.22711864406779658,2.237118644067796,0.1964190169491525,0.44742372881355924,0.6438427457627117,8.65615725423729,38.37705186607665,2024-01
HV0003,B03404,B03404,2024-01-21 15:30:13,2024-01-21 15:32:13,2024-01-21 15:33:55,2024-01-21 15:50:09,177,36,2.55,974,12.99,0.0,0.36,1.15,0.0,0.0,0.0,12.5,N,N,N,N,N,222.0,120.0,102.0,1196.0,15,Sunday,Ocean Hill,Brooklyn,Bushwick North,Brooklyn,-73.91363235241506,40.67664341763747,-73.9177095234613,40.700521468719735,3.073,13.35,12.99,0.36,0.4900000000000002,0.03670411985018728,0.31416837782340856,2.8641683778234084,0.25147398357289524,0.5728336755646817,0.8243076591375769,11.675692340862422,35.14422443737853,2024-01
HV0003,B03404,B03404,2024-01-23 10:10:18,2024-01-23 10:10:32,2024-01-23 10:12:32,2024-01-23 10:25:28,66,88,2.57,776,18.68,0.0,0.51,1.66,2.75,0.0,0.0,10.67,N,N,N,N,N,134.0,14.0,120.0,910.0,10,Tuesday,DUMBO/Vinegar Hill,Brooklyn,Financial District South,Manhattan,-73.98570143908047,40.70225846444536,-74.01151486998491,40.70335745268971,3.073,21.94,18.68,3.26,8.01,0.36508659981768454,0.046365979381443295,2.616365979381443,0.2297169329896907,0.5232731958762886,0.7529901288659793,9.91700987113402,39.232126962727996,2024-01
HV0003,B03404,B03404,2024-01-23 12:44:47,2024-01-23 12:51:09,2024-01-23 12:51:48,2024-01-23 13:11:55,141,162,2.25,1207,25.29,0.0,0.7,2.24,2.75,0.0,0.0,14.31,N,N,N,N,N,421.0,382.0,39.0,1628.0,12,Tuesday,Lenox Hill West,Manhattan,Midtown East,Manhattan,-73.95963478688095,40.76694745582751,-73.97235591714862,40.756686941672,3.073,28.74,25.29,3.45,10.979999999999999,0.38204592901878914,0.7120961060480531,2.962096106048053,0.26007203811101903,0.5924192212096105,0.8524912593206295,13.457508740679371,29.758618836883127,2024-01
HV0003,B03404,B03404,2024-01-09 14:32:24,2024-01-09 14:36:18,2024-01-09 14:36:43,2024-01-09 14:44:16,106,25,1.18,453,10.67,0.0,0.29,0.95,0.0,0.0,0.0,5.81,N,N,N,N,N,259.0,234.0,25.0,712.0,14,Tuesday,Gowanus,Brooklyn,Boerum Hill,Brooklyn,-73.99064748886755,40.67351226923787,-73.98611365960022,40.685633257491546,3.073,10.959999999999999,10.67,0.29,4.86,0.4434306569343066,0.6095364238410595,1.7895364238410596,0.15712129801324504,0.35790728476821193,0.5150285827814569,5.294971417218543,26.772327390430835,2024-01
HV0003,B03404,B03404,2024-01-23 19:08:45,2024-01-23 19:10:32,2024-01-23 19:11:29,2024-01-23 19:24:00,29,21,2.78,751,16.06,0.0,0.44,1.43,0.0,0.0,0.0,10.71,N,N,N,N,N,164.0,107.0,57.0,915.0,19,Tuesday,Brighton Beach,Brooklyn,Bensonhurst East,Brooklyn,-73.96121684069253,40.58092149012796,-73.9835379748552,40.60142880673965,3.073,16.5,16.06,0.44,5.349999999999998,0.3242424242424241,0.3960852197070572,3.176085219707057,0.2788602822902796,0.6352170439414114,0.914077326231691,9.79592267376831,38.541335109908104,2024-01
HV0003,B03404,B03404,2024-01-20 23:49:23,2024-01-21 00:00:33,2024-01-21 00:01:15,2024-01-21 00:27:07,232,36,4.31,1552,26.79,0.0,0.74,2.38,2.75,0.0,0.0,28.0,N,N,N,N,N,712.0,670.0,42.0,2264.0,0,Sunday,Two Bridges/Seward Park,Manhattan,Bushwick North,Brooklyn,-73.98302452983464,40.71473195717586,-73.9177095234613,40.700521468719735,3.073,30.279999999999998,26.79,3.49,-1.2100000000000009,-0.039960369881109674,1.860631443298969,6.170631443298968,0.5417814407216495,1.2341262886597937,1.7759077293814431,26.224092270618556,41.69908664939346,2024-01
HV0003,B03404,B03404,2024-01-12 18:20:04,2024-01-12 18:21:30,2024-01-12 18:21:38,2024-01-12 18:46:34,136,51,5.66,1496,21.01,0.0,0.58,1.86,0.0,0.0,0.0,21.5,N,N,N,N,N,94.0,86.0,8.0,1590.0,18,Friday,Kingsbridge Heights,Bronx,Co-Op City,Bronx,-73.90591111534405,40.8652635680692,-73.82826341101214,40.87397187629544,3.073,21.59,21.01,0.58,-0.48999999999999844,-0.022695692450208357,0.32537433155080214,5.985374331550802,0.5255158663101605,1.1970748663101605,1.722590732620321,19.777409267379678,44.77903985067097,2024-01
HV0003,B03404,B03404,2024-01-13 02:15:29,2024-01-13 02:18:59,2024-01-13 02:19:01,2024-01-13 02:37:17,237,231,4.76,1096,47.82,0.0,1.32,4.24,2.75,0.0,0.0,26.74,N,N,N,N,N,212.0,210.0,2.0,1308.0,2,Saturday,Upper East Side South,Manhattan,TriBeCa/Civic Center,Manhattan,-73.96563449518534,40.76861447337675,-74.00787947243188,40.717772159208046,3.073,51.89,47.82,4.07,21.080000000000002,0.40624397764501835,0.9120437956204379,5.6720437956204375,0.4980054452554744,1.1344087591240875,1.632414204379562,25.107585795620437,69.10344714390946,2024-01
HV0003,B03404,B03404,2024-01-08 19:06:05,2024-01-08 19:10:06,2024-01-08 19:10:58,2024-01-08 19:17:27,22,11,0.8,389,8.95,0.0,0.25,0.79,0.0,0.0,0.0,5.38,N,N,N,N,N,293.0,241.0,52.0,682.0,19,Monday,Bensonhurst West,Brooklyn,Bath Beach,Brooklyn,-73.99525874269187,40.6122174014384,-74.0074879610041,40.60427244439089,3.073,9.2,8.95,0.25,3.5699999999999994,0.38804347826086955,0.4956298200514139,1.295629820051414,0.11375629820051414,0.2591259640102828,0.37288226221079696,5.007117737789203,26.43053351325679,2024-01
HV0003,B03404,B03404,2024-01-17 23:10:20,2024-01-17 23:11:00,2024-01-17 23:11:13,2024-01-17 23:18:17,225,37,1.22,424,8.96,0.0,0.25,0.8,0.0,0.0,0.0,5.59,N,N,N,N,N,53.0,40.0,13.0,477.0,23,Wednesday,Stuyvesant Heights,Brooklyn,Bushwick South,Brooklyn,-73.93188774325893,40.68816752944304,-73.9222368522579,40.694993402702586,3.073,9.21,8.96,0.25,3.370000000000001,0.3659066232356135,0.11509433962264151,1.3350943396226416,0.11722128301886793,0.26701886792452834,0.38424015094339625,5.205759849056603,39.288753577785684,2024-01
HV0003,B03404,B03404,2024-01-18 14:57:59,2024-01-18 15:02:55,2024-01-18 15:04:55,2024-01-18 16:01:47,96,232,10.77,3412,44.13,0.0,1.21,3.92,2.75,0.0,0.0,46.23,N,N,N,N,N,416.0,296.0,120.0,3828.0,15,Thursday,Forest Park/Highland Park,Queens,Two Bridges/Seward Park,Manhattan,-73.87156137654857,40.69700086632645,-73.98302452983464,40.71473195717586,3.073,48.09,44.13,3.96,-2.0999999999999943,-0.04366812227074224,0.9343259085580304,11.70432590855803,1.027639814771395,2.340865181711606,3.368504996483001,42.86149500351699,40.30861599076834,2024-01
HV0003,B03404,B03404,2024-01-01 01:24:23,2024-01-01 01:27:52,2024-01-01 01:28:04,2024-01-01 01:39:15,238,116,2.74,671,21.44,0.0,0.59,1.9,2.75,0.0,0.0,28.01,N,N,N,N,N,221.0,209.0,12.0,892.0,1,Monday,Upper West Side North,Manhattan,Hamilton Heights,Manhattan,-73.97304858188282,40.79170437688446,-73.94852161825773,40.82701211556071,3.073,24.78,21.44,3.34,-6.57,-0.2651331719128329,0.8534426229508197,3.59344262295082,0.315504262295082,0.718688524590164,1.0341927868852459,26.975807213114756,108.87097081526134,2024-01
HV0003,B03404,B03404,2024-01-17 08:28:33,2024-01-17 08:33:30,2024-01-17 08:33:35,2024-01-17 08:37:41,222,76,0.98,246,8.89,0.0,0.24,0.79,0.0,0.0,0.0,5.39,N,N,N,N,N,302.0,297.0,5.0,548.0,8,Wednesday,Starrett City,Brooklyn,East New York,Brooklyn,-73.88241288548672,40.64752638452626,-73.87682032859912,40.66093356035302,3.073,9.13,8.89,0.24,3.500000000000001,0.38335158817086534,1.183170731707317,2.163170731707317,0.18992639024390243,0.4326341463414634,0.6225605365853658,4.767439463414634,31.318945380096135,2024-01
HV0003,B03404,B03404,2024-01-01 18:20:02,2024-01-01 18:24:51,2024-01-01 18:25:25,2024-01-01 18:30:03,100,90,0.94,278,10.05,0.0,0.28,0.89,2.75,0.0,0.0,5.4,N,N,N,N,N,323.0,289.0,34.0,601.0,18,Monday,Garment District,Manhattan,Flatiron,Manhattan,-73.98878634685092,40.75351217038599,-73.9969712245153,40.742278038328486,3.073,13.08,10.05,3.0300000000000002,4.65,0.35550458715596334,0.9771942446043165,1.9171942446043164,0.168329654676259,0.38343884892086333,0.5517685035971223,4.848231496402878,29.040987332862496,2024-01
HV0003,B03404,B03404,2024-01-21 15:47:31,2024-01-21 15:48:14,2024-01-21 15:49:20,2024-01-21 16:18:58,181,123,6.2,1778,41.14,0.0,1.13,3.65,0.0,0.0,0.0,25.86,N,N,N,N,N,109.0,43.0,66.0,1887.0,15,Sunday,Park Slope,Brooklyn,Homecrest,Brooklyn,-73.98141426627474,40.67037356101699,-73.96433371333775,40.59995356501545,3.073,42.27,41.14,1.13,15.280000000000001,0.3614856872486397,0.14994375703037122,6.349943757030371,0.5575250618672666,1.2699887514060744,1.8275138132733408,24.032486186726658,45.84894026084577,2024-01
HV0003,B03404,B03404,2024-01-02 14:41:25,2024-01-02 14:48:22,2024-01-02 14:48:22,2024-01-02 15:24:12,246,74,8.01,2150,31.52,0.0,0.87,2.8,2.75,0.0,3.79,30.74,N,N,N,N,N,417.0,417.0,0.0,2567.0,14,Tuesday,West Chelsea/Hudson Yards,Manhattan,East Harlem North,Manhattan,-74.00401522931482,40.75330822391948,-73.93734546230694,40.80116855904873,3.073,38.93,31.52,3.62,4.570000000000004,0.11739018751605455,1.553567441860465,9.563567441860465,0.8396812213953488,1.912713488372093,2.752394709767442,27.98760529023256,39.25024505057936,2024-01
HV0003,B03404,B03404,2024-01-13 21:57:37,2024-01-13 22:01:18,2024-01-13 22:03:11,2024-01-13 22:09:58,232,79,0.68,407,8.26,0.0,0.23,0.73,2.75,0.0,3.0,6.39,N,N,N,N,N,334.0,221.0,113.0,741.0,22,Saturday,Two Bridges/Seward Park,Manhattan,East Village,Manhattan,-73.98302452983464,40.71473195717586,-73.98593725800136,40.72761958691338,3.073,14.24,8.26,2.98,4.87,0.3419943820224719,0.3692383292383293,1.0492383292383294,0.09212312530712531,0.2098476658476659,0.3019707911547912,6.088029208845208,29.57746984054352,2024-01
HV0003,B03404,B03404,2024-01-29 17:40:09,2024-01-29 17:45:48,2024-01-29 17:45:51,2024-01-29 18:21:37,42,50,9.17,2146,42.97,0.0,1.18,3.81,2.75,0.0,0.0,34.47,N,N,N,N,N,342.0,339.0,3.0,2488.0,17,Monday,Central Harlem North,Manhattan,Clinton West,Manhattan,-73.9407718835631,40.81825672430646,-73.99513507723576,40.76623709408489,3.073,46.9,42.97,3.9299999999999997,8.5,0.18123667377398722,1.448569431500466,10.618569431500466,0.932310396085741,2.1237138863000933,3.056024282385834,31.413975717614164,45.45430570072789,2024-01
HV0003,B03404,B03404,2024-01-21 21:33:23,2024-01-21 21:35:49,2024-01-21 21:35:58,2024-01-21 21:54:17,82,9,9.31,1099,24.43,0.0,0.67,2.17,0.0,0.0,5.45,22.56,N,N,N,N,N,155.0,146.0,9.0,1254.0,21,Sunday,Elmhurst,Queens,Auburndale,Queens,-73.8771182418676,40.73949455225884,-73.78794894731018,40.751033566943725,3.073,30.55,24.43,0.67,7.32,0.23960720130932897,1.2368152866242037,10.546815286624204,0.9260103821656052,2.109363057324841,3.035373439490446,19.524626560509553,56.051559503855174,2024-01
HV0003,B03404,B03404,2024-01-26 19:06:23,2024-01-26 19:09:08,2024-01-26 19:10:34,2024-01-26 19:33:53,74,234,5.86,1399,25.4,0.0,0.7,2.25,2.75,0.0,0.0,20.85,N,N,N,N,N,251.0,165.0,86.0,1650.0,19,Friday,East Harlem North,Manhattan,Union Sq,Manhattan,-73.93734546230694,40.80116855904873,-73.99045767416112,40.74033681887629,3.073,28.849999999999998,25.4,3.45,4.549999999999997,0.15771230502599645,0.6911365260900644,6.5511365260900645,0.5751897869907077,1.310227305218013,1.8854170922087206,18.964582907791282,41.37727179881735,2024-01
HV0003,B03404,B03404,2024-01-26 16:09:17,2024-01-26 16:11:24,2024-01-26 16:12:50,2024-01-26 16:47:21,39,106,6.48,2071,46.53,0.0,1.28,4.13,0.0,0.0,0.0,27.98,N,N,N,N,N,213.0,127.0,86.0,2284.0,16,Friday,Canarsie,Brooklyn,Gowanus,Brooklyn,-73.89973483047997,40.63803639656562,-73.99064748886755,40.67351226923787,3.073,47.81,46.53,1.28,18.55,0.38799414348462663,0.39737324963785614,6.877373249637857,0.6038333713182038,1.3754746499275714,1.9793080212457752,26.000691978754226,40.98182623621506,2024-01
HV0003,B03404,B03404,2024-01-27 19:03:57,2024-01-27 19:05:24,2024-01-27 19:06:57,2024-01-27 19:31:26,231,141,7.69,1469,38.46,0.0,1.06,3.41,2.75,0.0,6.85,23.91,N,N,N,N,N,180.0,87.0,93.0,1649.0,19,Saturday,TriBeCa/Civic Center,Manhattan,Lenox Hill West,Manhattan,-74.00787947243188,40.717772159208046,-73.95963478688095,40.76694745582751,3.073,49.120000000000005,38.46,3.81,21.400000000000002,0.43566775244299677,0.45543226684819604,8.145432266848196,0.7151689530292716,1.6290864533696394,2.344255406398911,21.56574459360109,47.081067639153375,2024-01
HV0003,B03404,B03404,2024-01-05 12:40:00,2024-01-05 12:21:54,2024-01-05 12:23:57,2024-01-05 12:44:34,247,140,6.82,1237,28.83,0.0,0.79,2.56,2.75,0.0,0.0,22.97,N,N,N,N,N,-963.0,-1086.0,123.0,274.0,12,Friday,West Concourse,Bronx,Lenox Hill East,Manhattan,-73.92440974289835,40.82898691319468,-73.9547388423982,40.76548333944988,3.073,32.37,28.83,3.54,5.859999999999999,0.18103181958603645,-5.987485852869847,0.8325141471301531,0.07309474211802745,0.16650282942603065,0.23959757154405809,22.730402428455942,298.64762314759633,2024-01
HV0003,B03404,B03404,2024-01-13 17:00:02,2024-01-13 17:00:17,2024-01-13 17:01:06,2024-01-13 17:11:32,162,237,1.04,626,9.14,0.0,0.25,0.81,2.75,0.0,0.0,7.25,N,N,N,N,N,64.0,15.0,49.0,690.0,17,Saturday,Midtown East,Manhattan,Upper East Side South,Manhattan,-73.97235591714862,40.756686941672,-73.96563449518534,40.76861447337675,3.073,12.14,9.14,3.0,1.8900000000000006,0.15568369028006593,0.024920127795527155,1.0649201277955271,0.09349998722044728,0.21298402555910545,0.30648401277955273,6.943515987220447,36.22703993332407,2024-01
HV0003,B03404,B03404,2024-01-21 13:02:32,2024-01-21 13:05:47,2024-01-21 13:05:56,2024-01-21 13:16:42,76,76,2.19,646,13.43,0.0,0.37,1.19,0.0,0.0,3.0,8.95,N,N,N,N,N,204.0,195.0,9.0,850.0,13,Sunday,East New York,Brooklyn,East New York,Brooklyn,-73.87682032859912,40.66093356035302,-73.87682032859912,40.66093356035302,3.073,16.799999999999997,13.43,0.37,7.48,0.4452380952380953,0.6610681114551084,2.8510681114551084,0.2503237801857585,0.5702136222910217,0.8205374024767802,8.129462597523219,34.430665118921866,2024-01
HV0003,B03404,B03404,2024-01-26 19:34:28,2024-01-26 19:37:01,2024-01-26 19:39:01,2024-01-26 20:00:30,137,231,6.43,1289,33.89,0.0,0.93,3.01,2.75,0.0,0.0,20.57,N,N,N,N,N,273.0,153.0,120.0,1562.0,19,Friday,Kips Bay,Manhattan,TriBeCa/Civic Center,Manhattan,-73.97649447841282,40.74043833958882,-74.00787947243188,40.717772159208046,3.073,37.57,33.89,3.68,13.32,0.3545381953686452,0.7632195500387897,7.19321955003879,0.6315646764934058,1.438643910007758,2.0702085865011637,18.499791413498837,42.63716330896019,2024-01
HV0003,B03404,B03404,2024-01-13 22:55:29,2024-01-13 23:03:44,2024-01-13 23:04:57,2024-01-13 23:23:42,124,130,7.01,1125,31.05,0.0,0.85,2.76,0.0,0.0,0.0,21.55,N,N,N,N,N,568.0,495.0,73.0,1693.0,23,Saturday,Howard Beach,Queens,Jamaica,Queens,-73.8449183059148,40.65824687444377,-73.79398135276409,40.70436829225682,3.073,31.900000000000002,31.05,0.85,9.5,0.29780564263322884,3.0844,10.0944,0.88628832,2.0188800000000002,2.9051683200000005,18.64483168,39.64642294624926,2024-01
HV0003,B03404,B03404,2024-01-25 10:53:02,2024-01-25 10:56:38,2024-01-25 10:58:39,2024-01-25 11:14:53,204,23,7.79,974,21.8,0.0,0.6,1.93,0.0,0.0,0.0,19.4,N,N,N,N,N,337.0,216.0,121.0,1311.0,10,Thursday,Rossville/Woodrow,Staten Island,Bloomfield/Emerson Hill,Staten Island,-74.20782633766407,40.54033292861423,-74.17088529675294,40.60644812566737,3.073,22.400000000000002,21.8,0.6,2.400000000000002,0.10714285714285723,1.7275564681724846,9.517556468172485,0.8356414579055442,1.9035112936344971,2.7391527515400416,16.66084724845996,45.750610293253885,2024-01
HV0003,B03404,B03404,2024-01-01 02:53:18,2024-01-01 03:01:04,2024-01-01 03:03:04,2024-01-01 03:10:53,17,189,1.53,469,16.1,0.0,0.44,1.43,0.0,0.0,0.0,25.42,N,N,N,N,N,586.0,466.0,120.0,1055.0,3,Monday,Bedford,Brooklyn,Prospect Heights,Brooklyn,-73.94990474718477,40.69150649558427,-73.96758660822772,40.67763488015176,3.073,16.540000000000003,16.1,0.44,-9.32,-0.5634824667472792,1.5202132196162046,3.0502132196162046,0.26780872068230277,0.6100426439232409,0.8778513646055437,24.542148635394458,83.74572046200952,2024-01
HV0003,B03404,B03404,2024-01-02 08:31:30,2024-01-02 08:34:58,2024-01-02 08:35:13,2024-01-02 08:44:47,227,228,1.33,574,8.99,0.0,0.25,0.8,0.0,0.0,0.0,7.42,N,N,N,N,N,223.0,208.0,15.0,797.0,8,Tuesday,Sunset Park East,Brooklyn,Sunset Park West,Brooklyn,-74.0046526133707,40.64188580330356,-74.01127289375856,40.652353822117504,3.073,9.24,8.99,0.25,1.5700000000000003,0.16991341991341993,0.48195121951219516,1.8119512195121952,0.15908931707317073,0.36239024390243907,0.5214795609756098,6.89852043902439,31.16019269822811,2024-01
HV0003,B03404,B03404,2024-01-19 22:29:28,2024-01-19 22:32:36,2024-01-19 22:34:11,2024-01-19 22:43:43,83,82,1.35,572,9.52,0.0,0.26,0.84,0.0,0.0,0.0,7.14,N,N,N,N,N,283.0,188.0,95.0,855.0,22,Friday,Elmhurst/Maspeth,Queens,Elmhurst,Queens,-73.89217328348057,40.738323179532586,-73.8771182418676,40.73949455225884,3.073,9.78,9.52,0.26,2.38,0.24335378323108384,0.4437062937062937,1.7937062937062938,0.15748741258741258,0.3587412587412588,0.5162286713286713,6.623771328671328,27.889563489142436,2024-01
HV0003,B03404,B03404,2024-01-27 01:27:26,2024-01-27 01:36:36,2024-01-27 01:36:51,2024-01-27 01:40:25,4,224,0.8,214,11.8,0.0,0.32,1.05,2.75,0.0,3.0,5.39,N,N,N,N,N,565.0,550.0,15.0,779.0,1,Saturday,Alphabet City,Manhattan,Stuy Town/Peter Cooper Village,Manhattan,-73.97696809691621,40.723751540194456,-73.97659739896895,40.73182002928329,3.073,17.87,11.8,3.07,9.41,0.5265808617795187,2.0560747663551404,2.8560747663551407,0.25076336448598135,0.5712149532710281,0.8219783177570095,4.56802168224299,21.11024140702794,2024-01
HV0003,B03404,B03404,2024-01-22 08:42:04,2024-01-22 08:44:07,2024-01-22 08:44:21,2024-01-22 08:51:43,215,215,1.21,442,9.84,0.0,0.27,0.87,0.0,0.0,0.0,5.75,N,N,N,N,N,137.0,123.0,14.0,579.0,8,Monday,South Jamaica,Queens,South Jamaica,Queens,-73.79096502686893,40.69442676074992,-73.79096502686893,40.69442676074992,3.073,10.11,9.84,0.27,4.09,0.4045499505440158,0.33671945701357464,1.5467194570135745,0.13580196832579183,0.3093438914027149,0.44514585972850673,5.304854140271493,32.98354905868286,2024-01
HV0003,B03404,B03404,2024-01-01 17:31:36,2024-01-01 17:33:22,2024-01-01 17:33:33,2024-01-01 17:46:08,90,231,2.35,755,30.59,0.0,0.84,2.71,2.75,0.0,7.37,18.98,N,N,N,N,N,117.0,106.0,11.0,872.0,17,Monday,Flatiron,Manhattan,TriBeCa/Civic Center,Manhattan,-73.9969712245153,40.742278038328486,-74.00787947243188,40.717772159208046,3.073,41.55,30.59,3.59,18.98,0.4567990373044525,0.32993377483443714,2.679933774834437,0.2352981854304636,0.5359867549668874,0.771284940397351,18.20871505960265,75.17359428276323,2024-01
HV0003,B03404,B03404,2024-01-22 10:54:43,2024-01-22 10:56:10,2024-01-22 10:58:02,2024-01-22 11:04:04,116,244,0.96,362,8.92,0.0,0.25,0.79,0.0,0.0,0.0,5.69,N,N,N,N,N,199.0,87.0,112.0,561.0,10,Monday,Hamilton Heights,Manhattan,Washington Heights South,Manhattan,-73.94852161825773,40.82701211556071,-73.9413990935137,40.84170795917971,3.073,9.17,8.92,0.25,3.2299999999999995,0.3522355507088331,0.2307182320441989,1.190718232044199,0.10454506077348065,0.23814364640883978,0.3426887071823204,5.34731129281768,34.31429706620971,2024-01
HV0003,B03404,B03404,2024-01-06 21:39:55,2024-01-06 21:40:07,2024-01-06 21:42:07,2024-01-06 21:47:42,28,131,0.85,335,8.86,0.0,0.24,0.79,0.0,0.0,0.0,6.02,N,N,N,N,N,132.0,12.0,120.0,467.0,21,Saturday,Briarwood/Jamaica Hills,Queens,Jamaica Estates,Queens,-73.80872941622545,40.71159574889735,-73.77610132903203,40.72065468341462,3.073,9.1,8.86,0.24,2.84,0.3120879120879121,0.03044776119402985,0.8804477611940298,0.07730331343283581,0.17608955223880596,0.25339286567164176,5.766607134328358,44.45350253443702,2024-01
HV0003,B03404,B03404,2024-01-28 03:58:06,2024-01-28 04:07:40,2024-01-28 04:07:40,2024-01-28 04:22:16,79,163,2.95,876,27.74,0.0,0.76,2.46,2.75,0.0,0.0,13.71,N,N,N,N,N,574.0,574.0,0.0,1450.0,4,Sunday,East Village,Manhattan,Midtown North,Manhattan,-73.98593725800136,40.72761958691338,-73.97756832086549,40.764420870266285,3.073,31.25,27.74,3.51,14.029999999999998,0.4489599999999999,1.9329908675799088,4.882990867579909,0.428726598173516,0.9765981735159818,1.4053247716894979,12.304675228310503,30.54953849787435,2024-01
HV0003,B03404,B03404,2024-01-11 18:03:38,2024-01-11 18:08:51,2024-01-11 18:08:51,2024-01-11 18:29:43,18,167,3.78,1252,18.78,0.0,0.52,1.67,0.0,0.0,0.0,16.74,N,N,N,N,N,313.0,313.0,0.0,1565.0,18,Thursday,Bedford Park,Bronx,Morrisania/Melrose,Bronx,-73.890183667512,40.86768169710327,-73.90235192494784,40.827512011036994,3.073,19.3,18.78,0.52,2.0400000000000027,0.1056994818652851,0.945,4.725,0.4148549999999999,0.945,1.3598549999999998,15.380144999999999,35.37924728434504,2024-01
HV0003,B03404,B03404,2024-01-10 07:28:10,2024-01-10 07:31:07,2024-01-10 07:31:43,2024-01-10 07:52:04,197,173,6.29,1221,25.95,0.0,0.71,2.3,0.0,0.0,2.89,19.75,N,N,N,N,N,213.0,177.0,36.0,1434.0,7,Wednesday,Richmond Hill,Queens,North Corona,Queens,-73.83092448484014,40.69454169265697,-73.86303760148317,40.7525784829494,3.073,29.55,25.95,0.71,9.09,0.30761421319796955,0.9118181818181819,7.201818181818182,0.6323196363636363,1.4403636363636365,2.072683272727273,17.67731672727273,44.3782009889692,2024-01
HV0003,B03404,B03404,2024-01-16 14:07:36,2024-01-16 14:08:44,2024-01-16 14:10:44,2024-01-16 14:32:07,48,151,4.09,1283,22.22,0.0,0.61,1.97,2.75,0.0,0.0,17.43,N,N,N,N,N,188.0,68.0,120.0,1471.0,14,Tuesday,Clinton East,Manhattan,Manhattan Valley,Manhattan,-73.98984463380468,40.762252049908085,-73.96816796764816,40.79796146642212,3.073,25.58,22.22,3.36,4.789999999999999,0.18725566849100858,0.21677318784099767,4.306773187840998,0.3781346858924396,0.8613546375681995,1.239489323460639,16.19051067653936,39.62327561899504,2024-01
HV0003,B03404,B03404,2024-01-14 18:00:28,2024-01-14 18:03:33,2024-01-14 18:03:34,2024-01-14 18:11:01,210,149,1.38,447,9.76,0.0,0.27,0.87,0.0,0.0,0.0,6.01,N,N,N,N,N,186.0,185.0,1.0,633.0,18,Sunday,Sheepshead Bay,Brooklyn,Madison,Brooklyn,-73.94050746825633,40.59202328403454,-73.94813579159555,40.604913128039314,3.073,10.03,9.76,0.27,3.75,0.37387836490528414,0.5711409395973154,1.9511409395973152,0.17131017449664426,0.39022818791946307,0.5615383624161073,5.448461637583892,30.986511682941565,2024-01
HV0003,B03404,B03404,2024-01-07 09:11:07,2024-01-07 09:13:40,2024-01-07 09:14:07,2024-01-07 09:29:48,163,220,10.12,941,38.23,3.18,1.14,3.68,2.75,0.0,9.79,22.14,N,N,N,N,N,180.0,153.0,27.0,1121.0,9,Sunday,Midtown North,Manhattan,Spuyten Duyvil/Kingsbridge,Bronx,-73.97756832086549,40.764420870266285,-73.91066473993713,40.88240269359515,3.073,55.089999999999996,38.23,7.07,25.879999999999995,0.46977672898892714,1.6454410201912857,11.765441020191284,1.0330057215727948,2.353088204038257,3.3860939256110516,18.75390607438895,60.22663859750243,2024-01
HV0003,B03404,B03404,2024-01-07 08:41:13,2024-01-07 08:44:13,2024-01-07 08:44:32,2024-01-07 09:00:49,260,107,6.34,977,27.91,6.94,0.96,3.09,2.75,0.0,6.24,18.02,N,N,N,N,N,199.0,180.0,19.0,1176.0,8,Sunday,Woodside,Queens,Gramercy,Manhattan,-73.90630705433507,40.74423288564698,-73.98405192785955,40.73682342425488,3.073,44.800000000000004,27.91,10.65,16.13,0.3600446428571428,1.1680655066530194,7.508065506653019,0.659208151484135,1.501613101330604,2.1608212528147392,15.859178747185261,48.548506368934476,2024-01
HV0003,B03404,B03404,2024-01-30 02:03:49,2024-01-30 02:10:06,2024-01-30 02:10:55,2024-01-30 02:37:26,242,153,8.55,1591,26.79,0.0,0.74,2.38,0.0,0.0,0.0,26.19,N,N,N,N,N,426.0,377.0,49.0,2017.0,2,Tuesday,Van Nest/Morris Park,Bronx,Marble Hill,Manhattan,-73.85067119492659,40.84678260105803,-73.91037847684808,40.87596732674075,3.073,27.529999999999998,26.79,0.74,0.5999999999999979,0.021794406102433633,2.025989943431804,10.575989943431804,0.9285719170333123,2.115197988686361,3.043769905719673,23.146230094280327,41.312061645716,2024-01
HV0003,B03404,B03404,2024-01-20 13:24:35,2024-01-20 13:26:10,2024-01-20 13:26:40,2024-01-20 13:46:49,107,236,3.2,1209,15.92,0.0,0.44,1.41,2.75,0.0,0.0,15.56,N,N,N,N,N,125.0,95.0,30.0,1334.0,13,Saturday,Gramercy,Manhattan,Upper East Side North,Manhattan,-73.98405192785955,40.73682342425488,-73.957011704106,40.78043571518905,3.073,19.11,15.92,3.19,0.35999999999999943,0.018838304552590238,0.2514474772539289,3.451447477253929,0.303037088502895,0.6902894954507859,0.9933265839536809,14.566673416046319,39.31036304180416,2024-01
HV0003,B03404,B03404,2024-01-29 10:23:44,2024-01-29 10:25:25,2024-01-29 10:27:27,2024-01-29 11:13:10,145,244,9.7,2743,35.97,0.0,0.99,3.19,2.75,0.0,0.0,38.53,N,N,N,N,N,223.0,101.0,122.0,2966.0,10,Monday,Long Island City/Hunters Point,Queens,Washington Heights South,Manhattan,-73.94889136420674,40.74537869757109,-73.9413990935137,40.84170795917971,3.073,39.71,35.97,3.74,-2.5600000000000023,-0.06446738856711161,0.3571636893911775,10.057163689391176,0.8830189719285453,2.0114327378782355,2.8944517098067806,35.63554829019322,43.25285699416574,2024-01
HV0003,B03404,B03404,2024-01-03 14:16:06,2024-01-03 14:16:17,2024-01-03 14:17:06,2024-01-03 14:38:05,211,68,2.66,1259,22.61,0.0,0.62,2.01,2.75,0.0,0.0,15.74,N,N,N,N,N,60.0,11.0,49.0,1319.0,14,Wednesday,SoHo,Manhattan,East Chelsea,Manhattan,-74.00153738622468,40.72388757677251,-73.99991751678058,40.748426777755405,3.073,25.98,22.61,3.37,6.869999999999999,0.2644341801385681,0.02324066719618745,2.6832406671961877,0.2355885305798253,0.5366481334392376,0.7722366640190629,14.967763335980937,40.85212131124441,2024-01
HV0003,B03404,B03404,2024-01-14 12:41:22,2024-01-14 12:45:04,2024-01-14 12:45:11,2024-01-14 13:06:16,55,228,8.1,1265,25.47,0.0,0.7,2.26,0.0,0.0,0.0,22.53,N,N,N,N,N,229.0,222.0,7.0,1494.0,12,Sunday,Coney Island,Brooklyn,Sunset Park West,Brooklyn,-73.98794380632961,40.57696110526678,-74.01127289375856,40.652353822117504,3.073,26.169999999999998,25.47,0.7,2.9399999999999977,0.11234237676729071,1.421501976284585,9.521501976284585,0.8359878735177865,1.904300395256917,2.7402882687747034,19.789711731225296,47.68605236439831,2024-01
HV0003,B03404,B03404,2024-01-17 08:37:53,2024-01-17 08:41:07,2024-01-17 08:42:42,2024-01-17 08:59:00,68,211,2.58,978,22.61,0.0,0.62,2.01,2.75,0.0,0.0,17.58,N,N,N,N,N,289.0,194.0,95.0,1267.0,8,Wednesday,East Chelsea,Manhattan,SoHo,Manhattan,-73.99991751678058,40.748426777755405,-74.00153738622468,40.72388757677251,3.073,25.98,22.61,3.37,5.030000000000001,0.19361046959199388,0.5117791411042946,3.0917791411042947,0.2714582085889571,0.618355828220859,0.8898140368098161,16.69018596319018,47.422785688622454,2024-01
HV0003,B03404,B03404,2024-01-06 01:24:57,2024-01-06 01:25:50,2024-01-06 01:26:25,2024-01-06 01:46:00,107,95,10.43,1175,30.83,6.94,1.04,3.35,2.75,0.0,0.0,24.99,N,N,N,N,N,88.0,53.0,35.0,1263.0,1,Saturday,Gramercy,Manhattan,Forest Hills,Queens,-73.98405192785955,40.73682342425488,-73.84766918479201,40.72143087062858,3.073,41.559999999999995,30.83,10.73,5.84,0.14051973051010588,0.47045957446808506,10.900459574468085,0.9570603506382979,2.1800919148936173,3.137152265531915,21.852847734468085,62.28840209349573,2024-01
HV0003,B03404,B03404,2024-01-01 00:30:56,2024-01-01 00:34:20,2024-01-01 00:34:51,2024-01-01 00:51:19,179,121,8.4,988,25.94,0.0,0.71,2.3,0.0,0.0,0.0,20.68,N,N,N,N,N,235.0,204.0,31.0,1223.0,0,Monday,Old Astoria,Queens,Hillcrest/Pomonok,Queens,-73.92833280320959,40.77156956195687,-73.80244406680485,40.72833215927266,3.073,26.650000000000002,25.94,0.71,5.260000000000002,0.19737335834896816,1.7344129554655872,10.134412955465587,0.8898014574898785,2.0268825910931176,2.9166840485829963,17.763315951417002,52.28776567874179,2024-01
HV0003,B03404,B03404,2024-01-21 19:53:40,2024-01-21 19:57:26,2024-01-21 19:57:44,2024-01-21 20:19:00,3,244,9.99,1276,25.92,0.0,0.71,2.3,0.0,0.0,0.0,25.13,N,N,N,N,N,244.0,226.0,18.0,1520.0,19,Sunday,Allerton/Pelham Gardens,Bronx,Washington Heights South,Manhattan,-73.84742177366226,40.864473188810734,-73.9413990935137,40.84170795917971,3.073,26.630000000000003,25.92,0.71,0.7900000000000027,0.02966579046188519,1.7693887147335425,11.759388714733543,1.0324743291536052,2.3518777429467086,3.384352072100314,21.745647927899686,51.502850355551885,2024-01
HV0003,B03404,B03404,2024-01-27 23:02:06,2024-01-27 23:02:58,2024-01-27 23:04:58,2024-01-27 23:14:49,148,231,1.23,591,12.55,0.0,0.35,1.11,2.75,0.0,0.0,8.68,N,N,N,N,N,172.0,52.0,120.0,763.0,23,Saturday,Lower East Side,Manhattan,TriBeCa/Civic Center,Manhattan,-73.99089618330311,40.71893779448139,-74.00787947243188,40.717772159208046,3.073,15.65,12.55,3.1,3.870000000000001,0.24728434504792338,0.10822335025380711,1.338223350253807,0.11749601015228427,0.2676446700507614,0.3851406802030457,8.294859319796954,39.13695091909441,2024-01
HV0003,B03404,B03404,2024-01-04 08:44:05,2024-01-04 08:46:01,2024-01-04 08:46:25,2024-01-04 09:00:23,148,13,3.69,838,21.71,0.0,0.6,1.93,2.75,0.0,0.0,12.73,N,N,N,N,N,140.0,116.0,24.0,978.0,8,Thursday,Lower East Side,Manhattan,Battery Park City,Manhattan,-73.99089618330311,40.71893779448139,-74.01607908770592,40.71203749145812,3.073,25.060000000000002,21.71,3.35,8.98,0.358339984038308,0.5107875894988066,4.200787589498806,0.3688291503579952,0.8401575178997613,1.2089866682577566,11.521013331742244,42.40863803095305,2024-01
HV0003,B03404,B03404,2024-01-30 16:08:37,2024-01-30 16:10:24,2024-01-30 16:11:02,2024-01-30 16:18:39,241,241,0.81,457,7.7,0.0,0.21,0.68,0.0,0.0,0.0,5.39,N,N,N,N,N,145.0,107.0,38.0,602.0,16,Tuesday,Van Cortlandt Village,Bronx,Van Cortlandt Village,Bronx,-73.89562004253389,40.87651165473252,-73.89562004253389,40.87651165473252,3.073,7.91,7.7,0.21,2.3100000000000005,0.29203539823008856,0.18964989059080964,0.9996498905908097,0.08776926039387309,0.19992997811816193,0.28769923851203505,5.102300761487965,30.51209757700444,2024-01
HV0003,B03404,B03404,2024-01-13 23:44:16,2024-01-13 23:51:27,2024-01-13 23:52:23,2024-01-14 00:13:49,256,61,3.42,1286,30.39,0.0,0.84,2.7,0.0,0.0,0.0,21.33,N,N,N,N,N,487.0,431.0,56.0,1773.0,23,Saturday,Williamsburg (South Side),Brooklyn,Crown Heights North,Brooklyn,-73.95990445316505,40.71087946812129,-73.93928693646026,40.67446920571126,3.073,31.23,30.39,0.84,9.060000000000002,0.2901056676272815,1.1462052877138413,4.566205287713841,0.4009128242612753,0.9132410575427683,1.3141538818040437,20.015846118195956,40.64131191511869,2024-01
HV0003,B03404,B03404,2024-01-04 11:05:01,2024-01-04 11:08:26,2024-01-04 11:08:48,2024-01-04 11:34:29,68,162,3.1,1541,27.96,0.0,0.77,2.48,2.75,0.0,3.0,18.55,N,N,N,N,N,227.0,205.0,22.0,1768.0,11,Thursday,East Chelsea,Manhattan,Midtown East,Manhattan,-73.99991751678058,40.748426777755405,-73.97235591714862,40.756686941672,3.073,34.480000000000004,27.96,3.52,12.41,0.3599187935034802,0.41239454899415967,3.51239454899416,0.30838824140168725,0.702478909798832,1.0108671512005192,17.539132848799483,35.71316643420709,2024-01
HV0003,B03404,B03404,2024-01-14 10:47:15,2024-01-14 10:49:49,2024-01-14 10:49:56,2024-01-14 11:02:08,239,50,2.29,732,17.18,0.0,0.47,1.52,2.75,0.0,0.0,9.89,N,N,N,N,N,161.0,154.0,7.0,893.0,10,Sunday,Upper West Side South,Manhattan,Clinton West,Manhattan,-73.97863166507607,40.783960878966745,-73.99513507723576,40.76623709408489,3.073,20.4,17.18,3.2199999999999998,7.289999999999999,0.3573529411764706,0.48177595628415304,2.771775956284153,0.24336192896174863,0.5543551912568306,0.7977171202185793,9.092282879781422,36.65421989609532,2024-01
HV0003,B03404,B03404,2024-01-17 11:19:04,2024-01-17 11:20:04,2024-01-17 11:22:04,2024-01-17 11:39:41,238,74,2.31,1057,20.17,0.0,0.55,1.79,2.75,0.0,0.0,12.99,N,N,N,N,N,180.0,60.0,120.0,1237.0,11,Wednesday,Upper West Side North,Manhattan,East Harlem North,Manhattan,-73.97304858188282,40.79170437688446,-73.93734546230694,40.80116855904873,3.073,23.470000000000002,20.17,3.3,7.1800000000000015,0.30592245419684705,0.13112582781456955,2.4411258278145698,0.21433084768211924,0.48822516556291395,0.7025560132450333,12.287443986754967,35.75973997762157,2024-01
HV0003,B03404,B03404,2024-01-31 07:57:54,2024-01-31 08:02:41,2024-01-31 08:04:53,2024-01-31 09:00:11,36,87,6.28,3318,48.78,0.0,1.34,4.33,2.75,0.0,0.0,42.93,N,N,N,N,N,419.0,287.0,132.0,3737.0,8,Wednesday,Bushwick North,Brooklyn,Financial District North,Manhattan,-73.9177095234613,40.700521468719735,-74.0074957883342,40.70680798106304,3.073,52.870000000000005,48.78,4.09,5.850000000000001,0.11064876111216193,0.5432067510548523,6.823206751054853,0.5990775527426161,1.3646413502109707,1.9637189029535866,40.96628109704641,39.46443991152451,2024-01
HV0003,B03404,B03404,2024-01-29 17:04:33,2024-01-29 17:07:59,2024-01-29 17:08:13,2024-01-29 17:13:27,180,124,1.06,314,8.95,0.0,0.25,0.79,0.0,0.0,0.0,5.38,N,N,N,N,N,220.0,206.0,14.0,534.0,17,Monday,Ozone Park,Queens,Howard Beach,Queens,-73.84704304397084,40.675594357483554,-73.8449183059148,40.65824687444377,3.073,9.2,8.95,0.25,3.5699999999999994,0.38804347826086955,0.6954140127388535,1.7554140127388536,0.15412535031847133,0.35108280254777074,0.5052081528662421,4.874791847133758,32.86376526157589,2024-01
HV0003,B03404,B03404,2024-01-31 16:28:07,2024-01-31 16:29:06,2024-01-31 16:31:06,2024-01-31 16:48:34,155,123,1.69,1048,16.15,0.0,0.44,1.43,0.0,0.0,0.0,12.07,N,N,N,N,N,179.0,59.0,120.0,1227.0,16,Wednesday,Marine Park/Mill Basin,Brooklyn,Homecrest,Brooklyn,-73.91527748073477,40.614590889869376,-73.96433371333775,40.59995356501545,3.073,16.59,16.15,0.44,4.079999999999998,0.24593128390596736,0.09514312977099236,1.7851431297709923,0.1567355667938931,0.3570286259541985,0.5137641927480916,11.556235807251909,33.90582632934546,2024-01
HV0003,B03404,B03404,2024-01-07 00:42:21,2024-01-07 00:44:16,2024-01-07 00:44:46,2024-01-07 00:46:53,87,87,0.33,127,7.34,0.0,0.2,0.65,2.75,0.0,0.0,5.66,N,N,N,N,N,145.0,115.0,30.0,272.0,0,Sunday,Financial District North,Manhattan,Financial District North,Manhattan,-74.0074957883342,40.70680798106304,-74.0074957883342,40.70680798106304,3.073,10.29,7.34,2.95,1.6799999999999997,0.16326530612244897,0.2988188976377953,0.6288188976377953,0.05521029921259842,0.12576377952755907,0.1809740787401575,5.479025921259843,72.51651954608616,2024-01
HV0003,B03404,B03404,2024-01-30 17:33:49,2024-01-30 17:36:25,2024-01-30 17:36:25,2024-01-30 18:06:44,50,13,4.97,1819,56.2,0.0,1.55,4.99,2.75,0.0,9.82,37.03,N,N,N,N,N,156.0,156.0,0.0,1975.0,17,Tuesday,Clinton West,Manhattan,Battery Park City,Manhattan,-73.99513507723576,40.76623709408489,-74.01607908770592,40.71203749145812,3.073,70.32,56.2,4.3,28.99000000000001,0.41225824800910144,0.42623419461242434,5.396234194612424,0.47378936228697077,1.0792468389224847,1.5530362012094554,35.47696379879054,64.66687072184605,2024-01
HV0003,B03404,B03404,2024-01-14 19:16:16,2024-01-14 19:20:54,2024-01-14 19:21:07,2024-01-14 19:57:32,232,242,15.21,2185,40.57,6.94,1.31,4.22,2.75,0.0,5.0,40.53,N,N,N,N,N,291.0,278.0,13.0,2476.0,19,Sunday,Two Bridges/Seward Park,Manhattan,Van Nest/Morris Park,Bronx,-73.98302452983464,40.71473195717586,-73.85067119492659,40.84678260105803,3.073,56.57,40.57,11.0,5.039999999999999,0.08909315891815449,1.9351853546910756,17.145185354691076,1.5053472741418765,3.4290370709382154,4.934384345080092,35.59561565491991,51.754530031385976,2024-01
HV0003,B03404,B03404,2024-01-28 08:25:27,2024-01-28 08:31:11,2024-01-28 08:32:03,2024-01-28 08:41:52,126,159,1.9,589,12.53,0.0,0.34,1.11,0.0,0.0,0.0,8.04,N,N,N,N,N,396.0,344.0,52.0,985.0,8,Sunday,Hunts Point,Bronx,Melrose South,Bronx,-73.88553690148994,40.81207355275024,-73.9128491499624,40.81825923634175,3.073,12.87,12.53,0.34,4.49,0.3488733488733489,1.1096774193548387,3.009677419354839,0.26424967741935484,0.6019354838709678,0.8661851612903226,7.173814838709676,26.219018699852622,2024-01
HV0003,B03404,B03404,2024-01-23 08:16:56,2024-01-23 08:20:10,2024-01-23 08:21:40,2024-01-23 08:41:58,168,147,2.51,1218,13.78,0.0,0.38,1.22,0.0,0.0,0.0,14.75,N,N,N,N,N,284.0,194.0,90.0,1502.0,8,Tuesday,Mott Haven/Port Morris,Bronx,Longwood,Bronx,-73.91682135545611,40.80734651795231,-73.89895639411876,40.81967507177996,3.073,14.16,13.78,0.38,-0.9700000000000006,-0.06850282485875711,0.39978653530377667,2.9097865353037764,0.25547925779967157,0.5819573070607553,0.837436564860427,13.912563435139573,33.34569132257155,2024-01
HV0003,B03404,B03404,2024-01-20 00:35:01,2024-01-20 00:37:38,2024-01-20 00:39:16,2024-01-20 01:03:09,40,107,6.91,1433,36.04,0.0,0.99,3.2,2.75,0.0,0.0,22.88,N,N,N,N,N,255.0,157.0,98.0,1688.0,0,Saturday,Carroll Gardens,Brooklyn,Gramercy,Manhattan,-73.99595614226644,40.6791985676148,-73.98405192785955,40.73682342425488,3.073,39.78,36.04,3.74,13.16,0.3308195072900955,0.7570621074668528,7.667062107466853,0.6731680530355897,1.5334124214933706,2.2065804745289603,20.67341952547104,44.09023121545956,2024-01
HV0003,B03404,B03404,2024-01-03 00:04:18,2024-01-03 00:05:56,2024-01-03 00:06:12,2024-01-03 00:26:47,26,217,8.79,1235,25.96,0.0,0.71,2.3,0.0,0.0,0.0,23.59,N,N,N,N,N,114.0,98.0,16.0,1349.0,0,Wednesday,Borough Park,Brooklyn,South Williamsburg,Brooklyn,-73.9886606263467,40.63094893241426,-73.95859672937166,40.70391593168995,3.073,26.67,25.96,0.71,2.370000000000001,0.08886389201349834,0.6975060728744938,9.487506072874494,0.8330030331983805,1.8975012145748988,2.7305042477732795,20.85949575222672,55.66655649222846,2024-01
HV0003,B03404,B03404,2024-01-11 15:20:26,2024-01-11 15:23:48,2024-01-11 15:23:58,2024-01-11 15:34:07,6,6,2.16,609,11.56,0.0,0.32,1.03,0.0,0.0,0.0,8.56,N,N,N,N,N,212.0,202.0,10.0,821.0,15,Thursday,Arrochar/Fort Wadsworth,Staten Island,Arrochar/Fort Wadsworth,Staten Island,-74.07177041805625,40.60032422233955,-74.07177041805625,40.60032422233955,3.073,11.88,11.56,0.32,3.0,0.2525252525252525,0.7164532019704434,2.8764532019704436,0.25255259113300493,0.5752906403940887,0.8278432315270936,7.7321567684729064,33.90470690195184,2024-01
HV0003,B03404,B03404,2024-01-19 19:52:25,2024-01-19 19:55:38,2024-01-19 19:55:49,2024-01-19 20:07:03,61,181,2.19,674,14.22,0.0,0.39,1.26,0.0,0.0,0.0,9.21,N,N,N,N,N,204.0,193.0,11.0,878.0,19,Friday,Crown Heights North,Brooklyn,Park Slope,Brooklyn,-73.93928693646026,40.67446920571126,-73.98141426627474,40.67037356101699,3.073,14.610000000000001,14.22,0.39,5.01,0.34291581108829566,0.627106824925816,2.817106824925816,0.24734197922848666,0.5634213649851633,0.8107633442136499,8.399236655786352,34.43878355447707,2024-01
HV0003,B03404,B03404,2024-01-12 16:29:54,2024-01-12 16:33:34,2024-01-12 16:34:17,2024-01-12 17:19:28,242,119,8.26,2711,29.71,0.0,0.82,2.64,0.0,0.0,0.0,37.69,N,N,N,N,N,263.0,220.0,43.0,2974.0,16,Friday,Van Nest/Morris Park,Bronx,Highbridge,Bronx,-73.85067119492659,40.84678260105803,-73.92615739281834,40.83782626996652,3.073,30.53,29.71,0.82,-7.979999999999997,-0.26138224697019313,0.6703061600885283,8.930306160088527,0.7840808808557727,1.7860612320177056,2.5701421128734783,35.11985788712652,42.51226913034817,2024-01
HV0003,B03404,B03404,2024-01-05 16:25:05,2024-01-05 16:28:47,2024-01-05 16:29:38,2024-01-05 17:08:26,35,55,13.68,2328,45.66,0.0,1.26,4.05,0.0,0.0,0.0,39.86,N,N,N,N,N,273.0,222.0,51.0,2601.0,16,Friday,Brownsville,Brooklyn,Coney Island,Brooklyn,-73.91025783392547,40.66400239681814,-73.98794380632961,40.57696110526678,3.073,46.919999999999995,45.66,1.26,5.799999999999997,0.12361466325660694,1.3045360824742267,14.984536082474227,1.315642268041237,2.9969072164948454,4.312549484536082,35.547450515463915,49.2006235508151,2024-01
HV0003,B03404,B03404,2024-01-13 02:25:02,2024-01-13 02:32:25,2024-01-13 02:33:08,2024-01-13 02:52:33,164,160,7.51,1165,29.95,6.94,1.01,3.27,2.75,0.0,0.0,23.82,N,N,N,N,N,486.0,443.0,43.0,1651.0,2,Saturday,Midtown South,Manhattan,Middle Village,Queens,-73.98515619423324,40.74857395489648,-73.880051202423,40.71833605673999,3.073,40.65,29.95,10.7,6.129999999999999,0.15079950799507993,2.855733905579399,10.365733905579399,0.9101114369098712,2.07314678111588,2.983258218025751,20.83674178197425,45.43444604185784,2024-01
HV0003,B03404,B03404,2024-01-30 08:19:22,2024-01-30 08:22:40,2024-01-30 08:22:40,2024-01-30 08:57:47,259,126,7.83,2107,25.38,0.0,0.7,2.25,0.0,0.0,0.0,30.1,N,N,N,N,N,198.0,198.0,0.0,2305.0,8,Tuesday,Woodlawn/Wakefield,Bronx,Hunts Point,Bronx,-73.85221507735194,40.89793162870983,-73.88553690148994,40.81207355275024,3.073,26.08,25.38,0.7,-4.720000000000002,-0.18098159509202463,0.7358044613194116,8.565804461319411,0.7520776317038443,1.7131608922638824,2.465238523967727,27.634761476032274,43.160581914844336,2024-01
HV0003,B03404,B03404,2024-01-01 05:48:44,2024-01-01 05:54:51,2024-01-01 05:56:41,2024-01-01 06:14:35,18,81,5.27,1074,24.17,0.0,0.66,2.15,0.0,0.0,0.0,17.02,N,N,N,N,N,477.0,367.0,110.0,1551.0,5,Monday,Bedford Park,Bronx,Eastchester,Bronx,-73.890183667512,40.86768169710327,-73.83664438560328,40.88093458369951,3.073,24.830000000000002,24.17,0.66,7.150000000000002,0.28795811518324615,1.8008286778398508,7.070828677839851,0.6208187579143388,1.4141657355679702,2.034984493482309,14.98501550651769,34.781467326540096,2024-01
HV0003,B03404,B03404,2024-01-20 22:01:05,2024-01-20 22:01:50,2024-01-20 22:03:17,2024-01-20 22:44:03,148,185,14.72,2446,41.77,0.0,1.15,3.71,2.75,0.0,0.0,44.83,N,N,N,N,N,132.0,45.0,87.0,2578.0,22,Saturday,Lower East Side,Manhattan,Pelham Parkway,Bronx,-73.99089618330311,40.71893779448139,-73.85439388215148,40.85440439427695,3.073,45.67,41.77,3.9,-3.059999999999995,-0.06700240858331498,0.27080948487326245,14.990809484873264,1.3161930727718725,2.998161896974653,4.3143549697465255,40.515645030253474,56.577316566684445,2024-01
HV0003,B03404,B03404,2024-01-13 22:39:28,2024-01-13 22:41:00,2024-01-13 22:41:53,2024-01-13 22:57:20,230,142,1.44,927,10.04,0.0,0.28,0.89,2.75,0.0,0.0,10.6,N,N,N,N,N,145.0,92.0,53.0,1072.0,22,Saturday,Times Sq/Theatre District,Manhattan,Lincoln Square East,Manhattan,-73.98419629996178,40.7598170009371,-73.98153210008745,40.77363265587896,3.073,13.069999999999999,10.04,3.0300000000000002,-0.5600000000000005,-0.042846212700841664,0.1429126213592233,1.5829126213592233,0.13897972815533982,0.3165825242718447,0.4555622524271845,10.144437747572816,34.0671416896102,2024-01
HV0003,B03404,B03404,2024-01-14 15:17:34,2024-01-14 15:17:41,2024-01-14 15:18:34,2024-01-14 15:24:57,255,255,0.77,383,8.91,0.0,0.25,0.79,0.0,0.0,0.0,6.89,N,N,N,N,N,60.0,7.0,53.0,443.0,15,Sunday,Williamsburg (North Side),Brooklyn,Williamsburg (North Side),Brooklyn,-73.95741799903575,40.71880332024791,-73.95741799903575,40.71880332024791,3.073,9.16,8.91,0.25,2.0200000000000005,0.22052401746724895,0.014073107049608357,0.7840731070496084,0.06884161879895562,0.1568146214099217,0.2256562402088773,6.664343759791122,54.15719533916036,2024-01
HV0003,B03404,B03404,2024-01-31 22:22:17,2024-01-31 22:24:27,2024-01-31 22:26:29,2024-01-31 22:53:49,88,162,7.62,1640,42.38,0.0,1.17,3.76,2.75,0.0,0.0,25.43,N,N,N,N,N,252.0,130.0,122.0,1892.0,22,Wednesday,Financial District South,Manhattan,Midtown East,Manhattan,-74.01151486998491,40.70335745268971,-73.97235591714862,40.756686941672,3.073,46.300000000000004,42.38,3.92,16.950000000000003,0.3660907127429806,0.6040243902439024,8.224024390243903,0.7220693414634146,1.6448048780487807,2.3668742195121952,23.063125780487805,43.88332600938483,2024-01
HV0003,B03404,B03404,2024-01-25 14:37:43,2024-01-25 14:41:51,2024-01-25 14:41:51,2024-01-25 14:49:38,243,127,1.29,467,8.04,0.0,0.22,0.71,0.0,0.0,0.0,6.09,N,N,N,N,N,248.0,248.0,0.0,715.0,14,Thursday,Washington Heights North,Manhattan,Inwood,Manhattan,-73.93283150973461,40.85710754449232,-73.91930824408637,40.86607442573871,3.073,8.26,8.04,0.22,1.9499999999999993,0.23607748184019361,0.6850535331905782,1.9750535331905783,0.17340970021413277,0.39501070663811566,0.5684204068522485,5.521579593147751,27.800960189275393,2024-01
HV0003,B03404,B03404,2024-01-29 14:08:09,2024-01-29 14:11:20,2024-01-29 14:11:20,2024-01-29 14:36:17,131,217,12.37,1497,33.11,0.0,0.91,2.94,0.0,0.0,0.0,31.32,N,N,N,N,N,191.0,191.0,0.0,1688.0,14,Monday,Jamaica Estates,Queens,South Williamsburg,Brooklyn,-73.77610132903203,40.72065468341462,-73.95859672937166,40.70391593168995,3.073,34.019999999999996,33.11,0.91,1.7899999999999991,0.052616108171663706,1.5782698730794924,13.948269873079491,1.2246580948563792,2.7896539746158986,4.014312069472278,27.30568793052772,58.23487947268945,2024-01
HV0003,B03404,B03404,2024-01-15 15:26:07,2024-01-15 15:36:19,2024-01-15 15:36:19,2024-01-15 15:59:55,232,234,3.17,1416,24.35,0.0,0.67,2.16,2.75,0.0,0.0,17.48,N,N,N,N,N,612.0,612.0,0.0,2028.0,15,Monday,Two Bridges/Seward Park,Manhattan,Union Sq,Manhattan,-73.98302452983464,40.71473195717586,-73.99045767416112,40.74033681887629,3.073,27.770000000000003,24.35,3.42,6.870000000000001,0.24738926899531868,1.3700847457627119,4.540084745762712,0.3986194406779661,0.9080169491525425,1.3066363898305087,16.173363610169492,28.710112917460634,2024-01
HV0003,B03404,B03404,2024-01-18 17:27:52,2024-01-18 17:31:49,2024-01-18 17:33:19,2024-01-18 17:52:14,75,140,2.19,1135,20.8,0.0,0.57,1.85,2.75,0.0,0.0,13.55,N,N,N,N,N,327.0,237.0,90.0,1462.0,17,Thursday,East Harlem South,Manhattan,Lenox Hill East,Manhattan,-73.94575002008068,40.79001009948004,-73.9547388423982,40.76548333944988,3.073,24.12,20.8,3.32,7.25,0.3005804311774461,0.45729515418502203,2.647295154185022,0.23243251453744493,0.5294590308370044,0.7618915453744494,12.78810845462555,31.489186345179196,2024-01
HV0003,B03404,B03404,2024-01-21 19:07:11,2024-01-21 19:08:57,2024-01-21 19:10:57,2024-01-21 19:18:10,76,76,1.12,433,9.22,0.0,0.25,0.82,0.0,0.0,0.0,7.27,N,N,N,N,N,226.0,106.0,120.0,659.0,19,Sunday,East New York,Brooklyn,East New York,Brooklyn,-73.87682032859912,40.66093356035302,-73.87682032859912,40.66093356035302,3.073,9.47,9.22,0.25,1.950000000000001,0.20591341077085543,0.27418013856812934,1.3941801385681294,0.12240901616628175,0.27883602771362587,0.4012450438799076,6.868754956120092,37.52278883464693,2024-01
HV0003,B03404,B03404,2024-01-17 21:57:03,2024-01-17 22:00:37,2024-01-17 22:00:50,2024-01-17 22:37:26,246,191,16.93,2196,89.1,6.94,2.64,8.52,2.75,0.0,0.0,44.14,N,N,N,N,N,227.0,214.0,13.0,2423.0,22,Wednesday,West Chelsea/Hudson Yards,Manhattan,Queens Village,Queens,-74.00401522931482,40.75330822391948,-73.74153183175444,40.71545297944368,3.073,101.42999999999999,89.1,12.33,44.959999999999994,0.4432613625160209,1.6498269581056466,18.579826958105645,1.6313088069216757,3.715965391621129,5.347274198542805,38.792725801457195,57.636736642693315,2024-01
HV0003,B03404,B03404,2024-01-05 22:52:07,2024-01-05 22:55:31,2024-01-05 22:56:15,2024-01-05 23:03:58,76,77,1.66,463,8.87,0.0,0.24,0.79,0.0,0.0,0.0,7.04,N,N,N,N,N,248.0,204.0,44.0,711.0,22,Friday,East New York,Brooklyn,East New York/Pennsylvania Avenue,Brooklyn,-73.87682032859912,40.66093356035302,-73.89536398494168,40.666558142144005,3.073,9.11,8.87,0.24,1.8299999999999992,0.20087815587266733,0.7314038876889848,2.391403887688985,0.2099652613390929,0.478280777537797,0.68824603887689,6.35175396112311,32.16077954999043,2024-01
HV0003,B03404,B03404,2024-01-28 11:55:40,2024-01-28 11:59:31,2024-01-28 12:00:34,2024-01-28 12:07:32,145,193,1.68,418,14.32,0.0,0.39,1.27,0.0,0.0,0.0,9.14,N,N,N,N,N,294.0,231.0,63.0,712.0,12,Sunday,Long Island City/Hunters Point,Queens,Queensbridge/Ravenswood,Queens,-73.94889136420674,40.74537869757109,-73.94199714485673,40.76031280805392,3.073,14.71,14.32,0.39,5.18,0.3521414004078858,0.928421052631579,2.608421052631579,0.22901936842105264,0.5216842105263159,0.7507035789473685,8.389296421052633,42.41779089296275,2024-01
HV0003,B03404,B03404,2024-01-18 10:30:30,2024-01-18 10:32:19,2024-01-18 10:33:28,2024-01-18 11:13:40,71,228,7.86,2412,31.28,0.0,0.86,2.78,0.0,0.0,0.0,33.0,N,N,N,N,N,178.0,109.0,69.0,2590.0,10,Thursday,East Flatbush/Farragut,Brooklyn,Sunset Park West,Brooklyn,-73.93796628102253,40.64428722355921,-74.01127289375856,40.652353822117504,3.073,32.14,31.28,0.86,-1.7199999999999989,-0.053515868077162375,0.3551990049751244,8.215199004975124,0.7212944726368159,1.643039800995025,2.3643342736318407,30.63566572636816,42.5823925154152,2024-01
HV0003,B03404,B03404,2024-01-21 16:51:32,2024-01-21 16:53:47,2024-01-21 16:54:42,2024-01-21 16:59:42,14,14,0.73,300,8.91,0.0,0.25,0.79,0.0,0.0,0.0,5.39,N,N,N,N,N,190.0,135.0,55.0,490.0,16,Sunday,Bay Ridge,Brooklyn,Bay Ridge,Brooklyn,-74.02989257930119,40.62483341741767,-74.02989257930119,40.62483341741767,3.073,9.16,8.91,0.25,3.5200000000000005,0.3842794759825328,0.3285,1.0585,0.0929363,0.2117,0.30463629999999997,5.085363699999999,37.36185575510204,2024-01
HV0003,B03404,B03404,2024-01-13 19:55:02,2024-01-13 19:56:47,2024-01-13 19:58:07,2024-01-13 20:10:16,112,256,2.17,729,13.77,0.0,0.38,1.22,0.0,0.0,0.0,9.7,N,N,N,N,N,185.0,105.0,80.0,914.0,19,Saturday,Greenpoint,Brooklyn,Williamsburg (South Side),Brooklyn,-73.94953985600077,40.72950555799535,-73.95990445316505,40.71087946812129,3.073,14.15,13.77,0.38,4.07,0.2876325088339223,0.3125514403292181,2.482551440329218,0.21796801646090533,0.49651028806584363,0.714478304526749,8.98552169547325,35.391551535780856,2024-01
HV0003,B03404,B03404,2024-01-25 08:31:33,2024-01-25 08:32:58,2024-01-25 08:33:28,2024-01-25 08:47:43,140,162,1.18,855,13.59,0.0,0.37,1.21,2.75,0.0,3.0,9.59,N,N,N,N,N,115.0,85.0,30.0,970.0,8,Thursday,Lenox Hill East,Manhattan,Midtown East,Manhattan,-73.9547388423982,40.76548333944988,-73.97235591714862,40.756686941672,3.073,19.71,13.59,3.12,7.0,0.35514967021816335,0.11730994152046782,1.2973099415204679,0.11390381286549708,0.25946198830409356,0.3733658011695906,9.216634198830409,34.2060650678242,2024-01
HV0003,B03404,B03404,2024-01-30 19:46:02,2024-01-30 19:47:05,2024-01-30 19:47:35,2024-01-30 19:56:56,234,114,1.14,561,24.88,0.0,0.68,2.21,2.75,0.0,0.0,13.45,N,N,N,N,N,93.0,63.0,30.0,654.0,19,Tuesday,Union Sq,Manhattan,Greenwich Village South,Manhattan,-73.99045767416112,40.74033681887629,-73.99737994674842,40.72833985411046,3.073,28.31,24.88,3.43,11.43,0.4037442599788061,0.12802139037433155,1.2680213903743314,0.11133227807486629,0.2536042780748663,0.3649365561497326,13.085063443850267,72.02787216798312,2024-01
HV0003,B03404,B03404,2024-01-25 21:24:53,2024-01-25 21:26:37,2024-01-25 21:27:45,2024-01-25 21:41:15,142,244,5.45,810,20.69,0.0,0.57,1.84,2.75,0.0,0.0,14.77,N,N,N,N,N,172.0,104.0,68.0,982.0,21,Thursday,Lincoln Square East,Manhattan,Washington Heights South,Manhattan,-73.98153210008745,40.77363265587896,-73.9413990935137,40.84170795917971,3.073,24.01,20.69,3.32,5.920000000000002,0.24656393169512708,0.6997530864197532,6.149753086419754,0.5399483209876543,1.2299506172839507,1.769898938271605,13.000101061728394,47.65821163159085,2024-01
HV0003,B03404,B03404,2024-01-13 13:56:59,2024-01-13 13:57:34,2024-01-13 13:58:10,2024-01-13 14:08:13,129,226,2.49,603,13.4,0.0,0.37,1.19,0.0,0.0,0.0,8.94,N,N,N,N,N,71.0,35.0,36.0,674.0,13,Saturday,Jackson Heights,Queens,Sunnyside,Queens,-73.88531716686686,40.7573109858269,-73.92467262943985,40.73769725609221,3.073,13.77,13.4,0.37,4.460000000000001,0.3238925199709514,0.1445273631840796,2.63452736318408,0.23131150248756224,0.526905472636816,0.7582169751243782,8.181783024875621,43.70091823375702,2024-01
HV0003,B03404,B03404,2024-01-04 10:29:29,2024-01-04 10:30:19,2024-01-04 10:30:37,2024-01-04 10:39:52,82,82,1.35,555,11.57,0.0,0.32,1.03,0.0,0.0,0.0,6.99,N,N,N,N,N,68.0,50.0,18.0,623.0,10,Thursday,Elmhurst,Queens,Elmhurst,Queens,-73.8771182418676,40.73949455225884,-73.8771182418676,40.73949455225884,3.073,11.89,11.57,0.32,4.58,0.38519764507989906,0.12162162162162163,1.4716216216216218,0.12920837837837837,0.29432432432432437,0.4235327027027027,6.566467297297297,37.94427330701488,2024-01
HV0003,B03404,B03404,2024-01-03 19:26:19,2024-01-03 19:26:53,2024-01-03 19:28:27,2024-01-03 19:33:58,68,246,0.51,331,8.21,0.0,0.23,0.73,2.75,0.0,0.0,5.65,N,N,N,N,N,128.0,34.0,94.0,459.0,19,Wednesday,East Chelsea,Manhattan,West Chelsea/Hudson Yards,Manhattan,-73.99991751678058,40.748426777755405,-74.00401522931482,40.75330822391948,3.073,11.190000000000001,8.21,2.98,2.5600000000000005,0.22877569258266311,0.052386706948640484,0.5623867069486405,0.04937755287009063,0.11247734138972809,0.16185489425981872,5.488145105740181,43.04427533913868,2024-01
HV0003,B03404,B03404,2024-01-23 06:38:39,2024-01-23 06:42:14,2024-01-23 06:42:41,2024-01-23 06:48:38,45,232,1.05,357,9.13,0.0,0.25,0.81,2.75,0.0,0.0,5.4,N,N,N,N,N,242.0,215.0,27.0,599.0,6,Tuesday,Chinatown,Manhattan,Two Bridges/Seward Park,Manhattan,-73.99815128380202,40.71245880657525,-73.98302452983464,40.71473195717586,3.073,12.13,9.13,3.0,3.7300000000000004,0.3075020610057708,0.6323529411764706,1.6823529411764706,0.1477105882352941,0.33647058823529413,0.4841811764705882,4.9158188235294125,29.54415319650398,2024-01
HV0003,B03404,B03404,2024-01-17 18:24:14,2024-01-17 18:29:34,2024-01-17 18:29:53,2024-01-17 18:37:34,36,36,1.04,461,9.8,0.0,0.27,0.87,0.0,0.0,3.0,5.7,N,N,N,N,N,339.0,320.0,19.0,800.0,18,Wednesday,Bushwick North,Brooklyn,Bushwick North,Brooklyn,-73.9177095234613,40.700521468719735,-73.9177095234613,40.700521468719735,3.073,13.07,9.8,0.27,7.1000000000000005,0.5432287681713849,0.7219088937093275,1.7619088937093275,0.15469560086767895,0.3523817787418655,0.5070773796095445,5.192922620390456,23.36815179175705,2024-01
HV0003,B03404,B03404,2024-01-08 06:30:20,2024-01-08 06:35:02,2024-01-08 06:37:02,2024-01-08 06:45:29,115,245,2.01,507,11.18,0.0,0.31,0.99,0.0,0.0,0.0,7.41,N,N,N,N,N,402.0,282.0,120.0,909.0,6,Monday,Grymes Hill/Clifton,Staten Island,West Brighton,Staten Island,-74.08783896409189,40.6179708239285,-74.10286029241341,40.63004903591536,3.073,11.49,11.18,0.31,3.7699999999999996,0.3281114012184508,1.117988165680473,3.127988165680473,0.2746373609467455,0.6255976331360946,0.9002349940828401,6.50976500591716,25.781247548186773,2024-01
HV0003,B03404,B03404,2024-01-20 13:35:10,2024-01-20 13:39:09,2024-01-20 13:39:45,2024-01-20 14:06:18,153,244,2.48,1593,13.13,0.0,0.36,1.17,0.0,0.0,0.0,18.23,N,N,N,N,N,275.0,239.0,36.0,1868.0,13,Saturday,Marble Hill,Manhattan,Washington Heights South,Manhattan,-73.91037847684808,40.87596732674075,-73.9413990935137,40.84170795917971,3.073,13.49,13.13,0.36,-5.1,-0.37805782060785764,0.3720778405524168,2.852077840552417,0.2504124344005022,0.5704155681104834,0.8208280025109856,17.409171997489015,33.55086680458269,2024-01
HV0003,B03404,B03404,2024-01-13 18:11:22,2024-01-13 18:12:20,2024-01-13 18:14:20,2024-01-13 18:50:24,249,148,2.81,2164,31.34,0.0,0.86,2.78,2.75,0.0,0.0,25.16,N,N,N,N,N,178.0,58.0,120.0,2342.0,18,Saturday,West Village,Manhattan,Lower East Side,Manhattan,-74.00287478437944,40.73457538224023,-73.99089618330311,40.71893779448139,3.073,34.95,31.34,3.61,6.18,0.17682403433476393,0.07531423290203328,2.8853142329020334,0.2533305896487985,0.5770628465804067,0.8303934362292053,24.329606563770795,37.39819967103965,2024-01
HV0003,B03404,B03404,2024-01-19 21:19:15,2024-01-19 21:21:31,2024-01-19 21:23:33,2024-01-19 21:36:33,231,33,2.35,780,18.55,0.0,0.51,1.65,2.75,0.0,0.0,10.43,N,N,N,N,N,258.0,136.0,122.0,1038.0,21,Friday,TriBeCa/Civic Center,Manhattan,Brooklyn Heights,Brooklyn,-74.00787947243188,40.717772159208046,-73.99524997291579,40.69579763638819,3.073,21.810000000000002,18.55,3.26,8.120000000000001,0.3723062815222375,0.40974358974358976,2.75974358974359,0.24230548717948716,0.551948717948718,0.7942542051282052,9.635745794871795,33.41877154290796,2024-01
HV0003,B03404,B03404,2024-01-11 12:05:02,2024-01-11 12:06:07,2024-01-11 12:06:14,2024-01-11 12:27:39,48,186,1.32,1285,18.07,0.0,0.5,1.6,2.75,0.0,1.0,13.81,N,N,N,N,N,72.0,65.0,7.0,1357.0,12,Thursday,Clinton East,Manhattan,Penn Station/Madison Sq West,Manhattan,-73.98984463380468,40.762252049908085,-73.99243728054387,40.7484965983886,3.073,22.32,18.07,3.25,5.26,0.23566308243727596,0.06677042801556421,1.3867704280155642,0.12175844357976652,0.27735408560311287,0.39911252918287937,13.410887470817121,35.577888647709386,2024-01
HV0003,B03404,B03404,2024-01-20 14:59:41,2024-01-20 15:01:29,2024-01-20 15:01:50,2024-01-20 15:15:00,208,242,3.12,790,12.38,0.0,0.34,1.1,0.0,0.0,1.0,11.53,N,N,N,N,N,129.0,108.0,21.0,919.0,15,Saturday,Schuylerville/Edgewater Park,Bronx,Van Nest/Morris Park,Bronx,-73.82353896872594,40.82331715898944,-73.85067119492659,40.84678260105803,3.073,13.72,12.38,0.34,1.8500000000000014,0.1348396501457727,0.4265316455696203,3.5465316455696203,0.31138547848101267,0.7093063291139241,1.0206918075949367,10.509308192405063,41.16812784837675,2024-01
HV0003,B03404,B03404,2024-01-24 06:38:19,2024-01-24 06:40:02,2024-01-24 06:40:52,2024-01-24 07:05:12,182,47,3.8,1460,19.66,0.0,0.54,1.74,0.0,0.0,0.0,18.71,N,N,N,N,N,153.0,103.0,50.0,1613.0,6,Wednesday,Parkchester,Bronx,Claremont/Bathgate,Bronx,-73.85798692430247,40.837748057064935,-73.90031679211252,40.84274782905238,3.073,20.2,19.66,0.54,0.9499999999999993,0.047029702970296995,0.26808219178082193,4.068082191780822,0.35717761643835616,0.8136164383561644,1.1707940547945206,17.53920594520548,39.14515896016103,2024-01
HV0003,B03404,B03404,2024-01-09 09:10:28,2024-01-09 09:16:29,2024-01-09 09:16:38,2024-01-09 09:26:57,260,129,1.71,619,13.41,0.0,0.37,1.19,0.0,0.0,0.0,8.07,N,N,N,N,N,370.0,361.0,9.0,989.0,9,Tuesday,Woodside,Queens,Jackson Heights,Queens,-73.90630705433507,40.74423288564698,-73.88531716686686,40.7573109858269,3.073,13.78,13.41,0.37,5.34,0.3875181422351234,0.9972697899838449,2.7072697899838447,0.23769828756058156,0.541453957996769,0.7791522455573505,7.29084775444265,26.538980703734623,2024-01
HV0003,B03404,B03404,2024-01-15 23:03:06,2024-01-15 23:06:16,2024-01-15 23:06:25,2024-01-15 23:18:45,7,129,2.2,740,14.29,0.0,0.39,1.27,0.0,0.0,3.0,9.98,N,N,N,N,N,199.0,190.0,9.0,939.0,23,Monday,Astoria,Queens,Jackson Heights,Queens,-73.91969416440043,40.761491926149866,-73.88531716686686,40.7573109858269,3.073,17.68,14.29,0.39,7.309999999999999,0.4134615384615384,0.5648648648648649,2.7648648648648653,0.2427551351351352,0.5529729729729731,0.7957281081081082,9.184271891891893,35.21126603920215,2024-01
HV0003,B03404,B03404,2024-01-12 14:53:38,2024-01-12 14:55:09,2024-01-12 14:56:22,2024-01-12 15:13:03,52,181,2.34,1001,26.35,0.0,0.72,2.34,0.0,0.0,0.0,15.96,N,N,N,N,N,164.0,91.0,73.0,1165.0,14,Friday,Cobble Hill,Brooklyn,Park Slope,Brooklyn,-73.99672396676043,40.68665075208901,-73.98141426627474,40.67037356101699,3.073,27.07,26.35,0.72,10.39,0.3838197266346509,0.2127272727272727,2.5527272727272727,0.22412945454545455,0.5105454545454545,0.734674909090909,15.225325090909092,47.04821487319548,2024-01
HV0003,B03404,B03404,2024-01-21 10:07:38,2024-01-21 10:09:55,2024-01-21 10:09:55,2024-01-21 10:27:42,89,35,2.74,1067,14.25,0.0,0.39,1.26,0.0,0.0,0.0,13.63,N,N,N,N,N,137.0,137.0,0.0,1204.0,10,Sunday,Flatbush/Ditmas Park,Brooklyn,Brownsville,Brooklyn,-73.96096812758745,40.637899248043546,-73.91025783392547,40.66400239681814,3.073,14.64,14.25,0.39,0.6199999999999992,0.04234972677595623,0.3518088097469541,3.0918088097469543,0.27146081349578255,0.6183617619493909,0.8898225754451734,12.740177424554828,38.093553761127396,2024-01
HV0003,B03404,B03404,2024-01-20 16:46:09,2024-01-20 16:48:53,2024-01-20 16:48:56,2024-01-20 16:58:06,133,89,1.25,550,8.52,0.0,0.23,0.76,0.0,0.0,0.0,6.81,N,N,N,N,N,167.0,164.0,3.0,717.0,16,Saturday,Kensington,Brooklyn,Flatbush/Ditmas Park,Brooklyn,-73.97619880286386,40.64058957628331,-73.96096812758745,40.637899248043546,3.073,8.75,8.52,0.23,1.71,0.19542857142857142,0.3727272727272727,1.6227272727272726,0.14247545454545452,0.3245454545454545,0.46702090909090904,6.342979090909091,31.84759376188665,2024-01
HV0003,B03404,B03404,2024-01-27 21:54:36,2024-01-27 21:55:43,2024-01-27 21:57:07,2024-01-27 22:11:05,80,17,2.73,838,12.91,0.0,0.36,1.15,0.0,0.0,0.0,12.47,N,N,N,N,N,151.0,67.0,84.0,989.0,21,Saturday,East Williamsburg,Brooklyn,Bedford,Brooklyn,-73.93679348509205,40.71536904490185,-73.94990474718477,40.69150649558427,3.073,13.27,12.91,0.36,0.4399999999999995,0.033157498116051204,0.21826968973747016,2.94826968973747,0.2588580787589499,0.589653937947494,0.8485120167064439,11.621487983293557,42.30268628903621,2024-01
HV0003,B03404,B03404,2024-01-31 22:21:42,2024-01-31 22:22:29,2024-01-31 22:22:54,2024-01-31 22:35:13,43,164,1.34,739,13.65,0.0,0.38,1.21,2.75,0.0,0.0,8.71,N,N,N,N,N,72.0,47.0,25.0,811.0,22,Wednesday,Central Park,Manhattan,Midtown South,Manhattan,-73.96555517265493,40.78247645954525,-73.98515619423324,40.74857395489648,3.073,16.78,13.65,3.13,4.9399999999999995,0.29439809296781877,0.08522327469553452,1.4252232746955347,0.12513460351826794,0.28504465493910697,0.4101792584573749,8.299820741542625,36.842607484036314,2024-01
HV0003,B03404,B03404,2024-01-14 22:16:16,2024-01-14 22:17:33,2024-01-14 22:17:54,2024-01-14 22:27:48,255,112,1.75,594,11.57,0.0,0.32,1.03,0.0,0.0,0.0,8.88,N,N,N,N,N,98.0,77.0,21.0,692.0,22,Sunday,Williamsburg (North Side),Brooklyn,Greenpoint,Brooklyn,-73.95741799903575,40.71880332024791,-73.94953985600077,40.72950555799535,3.073,11.89,11.57,0.32,2.6899999999999995,0.22624053826745158,0.22685185185185183,1.9768518518518519,0.17356759259259258,0.39537037037037037,0.568937962962963,8.311062037037038,43.23673892100194,2024-01
HV0003,B03404,B03404,2024-01-28 12:57:35,2024-01-28 12:59:24,2024-01-28 12:59:46,2024-01-28 13:07:41,256,80,1.13,475,7.83,0.0,0.22,0.69,0.0,0.0,0.0,6.15,N,N,N,N,N,131.0,109.0,22.0,606.0,12,Sunday,Williamsburg (South Side),Brooklyn,East Williamsburg,Brooklyn,-73.95990445316505,40.71087946812129,-73.93679348509205,40.71536904490185,3.073,8.05,7.83,0.22,1.6799999999999997,0.20869565217391298,0.2593052631578947,1.3893052631578946,0.12198100210526315,0.27786105263157895,0.3998420547368421,5.750157945263158,34.159354130276185,2024-01
HV0003,B03404,B03404,2024-01-13 15:01:52,2024-01-13 15:02:48,2024-01-13 15:03:03,2024-01-13 15:20:12,75,247,6.11,1029,18.03,0.0,0.5,1.6,0.0,0.0,0.0,18.7,N,N,N,N,N,71.0,56.0,15.0,1100.0,15,Saturday,East Harlem South,Manhattan,West Concourse,Bronx,-73.94575002008068,40.79001009948004,-73.92440974289835,40.82898691319468,3.073,18.53,18.03,0.5,-0.6699999999999982,-0.03615758229897453,0.3325170068027211,6.4425170068027215,0.5656529931972789,1.2885034013605443,1.8541563945578232,16.845843605442177,55.13185179962894,2024-01
HV0003,B03404,B03404,2024-01-08 05:54:00,2024-01-08 05:56:36,2024-01-08 05:56:50,2024-01-08 06:05:37,174,241,2.18,527,10.7,0.0,0.29,0.95,0.0,0.0,0.0,7.81,N,N,N,N,N,170.0,156.0,14.0,697.0,5,Monday,Norwood,Bronx,Van Cortlandt Village,Bronx,-73.87902205824633,40.87713685159281,-73.89562004253389,40.87651165473252,3.073,10.989999999999998,10.7,0.29,2.8899999999999997,0.2629663330300273,0.6453130929791272,2.8253130929791275,0.2480624895635674,0.5650626185958255,0.8131251081593929,6.996874891840607,36.13880862356697,2024-01
HV0003,B03404,B03404,2024-01-12 10:53:48,2024-01-12 10:55:50,2024-01-12 10:56:28,2024-01-12 11:07:07,234,246,1.36,639,11.39,0.0,0.31,1.01,2.75,0.0,3.0,7.8,N,N,N,N,N,160.0,122.0,38.0,799.0,10,Friday,Union Sq,Manhattan,West Chelsea/Hudson Yards,Manhattan,-73.99045767416112,40.74033681887629,-74.00401522931482,40.75330822391948,3.073,17.450000000000003,11.39,3.06,6.590000000000001,0.3776504297994269,0.25965571205007826,1.6196557120500783,0.14220577151799688,0.3239311424100157,0.4661369139280126,7.333863086071987,33.04368849794638,2024-01
HV0003,B03404,B03404,2024-01-24 19:08:18,2024-01-24 19:08:32,2024-01-24 19:09:54,2024-01-24 19:56:04,163,40,11.07,2770,71.88,0.0,1.96,6.38,2.75,0.0,0.0,43.28,N,N,N,N,N,96.0,14.0,82.0,2866.0,19,Wednesday,Midtown North,Manhattan,Carroll Gardens,Brooklyn,-73.97756832086549,40.764420870266285,-73.99595614226644,40.6791985676148,3.073,76.58999999999999,71.88,4.71,28.599999999999994,0.37341689515602555,0.05594945848375451,11.125949458483754,0.9768583624548736,2.225189891696751,3.2020482541516246,40.077951745848374,50.342158508392934,2024-01
HV0003,B03404,B03404,2024-01-23 22:06:47,2024-01-23 22:10:50,2024-01-23 22:10:57,2024-01-23 22:18:28,113,79,1.13,451,9.15,0.0,0.25,0.81,2.75,0.0,0.0,5.72,N,N,N,N,N,250.0,243.0,7.0,701.0,22,Tuesday,Greenwich Village North,Manhattan,East Village,Manhattan,-73.99430449266352,40.73257849687629,-73.98593725800136,40.72761958691338,3.073,12.15,9.15,3.0,3.4300000000000006,0.2823045267489712,0.6088470066518846,1.7388470066518846,0.15267076718403547,0.3477694013303769,0.5004401685144124,5.219559831485587,26.80515747981186,2024-01
HV0003,B03404,B03404,2024-01-19 02:38:36,2024-01-19 02:42:42,2024-01-19 02:43:05,2024-01-19 02:56:45,39,76,2.9,820,10.74,0.0,0.3,0.95,0.0,0.0,0.0,11.52,Y,N,N,N,N,269.0,246.0,23.0,1089.0,2,Friday,Canarsie,Brooklyn,East New York,Brooklyn,-73.89973483047997,40.63803639656562,-73.87682032859912,40.66093356035302,3.073,11.040000000000001,10.74,0.3,-0.7799999999999994,-0.07065217391304342,0.87,3.77,0.331006,0.754,1.085006,10.434994,34.4958479338843,2024-01
HV0003,B03404,B03404,2024-01-25 06:12:59,2024-01-25 06:15:23,2024-01-25 06:16:46,2024-01-25 06:25:37,66,88,3.01,531,17.17,0.0,0.47,1.52,2.75,0.0,0.0,9.95,N,N,N,N,N,227.0,144.0,83.0,758.0,6,Thursday,DUMBO/Vinegar Hill,Brooklyn,Financial District South,Manhattan,-73.98570143908047,40.70225846444536,-74.01151486998491,40.70335745268971,3.073,20.39,17.17,3.2199999999999998,7.220000000000002,0.3540951446787642,0.8162711864406779,3.8262711864406778,0.3359466101694915,0.7652542372881356,1.1012008474576271,8.848799152542373,42.025959035821295,2024-01
HV0003,B03404,B03404,2024-01-09 14:37:00,2024-01-09 14:40:33,2024-01-09 14:40:51,2024-01-09 14:50:46,193,145,1.65,595,10.68,0.0,0.29,0.95,0.0,0.0,0.0,7.76,N,N,N,N,N,231.0,213.0,18.0,826.0,14,Tuesday,Queensbridge/Ravenswood,Queens,Long Island City/Hunters Point,Queens,-73.94199714485673,40.76031280805392,-73.94889136420674,40.74537869757109,3.073,10.969999999999999,10.68,0.29,2.92,0.2661804922515953,0.590672268907563,2.240672268907563,0.19673102521008404,0.4481344537815126,0.6448654789915966,7.115134521008403,31.010271520133475,2024-01
HV0003,B03404,B03404,2024-01-11 13:14:36,2024-01-11 13:15:32,2024-01-11 13:16:26,2024-01-11 13:30:45,79,68,1.85,859,16.25,0.0,0.45,1.44,2.75,0.0,0.0,10.51,N,N,N,N,N,110.0,56.0,54.0,969.0,13,Thursday,East Village,Manhattan,East Chelsea,Manhattan,-73.98593725800136,40.72761958691338,-73.99991751678058,40.748426777755405,3.073,19.45,16.25,3.2,5.74,0.29511568123393317,0.12060535506402793,1.9706053550640281,0.17301915017462166,0.39412107101280563,0.5671402211874272,9.942859778812572,36.93941713490739,2024-01
HV0003,B03404,B03404,2024-01-07 02:06:01,2024-01-07 02:08:37,2024-01-07 02:10:37,2024-01-07 02:22:22,116,127,3.11,705,18.39,0.0,0.51,1.63,0.0,0.0,0.0,10.85,N,N,N,N,N,276.0,156.0,120.0,981.0,2,Sunday,Hamilton Heights,Manhattan,Inwood,Manhattan,-73.94852161825773,40.82701211556071,-73.91930824408637,40.86607442573871,3.073,18.900000000000002,18.39,0.51,7.540000000000001,0.39894179894179893,0.6881702127659574,3.798170212765957,0.33347934468085105,0.7596340425531914,1.0931133872340424,9.756886612765957,35.80508848721452,2024-01
HV0003,B03404,B03404,2024-01-31 06:53:39,2024-01-31 06:56:58,2024-01-31 06:57:44,2024-01-31 07:12:28,82,223,2.6,884,17.88,0.0,0.49,1.59,0.0,0.0,0.0,11.73,N,N,N,N,N,245.0,199.0,46.0,1129.0,6,Wednesday,Elmhurst,Queens,Steinway,Queens,-73.8771182418676,40.73949455225884,-73.90540723993595,40.77742599740797,3.073,18.369999999999997,17.88,0.49,6.149999999999999,0.33478497550353836,0.5852941176470589,3.185294117647059,0.27966882352941175,0.6370588235294119,0.9167276470588237,10.813272352941176,34.47987641327567,2024-01
HV0003,B03404,B03404,2024-01-16 15:09:53,2024-01-16 15:11:53,2024-01-16 15:12:19,2024-01-16 15:23:28,243,235,2.45,669,12.66,0.0,0.35,1.12,0.0,0.0,0.0,10.76,N,N,N,N,N,146.0,120.0,26.0,815.0,15,Tuesday,Washington Heights North,Manhattan,University Heights/Morris Heights,Bronx,-73.93283150973461,40.85710754449232,-73.91597563385105,40.85252046623772,3.073,13.01,12.66,0.35,1.9000000000000004,0.14604150653343584,0.43946188340807174,2.889461883408072,0.2536947533632287,0.5778923766816144,0.8315871300448432,9.928412869955157,43.855566051335664,2024-01
HV0003,B03404,B03404,2024-01-24 20:34:39,2024-01-24 20:38:03,2024-01-24 20:38:03,2024-01-24 20:56:57,52,67,5.75,1134,25.02,0.0,0.69,2.22,0.0,0.0,0.0,20.47,N,N,N,N,N,204.0,204.0,0.0,1338.0,20,Wednesday,Cobble Hill,Brooklyn,Dyker Heights,Brooklyn,-73.99672396676043,40.68665075208901,-74.0138023583928,40.61961871573094,3.073,25.71,25.02,0.69,4.550000000000001,0.176973940101128,1.0343915343915344,6.784391534391535,0.5956695767195768,1.356878306878307,1.9525478835978838,18.517452116402115,49.82274112036444,2024-01
HV0003,B03404,B03404,2024-01-13 20:24:24,2024-01-13 20:30:23,2024-01-13 20:31:01,2024-01-13 20:48:48,65,190,3.25,1067,21.44,0.0,0.59,1.9,0.0,0.0,0.0,14.3,N,N,N,N,N,397.0,359.0,38.0,1464.0,20,Saturday,Downtown Brooklyn/MetroTech,Brooklyn,Prospect Park,Brooklyn,-73.98608580922685,40.69533700725102,-73.96891379769448,40.66162128635939,3.073,22.03,21.44,0.59,7.140000000000001,0.32410349523377213,1.09348641049672,4.34348641049672,0.381358106841612,0.8686972820993439,1.250055388940956,13.049944611059045,32.090027732112404,2024-01
HV0003,B03404,B03404,2024-01-17 00:41:08,2024-01-17 00:43:11,2024-01-17 00:43:27,2024-01-17 00:49:47,87,148,1.27,380,9.11,0.0,0.25,0.81,2.75,0.0,0.0,5.39,N,N,N,N,N,139.0,123.0,16.0,519.0,0,Wednesday,Financial District North,Manhattan,Lower East Side,Manhattan,-74.0074957883342,40.70680798106304,-73.99089618330311,40.71893779448139,3.073,12.11,9.11,3.0,3.7199999999999998,0.30718414533443433,0.41107894736842104,1.6810789473684211,0.14759873157894737,0.33621578947368425,0.4838145210526316,4.906185478947368,34.0313443626407,2024-01
HV0003,B03404,B03404,2024-01-31 22:10:10,2024-01-31 22:10:56,2024-01-31 22:11:36,2024-01-31 22:35:15,97,186,5.47,1419,25.18,0.0,0.69,2.23,2.75,0.0,0.0,20.53,N,N,N,N,N,86.0,46.0,40.0,1505.0,22,Wednesday,Fort Greene,Brooklyn,Penn Station/Madison Sq West,Manhattan,-73.97488192727519,40.69078610719341,-73.99243728054387,40.7484965983886,3.073,28.62,25.18,3.44,4.649999999999999,0.1624737945492662,0.17732205778717405,5.647322057787174,0.49583487667371384,1.1294644115574348,1.6252992882311488,18.904700711768854,45.22054655306835,2024-01
HV0003,B03404,B03404,2024-01-17 00:10:35,2024-01-17 00:14:15,2024-01-17 00:16:03,2024-01-17 00:31:55,39,35,2.86,952,14.26,0.0,0.39,1.27,0.0,0.0,3.0,12.71,N,N,N,N,N,328.0,220.0,108.0,1280.0,0,Wednesday,Canarsie,Brooklyn,Brownsville,Brooklyn,-73.89973483047997,40.63803639656562,-73.91025783392547,40.66400239681814,3.073,17.65,14.26,0.39,4.549999999999997,0.2577903682719545,0.6609243697478991,3.520924369747899,0.3091371596638655,0.7041848739495798,1.0133220336134454,11.696677966386556,32.89690678046219,2024-01
HV0003,B03404,B03404,2024-01-05 13:44:30,2024-01-05 13:46:18,2024-01-05 13:47:15,2024-01-05 14:01:21,162,263,2.04,846,18.12,0.0,0.5,1.61,2.75,0.0,0.0,11.37,N,N,N,N,N,165.0,108.0,57.0,1011.0,13,Friday,Midtown East,Manhattan,Yorkville West,Manhattan,-73.97235591714862,40.756686941672,-73.95100985225696,40.77876514921805,3.073,21.37,18.12,3.25,6.750000000000002,0.31586335985025743,0.2604255319148936,2.3004255319148936,0.20197736170212766,0.4600851063829787,0.6620624680851064,10.707937531914894,38.129154416314165,2024-01
HV0003,B03404,B03404,2024-01-04 21:48:40,2024-01-04 21:51:01,2024-01-04 21:52:22,2024-01-04 22:00:00,36,37,1.08,458,8.04,0.0,0.22,0.71,0.0,0.0,2.0,8.26,N,N,N,N,N,222.0,141.0,81.0,680.0,21,Thursday,Bushwick North,Brooklyn,Bushwick South,Brooklyn,-73.9177095234613,40.700521468719735,-73.9222368522579,40.694993402702586,3.073,10.26,8.04,0.22,1.7799999999999994,0.17348927875243658,0.33248908296943236,1.4124890829694325,0.12401654148471618,0.2824978165938865,0.4065143580786027,7.853485641921397,41.57727692781916,2024-01
HV0003,B03404,B03404,2024-01-24 17:51:36,2024-01-24 18:01:07,2024-01-24 18:01:31,2024-01-24 18:22:54,48,90,1.85,1283,19.91,0.0,0.55,1.77,2.75,0.0,3.74,15.74,N,N,N,N,N,595.0,571.0,24.0,1878.0,18,Wednesday,Clinton East,Manhattan,Flatiron,Manhattan,-73.98984463380468,40.762252049908085,-73.9969712245153,40.742278038328486,3.073,26.950000000000003,19.91,3.3,7.909999999999998,0.29350649350649344,0.8233437256430242,2.6733437256430244,0.23471957911145752,0.5346687451286048,0.7693883242400623,14.970611675759939,28.697658164396053,2024-01
HV0003,B03404,B03404,2024-01-28 23:44:34,2024-01-28 23:53:19,2024-01-28 23:55:20,2024-01-29 00:05:22,39,72,2.07,602,11.21,0.0,0.31,0.99,0.0,0.0,0.0,9.63,N,N,N,N,N,646.0,525.0,121.0,1248.0,23,Sunday,Canarsie,Brooklyn,East Flatbush/Remsen Village,Brooklyn,-73.89973483047997,40.63803639656562,-73.92225109435532,40.65236395430748,3.073,11.520000000000001,11.21,0.31,1.58,0.13715277777777776,1.8052325581395348,3.8752325581395346,0.34024541860465113,0.7750465116279069,1.1152919302325581,8.514708069767442,24.56165789355993,2024-01
HV0003,B03404,B03404,2024-01-27 11:04:22,2024-01-27 11:05:36,2024-01-27 11:06:19,2024-01-27 11:13:47,142,246,1.67,448,13.65,0.0,0.38,1.21,2.75,0.0,0.0,6.4,N,N,N,N,N,117.0,74.0,43.0,565.0,11,Saturday,Lincoln Square East,Manhattan,West Chelsea/Hudson Yards,Manhattan,-73.98153210008745,40.77363265587896,-74.00401522931482,40.75330822391948,3.073,16.78,13.65,3.13,7.25,0.43206197854588796,0.27584821428571427,1.9458482142857143,0.1708454732142857,0.3891696428571429,0.5600151160714286,5.8399848839285715,37.21052315423515,2024-01
HV0003,B03404,B03404,2024-01-20 15:02:18,2024-01-20 15:04:03,2024-01-20 15:04:32,2024-01-20 15:17:17,142,229,1.7,765,10.79,0.0,0.3,0.96,2.75,0.0,0.0,9.42,N,N,N,N,N,134.0,105.0,29.0,899.0,15,Saturday,Lincoln Square East,Manhattan,Sutton Place/Turtle Bay North,Manhattan,-73.98153210008745,40.77363265587896,-73.96514558738956,40.75672829786632,3.073,13.84,10.79,3.05,1.3699999999999992,0.09898843930635833,0.23333333333333334,1.9333333333333333,0.16974666666666666,0.3866666666666667,0.5564133333333334,8.863586666666667,35.493784204671854,2024-01
HV0003,B03404,B03404,2024-01-26 18:08:03,2024-01-26 18:08:28,2024-01-26 18:10:28,2024-01-26 18:24:07,232,125,1.21,819,11.63,0.0,0.32,1.03,2.75,0.0,0.0,9.29,N,N,N,N,N,145.0,25.0,120.0,964.0,18,Friday,Two Bridges/Seward Park,Manhattan,Hudson Sq,Manhattan,-73.98302452983464,40.71473195717586,-74.00748558750799,40.72628992015588,3.073,14.700000000000001,11.63,3.07,2.3400000000000016,0.15918367346938786,0.036935286935286936,1.246935286935287,0.10948091819291819,0.2493870573870574,0.35886797557997563,8.931132024420023,33.35277519492955,2024-01
HV0003,B03404,B03404,2024-01-08 22:56:08,2024-01-08 23:02:52,2024-01-08 23:04:07,2024-01-08 23:56:18,86,241,25.99,3131,61.07,6.94,1.87,6.04,0.0,0.0,0.0,65.49,N,N,N,N,N,479.0,404.0,75.0,3610.0,23,Monday,Far Rockaway,Queens,Van Cortlandt Village,Bronx,-73.75524367121405,40.60243189212709,-73.89562004253389,40.87651165473252,3.073,69.88000000000001,61.07,8.81,-4.419999999999995,-0.06325128792215218,3.3535483870967737,29.34354838709677,2.5763635483870964,5.868709677419354,8.44507322580645,57.04492677419354,56.8869075864534,2024-01
HV0003,B03404,B03404,2024-01-25 08:43:21,2024-01-25 08:48:38,2024-01-25 08:49:35,2024-01-25 09:47:27,238,22,20.23,3472,68.53,6.94,2.08,6.7,2.75,0.0,0.0,61.47,N,N,N,N,N,374.0,317.0,57.0,3846.0,8,Thursday,Upper West Side North,Manhattan,Bensonhurst West,Brooklyn,-73.97304858188282,40.79170437688446,-73.99525874269187,40.6122174014384,3.073,80.3,68.53,11.77,7.060000000000002,0.08792029887920302,1.8470362903225808,22.07703629032258,1.9383637862903227,4.4154072580645165,6.353771044354839,55.11622895564516,51.59085393664134,2024-01
HV0003,B03404,B03404,2024-01-29 20:52:44,2024-01-29 20:58:29,2024-01-29 20:59:28,2024-01-29 21:04:00,92,92,0.51,272,8.01,0.0,0.22,0.71,0.0,0.0,0.0,11.08,N,N,N,N,N,404.0,345.0,59.0,676.0,20,Monday,Flushing,Queens,Flushing,Queens,-73.8288586430752,40.76110071120437,-73.8288586430752,40.76110071120437,3.073,8.23,8.01,0.22,-3.0700000000000003,-0.3730255164034022,0.646875,1.1568749999999999,0.10157362499999999,0.231375,0.332948625,10.747051375,57.23281797337278,2024-01
HV0003,B03404,B03404,2024-01-09 08:59:51,2024-01-09 09:00:33,2024-01-09 09:01:09,2024-01-09 09:16:16,141,75,1.96,907,10.93,0.0,0.3,0.97,2.75,0.0,0.0,11.11,N,N,N,N,N,78.0,42.0,36.0,985.0,9,Tuesday,Lenox Hill West,Manhattan,East Harlem South,Manhattan,-73.95963478688095,40.76694745582751,-73.94575002008068,40.79001009948004,3.073,13.98,10.93,3.05,-0.17999999999999972,-0.012875536480686674,0.09076074972436604,2.050760749724366,0.18005679382579934,0.41015214994487326,0.5902089437706726,10.519791056229327,38.44796731210718,2024-01
HV0003,B03404,B03404,2024-01-27 23:49:21,2024-01-27 23:49:58,2024-01-27 23:52:10,2024-01-27 23:57:14,260,129,0.94,304,9.04,0.0,0.25,0.8,0.0,0.0,0.0,9.97,N,N,N,N,N,169.0,37.0,132.0,473.0,23,Saturday,Woodside,Queens,Jackson Heights,Queens,-73.90630705433507,40.74423288564698,-73.88531716686686,40.7573109858269,3.073,9.29,9.04,0.25,-0.9300000000000015,-0.10010764262648025,0.1144078947368421,1.054407894736842,0.09257701315789474,0.21088157894736842,0.30345859210526316,9.666541407894737,73.57198534549906,2024-01
HV0003,B03404,B03404,2024-01-19 17:15:28,2024-01-19 17:18:47,2024-01-19 17:18:49,2024-01-19 17:55:43,262,198,8.9,2214,36.15,6.94,1.18,3.82,0.75,0.0,0.0,32.5,Y,N,N,N,N,201.0,199.0,2.0,2415.0,17,Friday,Yorkville East,Manhattan,Ridgewood,Queens,-73.94651027083967,40.77593169638859,-73.90170912961153,40.706526169337856,3.073,45.019999999999996,36.15,8.870000000000001,3.6499999999999986,0.08107507774322521,0.7999548328816621,9.699954832881662,0.8516560343270099,1.9399909665763326,2.7916470009033425,29.708352999096657,44.28574360113788,2024-01
HV0003,B03404,B03404,2024-01-31 13:41:15,2024-01-31 13:42:49,2024-01-31 13:43:46,2024-01-31 14:12:02,85,22,4.13,1696,25.65,0.0,0.71,2.28,0.0,0.0,0.0,21.37,Y,N,N,N,N,151.0,94.0,57.0,1847.0,13,Wednesday,Erasmus,Brooklyn,Bensonhurst West,Brooklyn,-73.9516233279193,40.64611573218299,-73.99525874269187,40.6122174014384,3.073,26.36,25.65,0.71,4.279999999999998,0.16236722306525028,0.22890330188679245,4.358903301886793,0.3827117099056604,0.8717806603773586,1.2544923702830189,20.115507629716983,39.20726987925346,2024-01
HV0003,B03404,B03404,2024-01-29 10:15:07,2024-01-29 10:23:34,2024-01-29 10:23:34,2024-01-29 10:44:53,78,220,4.2,1279,20.59,0.0,0.57,1.83,0.0,0.0,0.0,17.54,N,N,N,N,N,507.0,507.0,0.0,1786.0,10,Monday,East Tremont,Bronx,Spuyten Duyvil/Kingsbridge,Bronx,-73.88552139857157,40.844959817621785,-73.91066473993713,40.88240269359515,3.073,21.16,20.59,0.57,3.0500000000000007,0.14413988657844995,1.6648944487881159,5.864894448788116,0.5149377326035965,1.1729788897576232,1.6879166223612199,15.85208337763878,31.95268765929429,2024-01
HV0003,B03404,B03404,2024-01-18 15:10:00,2024-01-18 14:51:17,2024-01-18 14:51:52,2024-01-18 15:31:34,53,41,11.04,2382,41.37,6.94,1.33,4.29,0.0,0.0,0.0,36.9,N,N,N,N,N,-1088.0,-1123.0,35.0,1294.0,14,Thursday,College Point,Queens,Central Harlem,Manhattan,-73.84281303024585,40.78091097765128,-73.95129182852196,40.804333323455445,3.073,49.63999999999999,41.37,8.27,4.469999999999999,0.09004834810636582,-5.204836272040302,5.8351637279596975,0.5123273753148615,1.1670327455919396,1.679360120906801,35.2206398790932,97.98632423859004,2024-01
HV0003,B03404,B03404,2024-01-16 17:49:01,2024-01-16 17:50:57,2024-01-16 17:51:00,2024-01-16 18:03:57,239,151,2.22,777,10.81,0.0,0.3,0.96,0.75,0.0,0.0,10.22,Y,N,N,N,N,119.0,116.0,3.0,896.0,17,Tuesday,Upper West Side South,Manhattan,Manhattan Valley,Manhattan,-73.97863166507607,40.783960878966745,-73.96816796764816,40.79796146642212,3.073,11.860000000000001,10.81,1.05,0.5899999999999999,0.049747048903878564,0.33142857142857146,2.5514285714285716,0.2240154285714286,0.5102857142857143,0.7343011428571429,9.485698857142857,38.11218290816327,2024-01
HV0003,B03404,B03404,2024-01-21 21:20:31,2024-01-21 21:22:37,2024-01-21 21:22:37,2024-01-21 21:29:48,233,161,1.37,431,10.01,0.0,0.28,0.89,2.75,0.0,1.0,5.85,N,N,N,N,N,126.0,126.0,0.0,557.0,21,Sunday,UN/Turtle Bay South,Manhattan,Midtown Center,Manhattan,-73.9704423734757,40.74991338603123,-73.97769778229288,40.758027399461895,3.073,14.04,10.01,3.0300000000000002,5.16,0.36752136752136755,0.4005104408352669,1.770510440835267,0.15545081670533645,0.3541020881670534,0.5095529048723899,5.34044709512761,34.51635465432566,2024-01
HV0003,B03404,B03404,2024-01-28 13:01:03,2024-01-28 13:04:28,2024-01-28 13:05:09,2024-01-28 13:43:32,42,51,10.49,2303,32.1,0.0,0.88,2.85,0.0,0.0,0.0,36.6,N,N,N,N,N,246.0,205.0,41.0,2549.0,13,Sunday,Central Harlem North,Manhattan,Co-Op City,Bronx,-73.9407718835631,40.81825672430646,-73.82826341101214,40.87397187629544,3.073,32.980000000000004,32.1,0.88,-4.5,-0.13644633110976348,0.9337603126356927,11.423760312635693,1.0030061554494138,2.2847520625271387,3.2877582179765525,33.31224178202345,47.0474972205902,2024-01
HV0003,B03404,B03404,2024-01-13 23:06:40,2024-01-13 23:12:19,2024-01-13 23:12:19,2024-01-13 23:54:16,48,185,14.64,2517,45.85,0.0,1.26,4.07,2.75,0.0,0.0,47.4,N,N,N,N,N,339.0,339.0,0.0,2856.0,23,Saturday,Clinton East,Manhattan,Pelham Parkway,Bronx,-73.98984463380468,40.762252049908085,-73.85439388215148,40.85440439427695,3.073,49.86,45.85,4.01,-1.5499999999999972,-0.031087043722422728,1.971775923718713,16.611775923718714,1.458513926102503,3.322355184743743,4.780869110846246,42.61913088915375,53.72159355775683,2024-01
HV0003,B03404,B03404,2024-01-05 20:16:05,2024-01-05 20:16:36,2024-01-05 20:17:32,2024-01-05 20:32:50,97,177,3.81,918,17.85,0.0,0.49,1.58,0.0,0.0,5.0,13.92,N,N,N,N,N,87.0,31.0,56.0,1005.0,20,Friday,Fort Greene,Brooklyn,Ocean Hill,Brooklyn,-73.97488192727519,40.69078610719341,-73.91363235241506,40.67664341763747,3.073,23.34,17.85,0.49,8.930000000000001,0.382604970008569,0.12866013071895427,3.9386601307189544,0.3458143594771242,0.7877320261437909,1.1335463856209151,12.786453614379084,45.802221902253436,2024-01
HV0003,B03404,B03404,2024-01-23 03:08:10,2024-01-23 03:10:12,2024-01-23 03:10:22,2024-01-23 03:19:22,230,143,1.86,540,25.91,0.0,0.71,2.3,2.75,0.0,4.75,14.71,N,N,N,N,N,132.0,122.0,10.0,672.0,3,Tuesday,Times Sq/Theatre District,Manhattan,Lincoln Square West,Manhattan,-73.98419629996178,40.7598170009371,-73.9876454292326,40.775964624542496,3.073,34.120000000000005,25.91,3.46,15.95,0.46746776084407965,0.4202222222222222,2.280222222222222,0.2002035111111111,0.4560444444444445,0.6562479555555556,14.053752044444446,75.28795738095238,2024-01
HV0003,B03404,B03404,2024-01-24 10:59:19,2024-01-24 11:01:15,2024-01-24 11:03:16,2024-01-24 11:30:19,61,155,5.41,1623,28.38,0.0,0.78,2.52,0.0,0.0,6.12,22.37,N,N,N,N,N,237.0,116.0,121.0,1860.0,11,Wednesday,Crown Heights North,Brooklyn,Marine Park/Mill Basin,Brooklyn,-73.93928693646026,40.67446920571126,-73.91527748073477,40.614590889869376,3.073,35.28,28.38,0.78,12.129999999999999,0.3438208616780045,0.38666666666666666,5.796666666666667,0.5089473333333334,1.1593333333333333,1.6682806666666667,20.701719333333333,40.067843870967735,2024-01
HV0003,B03404,B03404,2024-01-30 12:57:48,2024-01-30 12:59:02,2024-01-30 13:01:04,2024-01-30 13:14:26,17,217,1.41,802,12.75,0.0,0.35,1.13,0.0,0.0,0.0,9.4,N,N,N,N,N,196.0,74.0,122.0,998.0,13,Tuesday,Bedford,Brooklyn,South Williamsburg,Brooklyn,-73.94990474718477,40.69150649558427,-73.95859672937166,40.70391593168995,3.073,13.1,12.75,0.35,3.3499999999999996,0.25572519083969464,0.1300997506234414,1.5400997506234413,0.13522075810473813,0.3080199501246883,0.4432407082294264,8.956759291770574,32.308951353080225,2024-01
HV0003,B03404,B03404,2024-01-18 15:04:24,2024-01-18 15:06:25,2024-01-18 15:08:25,2024-01-18 15:27:32,164,231,2.93,1147,27.18,0.0,0.75,2.41,2.75,0.0,0.0,14.64,N,N,N,N,N,241.0,121.0,120.0,1388.0,15,Thursday,Midtown South,Manhattan,TriBeCa/Civic Center,Manhattan,-73.98515619423324,40.74857395489648,-74.00787947243188,40.717772159208046,3.073,30.68,27.18,3.5,12.54,0.408735332464146,0.3090932868352223,3.2390932868352227,0.28439239058413257,0.6478186573670446,0.9322110479511772,13.707788952048823,35.55334310329666,2024-01
HV0003,B03404,B03404,2024-01-12 08:43:44,2024-01-12 08:49:11,2024-01-12 08:49:25,2024-01-12 09:21:38,32,263,9.43,1933,30.38,6.94,1.03,3.31,2.75,0.0,0.0,30.56,N,N,N,N,N,341.0,327.0,14.0,2274.0,8,Friday,Bronxdale,Bronx,Yorkville West,Manhattan,-73.86490087169818,40.86400152279616,-73.95100985225696,40.77876514921805,3.073,41.1,30.38,10.72,-0.17999999999999972,-0.004379562043795613,1.5952457320227624,11.025245732022762,0.9680165752715985,2.2050491464045527,3.173065721676151,27.38693427832385,43.35662418732007,2024-01
HV0003,B03404,B03404,2024-01-15 13:38:21,2024-01-15 13:44:25,2024-01-15 13:45:22,2024-01-15 13:57:58,100,170,1.0,756,15.44,0.0,0.42,1.37,2.75,0.0,3.0,8.42,N,N,N,N,N,421.0,364.0,57.0,1177.0,13,Monday,Garment District,Manhattan,Murray Hill,Manhattan,-73.98878634685092,40.75351217038599,-73.97849134130094,40.74774513853527,3.073,21.61,15.44,3.17,10.019999999999998,0.46367422489588145,0.48148148148148145,1.4814814814814814,0.13007407407407406,0.2962962962962963,0.42637037037037034,7.99362962962963,24.449504389691306,2024-01
HV0003,B03404,B03404,2024-01-27 13:02:41,2024-01-27 13:05:09,2024-01-27 13:05:55,2024-01-27 13:31:31,237,114,3.54,1536,30.66,0.0,0.84,2.72,2.75,0.0,0.0,19.09,N,N,N,N,N,194.0,148.0,46.0,1730.0,13,Saturday,Upper East Side South,Manhattan,Greenwich Village South,Manhattan,-73.96563449518534,40.76861447337675,-73.99737994674842,40.72833985411046,3.073,34.25,30.66,3.59,11.57,0.3378102189781022,0.34109375000000003,3.8810937500000002,0.34076003125,0.7762187500000001,1.11697878125,17.97302121875,37.400506582369935,2024-01
HV0003,B03404,B03404,2024-01-01 21:53:19,2024-01-01 21:56:38,2024-01-01 21:56:38,2024-01-01 22:01:16,247,69,0.52,278,8.01,0.0,0.22,0.71,0.0,0.0,0.0,5.39,N,N,N,N,N,199.0,199.0,0.0,477.0,21,Monday,West Concourse,Bronx,East Concourse/Concourse Village,Bronx,-73.92440974289835,40.82898691319468,-73.9150298985607,40.83141570129418,3.073,8.23,8.01,0.22,2.62,0.3183475091130012,0.3722302158273381,0.8922302158273381,0.07833781294964028,0.17844604316546764,0.2567838561151079,5.133216143884892,38.741253916112385,2024-01
HV0003,B03404,B03404,2024-01-01 18:38:45,2024-01-01 18:41:10,2024-01-01 18:41:34,2024-01-01 18:56:59,159,136,5.39,925,20.58,0.0,0.57,1.83,0.0,0.0,3.44,18.21,N,N,N,N,N,169.0,145.0,24.0,1094.0,18,Monday,Melrose South,Bronx,Kingsbridge Heights,Bronx,-73.9128491499624,40.81825923634175,-73.90591111534405,40.8652635680692,3.073,24.59,20.58,0.57,5.809999999999999,0.23627490849938995,0.8449189189189189,6.234918918918918,0.547425881081081,1.2469837837837838,1.7944096648648649,16.415590335135136,54.018395983991304,2024-01
HV0003,B03404,B03404,2024-01-03 15:32:05,2024-01-03 15:33:35,2024-01-03 15:35:37,2024-01-03 15:50:35,17,225,1.96,898,12.58,0.0,0.35,1.12,0.0,0.0,0.0,12.03,N,N,N,N,N,212.0,90.0,122.0,1110.0,15,Wednesday,Bedford,Brooklyn,Stuyvesant Heights,Brooklyn,-73.94990474718477,40.69150649558427,-73.93188774325893,40.68816752944304,3.073,12.93,12.58,0.35,0.5500000000000007,0.04253673627223517,0.19643652561247216,2.156436525612472,0.18933512694877502,0.4312873051224944,0.6206224320712694,11.409377567928729,37.00338670679588,2024-01
HV0003,B03404,B03404,2024-01-13 22:19:42,2024-01-13 22:20:35,2024-01-13 22:20:55,2024-01-13 22:25:57,257,133,0.89,302,8.94,0.0,0.25,0.79,0.0,0.0,1.0,5.39,N,N,N,N,N,73.0,53.0,20.0,375.0,22,Saturday,Windsor Terrace,Brooklyn,Kensington,Brooklyn,-73.97798213604382,40.65361125179132,-73.97619880286386,40.64058957628331,3.073,10.19,8.94,0.25,4.55,0.4465161923454367,0.15619205298013247,1.0461920529801325,0.09185566225165563,0.20923841059602652,0.30109407284768214,5.088905927152317,48.85349690066224,2024-01
HV0003,B03404,B03404,2024-01-23 17:14:16,2024-01-23 17:18:53,2024-01-23 17:18:55,2024-01-23 17:39:26,162,163,1.83,1231,40.5,0.0,1.11,3.59,2.75,0.0,0.0,24.91,N,N,N,N,N,279.0,277.0,2.0,1510.0,17,Tuesday,Midtown East,Manhattan,Midtown North,Manhattan,-73.97235591714862,40.756686941672,-73.97756832086549,40.764420870266285,3.073,44.36,40.5,3.8600000000000003,15.59,0.3514427412082958,0.41178716490658,2.24178716490658,0.19682891307879768,0.44835743298131603,0.6451863460601137,24.264813653939886,57.84988685707522,2024-01
HV0003,B03404,B03404,2024-01-01 22:02:12,2024-01-01 22:04:20,2024-01-01 22:06:20,2024-01-01 22:33:18,116,261,13.36,1618,34.72,0.0,0.95,3.08,2.75,0.0,0.0,33.33,N,N,N,N,N,248.0,128.0,120.0,1866.0,22,Monday,Hamilton Heights,Manhattan,World Trade Center,Manhattan,-73.94852161825773,40.82701211556071,-74.01302266265675,40.7091384408997,3.073,38.42,34.72,3.7,1.3900000000000006,0.036179073399271226,1.0569097651421506,14.416909765142151,1.2658046773794807,2.8833819530284304,4.149186630407911,29.180813369592087,56.2973891374767,2024-01
HV0003,B03404,B03404,2024-01-22 17:39:07,2024-01-22 17:45:01,2024-01-22 17:45:34,2024-01-22 18:12:37,95,10,4.97,1623,26.65,0.0,0.73,2.37,0.0,0.0,0.0,23.16,N,N,N,N,N,387.0,354.0,33.0,2010.0,17,Monday,Forest Hills,Queens,Baisley Park,Queens,-73.84766918479201,40.72143087062858,-73.79098701332514,40.67895233930188,3.073,27.38,26.65,0.73,3.4899999999999984,0.12746530314097876,1.0840295748613678,6.054029574861367,0.531543796672828,1.2108059149722736,1.7423497116451017,21.4176502883549,38.359970665710264,2024-01
HV0003,B03404,B03404,2024-01-09 20:04:12,2024-01-09 20:05:04,2024-01-09 20:05:19,2024-01-09 20:11:11,143,48,1.04,352,9.17,0.0,0.25,0.81,2.75,0.0,3.0,5.4,N,N,N,N,N,67.0,52.0,15.0,419.0,20,Tuesday,Lincoln Square West,Manhattan,Clinton East,Manhattan,-73.9876454292326,40.775964624542496,-73.98984463380468,40.762252049908085,3.073,15.17,9.17,3.0,6.77,0.4462755438365194,0.15363636363636365,1.1936363636363636,0.10480127272727272,0.23872727272727273,0.3435285454545455,5.056471454545455,43.4446234758082,2024-01
HV0003,B03404,B03404,2024-01-18 07:26:40,2024-01-18 07:32:28,2024-01-18 07:32:35,2024-01-18 07:43:28,168,159,1.33,653,9.8,0.0,0.27,0.87,0.0,0.0,0.0,7.89,N,N,N,N,N,355.0,348.0,7.0,1008.0,7,Thursday,Mott Haven/Port Morris,Bronx,Melrose South,Bronx,-73.91682135545611,40.80734651795231,-73.9128491499624,40.81825923634175,3.073,10.07,9.8,0.27,1.910000000000001,0.18967229394240329,0.7087901990811639,2.038790199081164,0.1790057794793262,0.4077580398162328,0.586763819295559,7.303236180704441,26.082986359658715,2024-01
HV0003,B03404,B03404,2024-01-22 09:55:52,2024-01-22 09:57:03,2024-01-22 09:59:04,2024-01-22 10:12:00,20,18,1.98,776,13.98,0.0,0.38,1.24,0.0,0.0,0.0,9.9,N,N,N,N,N,192.0,71.0,121.0,968.0,9,Monday,Belmont,Bronx,Bedford Park,Bronx,-73.88586731138831,40.857778885275984,-73.890183667512,40.86768169710327,3.073,14.360000000000001,13.98,0.38,4.08,0.2841225626740947,0.18115979381443298,2.161159793814433,0.1897498298969072,0.4322319587628866,0.6219817886597938,9.278018211340207,34.50502640581069,2024-01
HV0003,B03404,B03404,2024-01-01 00:06:54,2024-01-01 00:10:42,2024-01-01 00:12:43,2024-01-01 00:25:13,20,254,3.87,750,18.06,0.0,0.5,1.6,0.0,0.0,0.0,12.14,N,N,N,N,N,349.0,228.0,121.0,1099.0,0,Monday,Belmont,Bronx,Williamsbridge/Olinville,Bronx,-73.88586731138831,40.857778885275984,-73.85894858301965,40.88215615951764,3.073,18.56,18.06,0.5,5.919999999999998,0.3189655172413792,1.17648,5.04648,0.443080944,1.009296,1.452376944,10.687623056,35.00950227625114,2024-01
HV0003,B03404,B03404,2024-01-06 15:14:29,2024-01-06 15:18:53,2024-01-06 15:19:02,2024-01-06 15:39:45,254,182,6.67,1243,22.31,0.0,0.61,1.98,0.0,0.0,0.0,20.45,N,N,N,N,N,273.0,264.0,9.0,1516.0,15,Saturday,Williamsbridge/Olinville,Bronx,Parkchester,Bronx,-73.85894858301965,40.88215615951764,-73.85798692430247,40.837748057064935,3.073,22.919999999999998,22.31,0.61,1.8599999999999994,0.08115183246073297,1.4166371681415928,8.086637168141593,0.7100067433628319,1.6173274336283185,2.32733417699115,18.122665823008848,43.035354197118636,2024-01
HV0003,B03404,B03404,2024-01-21 18:29:05,2024-01-21 18:32:19,2024-01-21 18:32:55,2024-01-21 18:42:39,209,144,1.38,584,13.64,0.0,0.38,1.21,2.75,0.0,5.0,7.3,N,N,N,N,N,230.0,194.0,36.0,814.0,18,Sunday,Seaport,Manhattan,Little Italy/NoLiTa,Manhattan,-74.00366431896066,40.7090722607075,-73.99691839304907,40.72088834178079,3.073,21.770000000000003,13.64,3.13,11.34,0.5209003215434083,0.45842465753424655,1.8384246575342464,0.16141368493150685,0.36768493150684933,0.5290986164383562,6.770901383561643,29.945018403958127,2024-01
HV0003,B03404,B03404,2024-01-18 22:31:21,2024-01-18 22:33:10,2024-01-18 22:34:15,2024-01-18 22:57:05,80,61,4.42,1370,16.07,0.0,0.44,1.43,0.0,0.0,1.0,18.69,N,N,N,N,N,174.0,109.0,65.0,1544.0,22,Thursday,East Williamsburg,Brooklyn,Crown Heights North,Brooklyn,-73.93679348509205,40.71536904490185,-73.93928693646026,40.67446920571126,3.073,17.51,16.07,0.44,-1.620000000000001,-0.09251856082238726,0.35166423357664234,4.771664233576642,0.41895211970802915,0.9543328467153285,1.3732849664233577,17.316715033576642,40.37576044098181,2024-01
HV0003,B03404,B03404,2024-01-26 21:36:09,2024-01-26 21:41:27,2024-01-26 21:42:21,2024-01-26 21:59:05,49,36,2.92,1004,13.47,0.0,0.37,1.2,0.0,0.0,0.0,13.28,Y,N,N,N,N,372.0,318.0,54.0,1376.0,21,Friday,Clinton Hill,Brooklyn,Bushwick North,Brooklyn,-73.96236330714036,40.68796671165343,-73.9177095234613,40.700521468719735,3.073,13.84,13.47,0.37,0.19000000000000128,0.013728323699422057,0.9248605577689243,3.844860557768924,0.33757875697211154,0.7689721115537849,1.1065508685258965,12.173449131474102,31.849140169554335,2024-01
HV0003,B03404,B03404,2024-01-12 17:57:25,2024-01-12 17:59:02,2024-01-12 18:00:23,2024-01-12 18:14:54,164,211,2.2,871,18.28,0.0,0.5,1.62,2.75,0.0,0.0,11.53,N,N,N,N,N,178.0,97.0,81.0,1049.0,18,Friday,Midtown South,Manhattan,SoHo,Manhattan,-73.98515619423324,40.74857395489648,-74.00153738622468,40.72388757677251,3.073,21.53,18.28,3.25,6.750000000000002,0.31351602415234564,0.24500574052812862,2.4450057405281287,0.2146715040183697,0.4890011481056258,0.7036726521239955,10.826327347876004,37.154221594236056,2024-01
HV0003,B03404,B03404,2024-01-13 17:42:02,2024-01-13 17:47:07,2024-01-13 17:47:11,2024-01-13 18:35:24,203,94,22.35,2893,60.2,6.94,1.85,5.96,0.0,0.0,0.0,56.57,N,N,N,N,N,309.0,305.0,4.0,3202.0,17,Saturday,Rosedale,Queens,Fordham South,Bronx,-73.73947426605032,40.65785159348383,-73.89953579023309,40.858154663426106,3.073,68.99,60.2,8.790000000000001,3.6300000000000026,0.05261632120597192,2.3562910473556866,24.706291047355688,2.169212353957829,4.941258209471138,7.110470563428967,49.45952943657103,55.60721610607611,2024-01
HV0003,B03404,B03404,2024-01-02 19:05:14,2024-01-02 19:07:04,2024-01-02 19:09:05,2024-01-02 19:22:10,225,72,2.21,785,15.2,0.0,0.42,1.35,0.0,0.0,0.0,10.58,N,N,N,N,N,231.0,110.0,121.0,1016.0,19,Tuesday,Stuyvesant Heights,Brooklyn,East Flatbush/Remsen Village,Brooklyn,-73.93188774325893,40.68816752944304,-73.92225109435532,40.65236395430748,3.073,15.62,15.2,0.42,4.619999999999999,0.2957746478873239,0.3096815286624204,2.5196815286624203,0.2212280382165605,0.503936305732484,0.7251643439490445,9.854835656050955,34.91870901750339,2024-01
HV0003,B03404,B03404,2024-01-08 10:42:37,2024-01-08 10:44:28,2024-01-08 10:44:56,2024-01-08 10:53:28,61,35,1.36,512,9.74,0.0,0.27,0.86,0.0,0.0,0.0,7.85,N,N,N,N,N,139.0,111.0,28.0,651.0,10,Monday,Crown Heights North,Brooklyn,Brownsville,Brooklyn,-73.93928693646026,40.67446920571126,-73.91025783392547,40.66400239681814,3.073,10.01,9.74,0.27,1.8900000000000006,0.18881118881118888,0.29484375,1.6548437500000002,0.14529528125000002,0.33096875000000003,0.47626403125000005,7.373735968749999,40.77642010368663,2024-01
HV0003,B03404,B03404,2024-01-31 01:59:30,2024-01-31 02:02:29,2024-01-31 02:03:00,2024-01-31 02:22:36,89,144,8.67,1176,40.52,0.0,1.11,3.6,2.75,0.0,0.0,22.44,N,N,N,N,N,210.0,179.0,31.0,1386.0,2,Wednesday,Flatbush/Ditmas Park,Brooklyn,Little Italy/NoLiTa,Manhattan,-73.96096812758745,40.637899248043546,-73.99691839304907,40.72088834178079,3.073,44.38,40.52,3.8600000000000003,18.080000000000002,0.40739071653898157,1.3196683673469387,9.989668367346939,0.8770928826530612,1.9979336734693878,2.875026556122449,19.56497344387755,50.81811284124039,2024-01
HV0003,B03404,B03404,2024-01-17 21:05:42,2024-01-17 21:06:27,2024-01-17 21:07:00,2024-01-17 21:14:10,216,216,1.42,430,9.8,0.0,0.27,0.87,0.0,0.0,0.0,5.91,N,N,N,N,N,78.0,45.0,33.0,508.0,21,Wednesday,South Ozone Park,Queens,South Ozone Park,Queens,-73.81945966887841,40.6761529751015,-73.81945966887841,40.6761529751015,3.073,10.07,9.8,0.27,3.8900000000000006,0.38629592850049654,0.1486046511627907,1.5686046511627907,0.137723488372093,0.31372093023255815,0.4514444186046511,5.458555581395349,38.68267734847098,2024-01
HV0003,B03404,B03404,2024-01-30 00:18:00,2024-01-30 00:18:59,2024-01-30 00:19:31,2024-01-30 00:45:28,79,225,5.26,1557,27.02,0.0,0.74,2.4,2.75,0.0,0.0,21.55,N,N,N,N,N,91.0,59.0,32.0,1648.0,0,Tuesday,East Village,Manhattan,Stuyvesant Heights,Brooklyn,-73.98593725800136,40.72761958691338,-73.93188774325893,40.68816752944304,3.073,30.509999999999998,27.02,3.49,5.469999999999999,0.17928548017043588,0.19931920359666025,5.45931920359666,0.47932822607578673,1.0918638407193322,1.571192066795119,19.97880793320488,43.64302703855435,2024-01
HV0003,B03404,B03404,2024-01-22 17:51:07,2024-01-22 17:51:24,2024-01-22 17:53:25,2024-01-22 18:22:12,163,231,4.28,1727,37.59,0.0,1.03,3.34,2.75,0.0,0.0,22.25,N,N,N,N,N,138.0,17.0,121.0,1865.0,17,Monday,Midtown North,Manhattan,TriBeCa/Civic Center,Manhattan,-73.97756832086549,40.764420870266285,-74.00787947243188,40.717772159208046,3.073,41.370000000000005,37.59,3.7800000000000002,15.340000000000003,0.3708000966884216,0.04213086276780544,4.322130862767806,0.37948308975101336,0.8644261725535612,1.2439092623045747,21.006090737695427,40.54794994943889,2024-01
HV0003,B03404,B03404,2024-01-02 07:57:11,2024-01-02 08:04:59,2024-01-02 08:04:59,2024-01-02 08:17:00,84,44,3.69,721,16.11,0.0,0.44,1.43,0.0,0.0,0.0,16.38,N,N,N,N,N,468.0,468.0,0.0,1189.0,8,Tuesday,Eltingville/Annadale/Prince's Bay,Staten Island,Charleston/Tottenville,Staten Island,-74.18767986497272,40.52868539814606,-74.23353613171999,40.52549089042766,3.073,16.55,16.11,0.44,-0.2699999999999996,-0.016314199395770366,2.3951733703190015,6.085173370319001,0.5342782219140083,1.2170346740638003,1.7513128959778086,14.628687104022191,44.29207197180815,2024-01
HV0003,B03404,B03404,2024-01-29 20:36:12,2024-01-29 20:37:36,2024-01-29 20:38:22,2024-01-29 20:46:40,114,232,1.31,498,14.8,0.0,0.41,1.31,2.75,0.0,0.0,7.6,N,N,N,N,N,130.0,84.0,46.0,628.0,20,Monday,Greenwich Village South,Manhattan,Two Bridges/Seward Park,Manhattan,-73.99737994674842,40.72833985411046,-73.98302452983464,40.71473195717586,3.073,17.96,14.8,3.16,7.200000000000001,0.400890868596882,0.22096385542168673,1.5309638554216867,0.13441862650602407,0.30619277108433735,0.4406113975903614,7.1593886024096385,41.04108116031003,2024-01
HV0003,B03404,B03404,2024-01-28 01:11:09,2024-01-28 01:13:20,2024-01-28 01:13:50,2024-01-28 01:29:34,113,230,2.99,944,33.32,0.0,0.92,2.96,2.75,0.0,0.0,16.05,N,N,N,N,N,161.0,131.0,30.0,1105.0,1,Sunday,Greenwich Village North,Manhattan,Times Sq/Theatre District,Manhattan,-73.99430449266352,40.73257849687629,-73.98419629996178,40.7598170009371,3.073,36.99,33.32,3.67,17.27,0.46688294133549607,0.4149258474576271,3.404925847457627,0.29895248940677965,0.6809851694915254,0.9799376588983051,15.070062341101696,49.09703568141729,2024-01
HV0003,B03404,B03404,2024-01-27 15:02:44,2024-01-27 15:04:35,2024-01-27 15:05:33,2024-01-27 15:30:49,91,76,4.5,1516,18.01,0.0,0.5,1.6,0.0,0.0,0.0,20.16,N,N,N,N,N,169.0,111.0,58.0,1685.0,15,Saturday,Flatlands,Brooklyn,East New York,Brooklyn,-73.93009732098176,40.62627204277785,-73.87682032859912,40.66093356035302,3.073,18.51,18.01,0.5,-2.1499999999999986,-0.11615343057806582,0.32948548812664913,4.829485488126649,0.42402882585751983,0.9658970976253299,1.3899259234828498,18.77007407651715,40.1022354157043,2024-01
HV0003,B03404,B03404,2024-01-10 22:32:52,2024-01-10 22:33:51,2024-01-10 22:35:52,2024-01-10 22:42:33,37,36,1.01,401,9.09,0.0,0.25,0.81,0.0,0.0,0.0,5.57,N,N,N,N,N,180.0,59.0,121.0,581.0,22,Wednesday,Bushwick South,Brooklyn,Bushwick North,Brooklyn,-73.9222368522579,40.694993402702586,-73.9177095234613,40.700521468719735,3.073,9.34,9.09,0.25,3.5199999999999996,0.3768736616702355,0.14860349127182046,1.1586034912718204,0.10172538653366583,0.2317206982543641,0.33344608478802995,5.23655391521197,32.4468056708487,2024-01
HV0003,B03404,B03404,2024-01-27 03:18:09,2024-01-27 03:22:06,2024-01-27 03:22:39,2024-01-27 03:30:04,256,217,1.0,445,9.4,0.0,0.26,0.83,0.0,0.0,0.0,5.49,N,N,N,N,N,270.0,237.0,33.0,715.0,3,Saturday,Williamsburg (South Side),Brooklyn,South Williamsburg,Brooklyn,-73.95990445316505,40.71087946812129,-73.95859672937166,40.70391593168995,3.073,9.66,9.4,0.26,3.91,0.40476190476190477,0.5325842696629214,1.5325842696629213,0.1345608988764045,0.30651685393258427,0.44107775280898875,5.048922247191012,25.42114697886384,2024-01
HV0003,B03404,B03404,2024-01-04 18:18:30,2024-01-04 18:22:33,2024-01-04 18:23:20,2024-01-04 18:31:10,226,146,1.26,470,8.9,0.0,0.24,0.79,0.0,0.0,0.0,6.08,N,N,N,N,N,290.0,243.0,47.0,760.0,18,Thursday,Sunnyside,Queens,Long Island City/Queens Plaza,Queens,-73.92467262943985,40.73769725609221,-73.93482872612303,40.754241860637634,3.073,9.14,8.9,0.24,2.8200000000000003,0.3085339168490153,0.6514468085106383,1.9114468085106382,0.16782502978723401,0.3822893617021277,0.5501143914893617,5.5298856085106385,26.19419498768197,2024-01
HV0003,B03404,B03404,2024-01-31 12:08:54,2024-01-31 12:11:48,2024-01-31 12:12:29,2024-01-31 12:24:13,159,69,1.39,704,9.55,0.0,0.26,0.85,0.0,0.0,0.0,9.95,N,N,N,N,N,215.0,174.0,41.0,919.0,12,Wednesday,Melrose South,Bronx,East Concourse/Concourse Village,Bronx,-73.9128491499624,40.81825923634175,-73.9150298985607,40.83141570129418,3.073,9.81,9.55,0.26,-0.3999999999999986,-0.0407747196738021,0.3435511363636363,1.7335511363636362,0.15220578977272725,0.34671022727272727,0.4989160170454545,9.451083982954545,37.0227446557523,2024-01
HV0003,B03404,B03404,2024-01-26 14:46:18,2024-01-26 14:50:07,2024-01-26 14:52:08,2024-01-26 15:09:07,254,18,2.52,1019,16.38,0.0,0.45,1.45,0.0,0.0,0.0,12.89,N,N,N,N,N,350.0,229.0,121.0,1369.0,14,Friday,Williamsbridge/Olinville,Bronx,Bedford Park,Bronx,-73.85894858301965,40.88215615951764,-73.890183667512,40.86768169710327,3.073,16.83,16.38,0.45,3.4899999999999984,0.20736779560308966,0.5663199214916584,3.0863199214916586,0.2709788891069676,0.6172639842983317,0.8882428734052994,12.0017571265947,31.560500844222734,2024-01
HV0003,B03404,B03404,2024-01-09 07:07:13,2024-01-09 07:09:54,2024-01-09 07:10:22,2024-01-09 07:23:24,193,226,1.94,782,15.21,0.0,0.42,1.35,0.0,0.0,3.0,9.9,N,N,N,N,N,189.0,161.0,28.0,971.0,7,Tuesday,Queensbridge/Ravenswood,Queens,Sunnyside,Queens,-73.94199714485673,40.76031280805392,-73.92467262943985,40.73769725609221,3.073,18.630000000000003,15.21,0.42,8.31,0.44605475040257647,0.3994117647058823,2.3394117647058823,0.20540035294117648,0.46788235294117647,0.673282705882353,9.226717294117648,34.208220657902714,2024-01
HV0003,B03404,B03404,2024-01-20 05:47:22,2024-01-20 05:47:53,2024-01-20 05:49:34,2024-01-20 05:58:29,18,254,4.03,535,13.41,0.0,0.37,1.19,0.0,0.0,0.0,10.33,N,N,N,N,N,132.0,31.0,101.0,667.0,5,Saturday,Bedford Park,Bronx,Williamsbridge/Olinville,Bronx,-73.890183667512,40.86768169710327,-73.85894858301965,40.88215615951764,3.073,13.78,13.41,0.37,3.08,0.2235123367198839,0.2335140186915888,4.263514018691589,0.37433653084112156,0.852702803738318,1.2270393345794395,9.10296066542056,49.13142188232986,2024-01
HV0003,B03404,B03404,2024-01-30 10:54:38,2024-01-30 10:55:32,2024-01-30 10:56:00,2024-01-30 11:16:20,144,68,2.48,1220,23.46,0.0,0.65,2.08,2.75,0.0,0.0,14.73,N,N,N,N,N,82.0,54.0,28.0,1302.0,10,Tuesday,Little Italy/NoLiTa,Manhattan,East Chelsea,Manhattan,-73.99691839304907,40.72088834178079,-73.99991751678058,40.748426777755405,3.073,26.86,23.46,3.4,8.73,0.32501861504095314,0.10977049180327868,2.5897704918032787,0.22738184918032786,0.5179540983606558,0.7453359475409836,13.984664052459017,38.66727387776687,2024-01
HV0003,B03404,B03404,2024-01-17 19:11:20,2024-01-17 19:13:15,2024-01-17 19:14:26,2024-01-17 19:39:06,144,129,7.66,1480,42.26,0.0,1.16,3.75,2.75,0.0,4.99,23.98,N,N,N,N,N,186.0,115.0,71.0,1666.0,19,Wednesday,Little Italy/NoLiTa,Manhattan,Jackson Heights,Queens,-73.99691839304907,40.72088834178079,-73.88531716686686,40.7573109858269,3.073,51.16,42.26,3.91,23.27,0.4548475371383894,0.5952027027027027,8.255202702702704,0.7248067972972974,1.6510405405405408,2.375847337837838,21.604152662162164,46.683643207553295,2024-01
HV0003,B03404,B03404,2024-01-18 11:02:39,2024-01-18 11:03:16,2024-01-18 11:04:08,2024-01-18 11:12:40,256,217,1.18,512,12.46,0.0,0.34,1.11,0.0,0.0,0.0,6.36,N,N,N,N,N,89.0,37.0,52.0,601.0,11,Thursday,Williamsburg (South Side),Brooklyn,South Williamsburg,Brooklyn,-73.95990445316505,40.71087946812129,-73.95859672937166,40.70391593168995,3.073,12.8,12.46,0.34,6.1000000000000005,0.4765625,0.0852734375,1.2652734374999999,0.11109100781249999,0.2530546875,0.36414569531249996,5.995854304687501,35.915267049708824,2024-01
HV0003,B03404,B03404,2024-01-11 14:37:42,2024-01-11 14:42:02,2024-01-11 14:42:12,2024-01-11 14:49:37,67,227,1.12,445,9.78,0.0,0.27,0.87,0.0,0.0,2.08,5.65,N,N,N,N,N,270.0,260.0,10.0,715.0,14,Thursday,Dyker Heights,Brooklyn,Sunset Park East,Brooklyn,-74.0138023583928,40.61961871573094,-74.0046526133707,40.64188580330356,3.073,12.129999999999999,9.78,0.27,6.209999999999999,0.5119538334707336,0.6543820224719101,1.7743820224719102,0.15579074157303371,0.35487640449438207,0.5106671460674158,5.139332853932585,25.87636122259763,2024-01
HV0003,B03404,B03404,2024-01-26 12:53:21,2024-01-26 13:02:28,2024-01-26 13:04:28,2024-01-26 14:06:57,71,231,6.77,3749,47.13,0.0,1.3,4.18,2.75,0.0,0.0,45.52,N,N,N,N,N,667.0,547.0,120.0,4416.0,13,Friday,East Flatbush/Farragut,Brooklyn,TriBeCa/Civic Center,Manhattan,-73.93796628102253,40.64428722355921,-74.00787947243188,40.717772159208046,3.073,51.18,47.13,4.05,1.6099999999999994,0.03145760062524423,0.9877807415310749,7.757780741531074,0.6811331491064283,1.551556148306215,2.2326892974126435,43.28731070258736,35.28856850754405,2024-01
HV0003,B03404,B03404,2024-01-24 21:11:19,2024-01-24 21:12:42,2024-01-24 21:13:55,2024-01-24 21:26:53,17,198,2.63,778,11.64,0.0,0.32,1.03,0.0,0.0,0.0,10.78,N,N,N,N,N,156.0,83.0,73.0,934.0,21,Wednesday,Bedford,Brooklyn,Ridgewood,Queens,-73.94990474718477,40.69150649558427,-73.90170912961153,40.706526169337856,3.073,11.96,11.64,0.32,0.8600000000000012,0.07190635451505026,0.2805784061696658,2.9105784061696656,0.2555487840616966,0.5821156812339331,0.8376644652956298,9.94233553470437,38.32163589393547,2024-01
HV0003,B03404,B03404,2024-01-21 19:34:26,2024-01-21 19:36:40,2024-01-21 19:38:40,2024-01-21 20:10:00,7,261,11.82,1880,32.41,0.0,0.89,2.88,2.75,0.0,0.0,33.21,N,N,N,N,N,254.0,134.0,120.0,2134.0,19,Sunday,Astoria,Queens,World Trade Center,Manhattan,-73.91969416440043,40.761491926149866,-74.01302266265675,40.7091384408997,3.073,36.05,32.41,3.64,-0.8000000000000043,-0.02219140083217765,0.8424893617021277,12.662489361702129,1.111766565957447,2.532497872340426,3.644264438297873,29.565735561702127,49.87659232527069,2024-01
HV0003,B03404,B03404,2024-01-27 03:00:08,2024-01-27 03:00:40,2024-01-27 03:00:40,2024-01-27 03:29:04,206,84,11.58,1704,34.9,0.0,0.96,3.1,0.0,0.0,0.0,31.24,N,N,N,N,N,32.0,32.0,0.0,1736.0,3,Saturday,Saint George/New Brighton,Staten Island,Eltingville/Annadale/Prince's Bay,Staten Island,-74.10231448191689,40.638972921799166,-74.18767986497272,40.52868539814606,3.073,35.86,34.9,0.96,3.66,0.10206358059118796,0.21746478873239436,11.797464788732395,1.0358174084507044,2.359492957746479,3.395310366197183,27.844689633802815,57.742443941065744,2024-01
HV0003,B03404,B03404,2024-01-13 20:21:16,2024-01-13 20:26:01,2024-01-13 20:26:21,2024-01-13 20:29:29,78,47,0.65,188,6.83,0.0,0.19,0.61,0.0,0.0,0.0,5.39,N,N,N,N,N,305.0,285.0,20.0,493.0,20,Saturday,East Tremont,Bronx,Claremont/Bathgate,Bronx,-73.88552139857157,40.844959817621785,-73.90031679211252,40.84274782905238,3.073,7.0200000000000005,6.83,0.19,1.4400000000000004,0.20512820512820518,0.9853723404255319,1.635372340425532,0.1435856914893617,0.32707446808510643,0.47066015957446816,4.919339840425532,35.92215704976047,2024-01
HV0003,B03404,B03404,2024-01-24 13:03:33,2024-01-24 13:07:04,2024-01-24 13:07:04,2024-01-24 13:37:16,141,68,3.98,1812,55.31,0.0,1.52,4.91,2.75,0.0,0.0,32.43,N,N,N,N,N,211.0,211.0,0.0,2023.0,13,Wednesday,Lenox Hill West,Manhattan,East Chelsea,Manhattan,-73.95963478688095,40.76694745582751,-73.99991751678058,40.748426777755405,3.073,59.580000000000005,55.31,4.27,22.880000000000003,0.38402148371936895,0.4634547461368653,4.443454746136865,0.39013532671081674,0.8886909492273731,1.2788262759381899,31.15117372406181,55.43461463500866,2024-01
HV0003,B03404,B03404,2024-01-12 08:14:37,2024-01-12 08:18:24,2024-01-12 08:18:24,2024-01-12 08:30:42,149,123,2.19,738,17.87,0.0,0.49,1.59,0.0,0.0,0.0,9.82,N,N,N,N,N,227.0,227.0,0.0,965.0,8,Friday,Madison,Brooklyn,Homecrest,Brooklyn,-73.94813579159555,40.604913128039314,-73.96433371333775,40.59995356501545,3.073,18.36,17.87,0.49,8.05,0.43845315904139437,0.6736178861788618,2.8636178861788615,0.25142565040650405,0.5727235772357723,0.8241492276422764,8.995850772357723,33.559650549728296,2024-01
HV0003,B03404,B03404,2024-01-04 18:16:55,2024-01-04 18:19:55,2024-01-04 18:21:20,2024-01-04 18:46:58,262,78,7.25,1538,29.76,6.94,1.01,3.26,2.75,0.0,0.0,23.99,N,N,N,N,N,265.0,180.0,85.0,1803.0,18,Thursday,Yorkville East,Manhattan,East Tremont,Bronx,-73.94651027083967,40.77593169638859,-73.88552139857157,40.844959817621785,3.073,40.46,29.76,10.7,5.770000000000003,0.14260998517053888,0.8485045513654096,8.09850455136541,0.711048699609883,1.6197009102730822,2.3307496098829654,21.659250390117034,43.24642340788758,2024-01
HV0003,B03404,B03404,2024-01-27 22:30:50,2024-01-27 22:33:44,2024-01-27 22:34:12,2024-01-27 22:51:11,144,232,1.73,1019,17.09,0.0,0.47,1.52,2.75,0.0,0.0,11.85,N,N,N,N,N,202.0,174.0,28.0,1221.0,22,Saturday,Little Italy/NoLiTa,Manhattan,Two Bridges/Seward Park,Manhattan,-73.99691839304907,40.72088834178079,-73.98302452983464,40.71473195717586,3.073,20.31,17.09,3.2199999999999998,5.24,0.258000984736583,0.2954072620215898,2.0254072620215897,0.17783075760549558,0.405081452404318,0.5829122100098135,11.267087789990185,33.21991485992192,2024-01
HV0003,B03404,B03404,2024-01-26 13:20:01,2024-01-26 13:23:24,2024-01-26 13:25:25,2024-01-26 13:41:09,51,185,3.56,944,14.04,0.0,0.39,1.25,0.0,0.0,0.0,13.55,N,N,N,N,N,324.0,203.0,121.0,1268.0,13,Friday,Co-Op City,Bronx,Pelham Parkway,Bronx,-73.82826341101214,40.87397187629544,-73.85439388215148,40.85440439427695,3.073,14.43,14.04,0.39,0.48999999999999844,0.03395703395703385,0.7655508474576271,4.325550847457627,0.3797833644067797,0.8651101694915255,1.2448935338983051,12.305106466101696,34.93563349997327,2024-01
HV0003,B03404,B03404,2024-01-09 18:11:45,2024-01-09 18:13:22,2024-01-09 18:14:50,2024-01-09 18:38:02,141,87,6.12,1392,31.99,0.0,0.88,2.84,2.75,0.0,0.0,21.12,N,N,N,N,N,185.0,97.0,88.0,1577.0,18,Tuesday,Lenox Hill West,Manhattan,Financial District North,Manhattan,-73.95963478688095,40.76694745582751,-74.0074957883342,40.70680798106304,3.073,35.62,31.99,3.63,10.869999999999997,0.3051656372824256,0.4264655172413793,6.546465517241379,0.5747796724137931,1.309293103448276,1.884072775862069,19.23592722413793,43.91207229352984,2024-01
HV0003,B03404,B03404,2024-01-08 21:09:42,2024-01-08 21:12:58,2024-01-08 21:15:00,2024-01-08 21:23:11,112,112,1.12,491,9.07,0.0,0.25,0.8,0.0,0.0,0.0,6.1,N,N,N,N,N,318.0,196.0,122.0,809.0,21,Monday,Greenpoint,Brooklyn,Greenpoint,Brooklyn,-73.94953985600077,40.72950555799535,-73.94953985600077,40.72950555799535,3.073,9.32,9.07,0.25,2.9700000000000006,0.31866952789699576,0.44708757637474544,1.5670875763747456,0.13759028920570265,0.31341751527494915,0.4510078044806518,5.648992195519348,25.137666135809212,2024-01
HV0003,B03404,B03404,2024-01-20 15:39:24,2024-01-20 15:43:22,2024-01-20 15:43:30,2024-01-20 15:51:35,35,39,1.43,485,9.85,0.0,0.27,0.87,0.0,0.0,0.0,6.44,N,N,N,N,N,246.0,238.0,8.0,731.0,15,Saturday,Brownsville,Brooklyn,Canarsie,Brooklyn,-73.91025783392547,40.66400239681814,-73.89973483047997,40.63803639656562,3.073,10.12,9.85,0.27,3.4099999999999993,0.3369565217391304,0.7017319587628865,2.1317319587628862,0.1871660659793814,0.42634639175257727,0.6135124577319586,5.826487542268042,28.69405629571129,2024-01
HV0003,B03404,B03404,2024-01-30 16:37:56,2024-01-30 16:39:51,2024-01-30 16:40:44,2024-01-30 17:09:54,77,95,5.93,1750,23.72,0.0,0.65,2.11,0.0,0.0,0.0,24.24,N,N,N,N,N,168.0,115.0,53.0,1918.0,16,Tuesday,East New York/Pennsylvania Avenue,Brooklyn,Forest Hills,Queens,-73.89536398494168,40.666558142144005,-73.84766918479201,40.72143087062858,3.073,24.369999999999997,23.72,0.65,-0.5199999999999996,-0.02133771029954861,0.38968571428571425,6.319685714285714,0.5548684057142858,1.2639371428571429,1.8188055485714285,22.42119445142857,42.08357665544465,2024-01
HV0003,B03404,B03404,2024-01-17 14:46:24,2024-01-17 14:52:13,2024-01-17 14:52:35,2024-01-17 15:03:28,107,233,1.24,653,11.8,0.0,0.32,1.05,2.75,0.0,0.0,7.77,N,N,N,N,N,371.0,349.0,22.0,1024.0,14,Wednesday,Gramercy,Manhattan,UN/Turtle Bay South,Manhattan,-73.98405192785955,40.73682342425488,-73.9704423734757,40.74991338603123,3.073,14.870000000000001,11.8,3.07,4.030000000000001,0.2710154673839947,0.6627258805513017,1.9027258805513017,0.16705933231240427,0.38054517611026034,0.5476045084226646,7.222395491577335,25.391234150076567,2024-01
HV0003,B03404,B03404,2024-01-01 05:15:38,2024-01-01 05:26:47,2024-01-01 05:27:46,2024-01-01 05:32:26,215,10,1.14,280,7.19,0.0,0.2,0.64,0.0,0.0,0.0,6.02,N,N,N,N,N,728.0,669.0,59.0,1008.0,5,Monday,South Jamaica,Queens,Baisley Park,Queens,-73.79096502686893,40.69442676074992,-73.79098701332514,40.67895233930188,3.073,7.390000000000001,7.19,0.2,1.1700000000000008,0.15832205683355896,2.723785714285714,3.863785714285714,0.3392403857142857,0.7727571428571429,1.1119975285714285,4.908002471428571,17.528580255102035,2024-01
HV0003,B03404,B03404,2024-01-09 13:43:21,2024-01-09 13:47:26,2024-01-09 13:47:36,2024-01-09 13:57:52,241,18,1.04,616,8.92,0.0,0.25,0.79,0.0,0.0,0.0,7.16,N,N,N,N,N,255.0,245.0,10.0,871.0,13,Tuesday,Van Cortlandt Village,Bronx,Bedford Park,Bronx,-73.89562004253389,40.87651165473252,-73.890183667512,40.86768169710327,3.073,9.17,8.92,0.25,1.7599999999999998,0.19193020719738274,0.41363636363636364,1.4536363636363636,0.12762927272727273,0.2907272727272727,0.4183565454545455,6.741643454545454,27.86442759628431,2024-01
HV0003,B03404,B03404,2024-01-31 15:01:06,2024-01-31 15:04:53,2024-01-31 15:06:01,2024-01-31 15:24:38,37,63,2.31,1117,13.78,0.0,0.38,1.22,0.0,0.0,0.0,13.54,N,N,N,N,N,295.0,227.0,68.0,1412.0,15,Wednesday,Bushwick South,Brooklyn,Cypress Hills,Brooklyn,-73.9222368522579,40.694993402702586,-73.87817291227658,40.68383923597394,3.073,14.16,13.78,0.38,0.2400000000000002,0.016949152542372895,0.46944494180841545,2.7794449418084155,0.24403526589077887,0.5558889883616831,0.7999242542524619,12.740075745747538,32.48177952173593,2024-01
HV0003,B03404,B03404,2024-01-08 08:14:13,2024-01-08 08:15:58,2024-01-08 08:15:58,2024-01-08 08:41:07,130,92,6.26,1509,23.24,0.0,0.64,2.06,0.0,0.0,2.59,22.41,N,N,N,N,N,105.0,105.0,0.0,1614.0,8,Monday,Jamaica,Queens,Flushing,Queens,-73.79398135276409,40.70436829225682,-73.8288586430752,40.76110071120437,3.073,26.47,23.24,0.64,3.419999999999998,0.12920287117491494,0.43558648111332005,6.695586481113319,0.5878724930417495,1.339117296222664,1.9269897892644137,20.483010210735586,45.687011622458556,2024-01
HV0003,B03404,B03404,2024-01-23 07:33:20,2024-01-23 07:34:57,2024-01-23 07:36:57,2024-01-23 08:15:53,142,142,5.28,2336,45.02,0.0,1.24,4.0,2.75,0.0,0.0,29.23,N,N,N,N,N,217.0,97.0,120.0,2553.0,7,Tuesday,Lincoln Square East,Manhattan,Lincoln Square East,Manhattan,-73.98153210008745,40.77363265587896,-73.98153210008745,40.77363265587896,3.073,49.010000000000005,45.02,3.99,15.790000000000003,0.32217914711283413,0.21924657534246575,5.499246575342466,0.48283384931506856,1.0998493150684934,1.582683164383562,27.64731683561644,38.98564066126878,2024-01
HV0003,B03404,B03404,2024-01-30 11:09:11,2024-01-30 11:09:25,2024-01-30 11:11:17,2024-01-30 11:27:04,90,4,2.04,947,20.12,0.0,0.55,1.79,2.75,0.0,0.0,11.58,N,N,N,N,N,126.0,14.0,112.0,1073.0,11,Tuesday,Flatiron,Manhattan,Alphabet City,Manhattan,-73.9969712245153,40.742278038328486,-73.97696809691621,40.723751540194456,3.073,23.42,20.12,3.3,8.540000000000001,0.36464560204953034,0.030158394931362197,2.0701583949313624,0.1817599070749736,0.4140316789862725,0.5957915860612462,10.984208413938754,36.85288936643011,2024-01
HV0003,B03404,B03404,2024-01-09 09:21:41,2024-01-09 09:22:52,2024-01-09 09:23:02,2024-01-09 09:49:42,228,89,5.69,1600,25.96,0.0,0.71,2.3,0.0,0.0,0.0,32.27,N,N,N,N,N,81.0,71.0,10.0,1681.0,9,Tuesday,Sunset Park West,Brooklyn,Flatbush/Ditmas Park,Brooklyn,-74.01127289375856,40.652353822117504,-73.96096812758745,40.637899248043546,3.073,26.67,25.96,0.71,-6.310000000000002,-0.2365954255718036,0.25249375,5.942493750000001,0.52175095125,1.1884987500000002,1.7102497012500002,30.559750298750004,65.44622312641286,2024-01
HV0003,B03404,B03404,2024-01-14 11:49:56,2024-01-14 11:53:35,2024-01-14 11:53:44,2024-01-14 12:12:05,136,81,4.63,1101,16.88,0.0,0.46,1.5,0.0,0.0,5.0,16.43,N,N,N,N,N,228.0,219.0,9.0,1329.0,11,Sunday,Kingsbridge Heights,Bronx,Eastchester,Bronx,-73.90591111534405,40.8652635680692,-73.83664438560328,40.88093458369951,3.073,22.34,16.88,0.46,5.449999999999999,0.24395702775290956,0.9209536784741144,5.550953678474114,0.4873737329700272,1.1101907356948229,1.59756446866485,14.83243553133515,40.17815493815391,2024-01
HV0003,B03404,B03404,2024-01-01 18:15:40,2024-01-01 18:18:17,2024-01-01 18:20:19,2024-01-01 18:26:37,14,14,1.6,378,9.42,0.0,0.26,0.84,0.0,0.0,0.0,6.15,N,N,N,N,N,279.0,157.0,122.0,657.0,18,Monday,Bay Ridge,Brooklyn,Bay Ridge,Brooklyn,-74.02989257930119,40.62483341741767,-74.02989257930119,40.62483341741767,3.073,9.68,9.42,0.26,3.2699999999999996,0.33780991735537186,0.6645502645502646,2.2645502645502646,0.19882751322751324,0.45291005291005293,0.6517375661375662,5.498262433862434,30.127465391027037,2024-01
HV0003,B03404,B03404,2024-01-04 17:14:45,2024-01-04 17:17:51,2024-01-04 17:18:05,2024-01-04 18:07:28,180,100,11.35,2963,46.05,6.94,1.46,4.7,2.75,0.0,0.0,43.18,N,N,N,N,N,200.0,186.0,14.0,3163.0,17,Thursday,Ozone Park,Queens,Garment District,Manhattan,-73.84704304397084,40.675594357483554,-73.98878634685092,40.75351217038599,3.073,57.199999999999996,46.05,11.15,2.8699999999999974,0.05017482517482513,0.7124873439082011,12.0624873439082,1.05908638879514,2.4124974687816403,3.47158385757678,39.70841614242322,45.19452991233752,2024-01
HV0003,B03404,B03404,2024-01-09 20:53:59,2024-01-09 20:56:36,2024-01-09 20:57:16,2024-01-09 21:18:41,48,112,4.63,1285,29.11,6.94,0.99,3.2,2.75,0.0,0.0,18.83,N,N,N,N,N,197.0,157.0,40.0,1482.0,20,Tuesday,Clinton East,Manhattan,Greenpoint,Brooklyn,-73.98984463380468,40.762252049908085,-73.94953985600077,40.72950555799535,3.073,39.79,29.11,10.68,10.280000000000001,0.25835637094747427,0.5656887159533074,5.195688715953307,0.4561814692607003,1.0391377431906614,1.4953192124513617,17.334680787548635,42.10853632602907,2024-01
HV0003,B03404,B03404,2024-01-17 05:43:35,2024-01-17 05:48:53,2024-01-17 05:50:01,2024-01-17 05:57:49,181,25,1.91,468,12.52,0.0,0.34,1.11,0.0,0.0,0.0,6.91,N,N,N,N,N,386.0,318.0,68.0,854.0,5,Wednesday,Park Slope,Brooklyn,Boerum Hill,Brooklyn,-73.98141426627474,40.67037356101699,-73.98611365960022,40.685633257491546,3.073,12.86,12.52,0.34,5.609999999999999,0.4362363919129082,1.297820512820513,3.207820512820513,0.281646641025641,0.6415641025641027,0.9232107435897436,5.9867892564102565,25.23705072959827,2024-01
HV0003,B03404,B03404,2024-01-29 17:30:57,2024-01-29 17:32:35,2024-01-29 17:32:43,2024-01-29 17:40:22,254,254,1.25,459,8.9,0.0,0.24,0.79,0.0,0.0,0.0,5.95,N,N,N,N,N,106.0,98.0,8.0,565.0,17,Monday,Williamsbridge/Olinville,Bronx,Williamsbridge/Olinville,Bronx,-73.85894858301965,40.88215615951764,-73.85894858301965,40.88215615951764,3.073,9.14,8.9,0.24,2.95,0.3227571115973742,0.266884531590414,1.516884531590414,0.13318246187363836,0.30337690631808284,0.4365593681917212,5.513440631808279,35.129887211521776,2024-01
HV0003,B03404,B03404,2024-01-06 18:58:54,2024-01-06 19:05:33,2024-01-06 19:06:22,2024-01-06 19:12:18,81,259,1.31,356,8.05,0.0,0.22,0.71,0.0,0.0,0.0,5.38,N,N,N,N,N,448.0,399.0,49.0,804.0,19,Saturday,Eastchester,Bronx,Woodlawn/Wakefield,Bronx,-73.83664438560328,40.88093458369951,-73.85221507735194,40.89793162870983,3.073,8.270000000000001,8.05,0.22,2.670000000000001,0.3228536880290206,1.4682303370786518,2.778230337078652,0.2439286235955056,0.5556460674157304,0.799574691011236,4.580425308988763,20.50936705517357,2024-01
HV0003,B03404,B03404,2024-01-30 18:38:16,2024-01-30 18:39:45,2024-01-30 18:40:07,2024-01-30 18:57:11,197,129,9.06,1024,23.21,0.0,0.64,2.06,0.0,0.0,0.0,22.88,N,N,N,N,N,111.0,89.0,22.0,1135.0,18,Tuesday,Richmond Hill,Queens,Jackson Heights,Queens,-73.83092448484014,40.69454169265697,-73.88531716686686,40.7573109858269,3.073,23.85,23.21,0.64,0.33000000000000185,0.01383647798742146,0.78744140625,9.84744140625,0.86460535546875,1.9694882812500003,2.8340936367187504,20.045906363281247,63.58172943419603,2024-01
HV0003,B03404,B03404,2024-01-13 15:33:28,2024-01-13 15:37:34,2024-01-13 15:37:27,2024-01-13 15:57:56,254,254,2.54,1229,18.4,0.0,0.51,1.63,0.0,0.0,0.0,15.16,N,N,N,N,N,239.0,246.0,-7.0,1468.0,15,Saturday,Williamsbridge/Olinville,Bronx,Williamsbridge/Olinville,Bronx,-73.85894858301965,40.88215615951764,-73.85894858301965,40.88215615951764,3.073,18.91,18.4,0.51,3.2399999999999984,0.17133791644632462,0.508413344182262,3.0484133441822623,0.26765069161920263,0.6096826688364525,0.8773333604556551,14.282666639544345,35.02561301250657,2024-01
HV0003,B03404,B03404,2024-01-19 23:59:43,2024-01-20 00:00:12,2024-01-20 00:01:21,2024-01-20 00:23:07,170,49,8.14,1306,24.42,6.94,0.86,2.78,2.75,0.0,5.66,22.98,N,N,N,N,N,98.0,29.0,69.0,1404.0,0,Saturday,Murray Hill,Manhattan,Clinton Hill,Brooklyn,-73.97849134130094,40.74774513853527,-73.96236330714036,40.68796671165343,3.073,40.63000000000001,24.42,10.55,7.100000000000001,0.17474772335712527,0.18075038284839204,8.320750382848393,0.7305618836140889,1.6641500765696788,2.3947119601837676,20.585288039816234,52.78278984568265,2024-01
HV0003,B03404,B03404,2024-01-19 08:52:25,2024-01-19 08:54:19,2024-01-19 08:54:58,2024-01-19 09:02:53,87,231,0.78,475,9.11,0.0,0.25,0.81,2.75,0.0,0.0,5.49,N,N,N,N,N,153.0,114.0,39.0,628.0,8,Friday,Financial District North,Manhattan,TriBeCa/Civic Center,Manhattan,-74.0074957883342,40.70680798106304,-74.00787947243188,40.717772159208046,3.073,12.11,9.11,3.0,3.619999999999999,0.29892650701899254,0.1872,0.9672000000000001,0.08492016000000001,0.19344000000000003,0.27836016,5.21163984,29.875642394904457,2024-01
HV0003,B03404,B03404,2024-01-28 21:23:09,2024-01-28 21:27:34,2024-01-28 21:28:50,2024-01-28 21:53:17,71,76,5.01,1467,21.85,0.0,0.6,1.94,0.0,0.0,0.0,20.37,N,N,N,N,N,341.0,265.0,76.0,1808.0,21,Sunday,East Flatbush/Farragut,Brooklyn,East New York,Brooklyn,-73.93796628102253,40.64428722355921,-73.87682032859912,40.66093356035302,3.073,22.450000000000003,21.85,0.6,1.4800000000000004,0.06592427616926505,0.9050102249488752,5.915010224948875,0.5193378977505113,1.1830020449897751,1.7023399427402865,18.667660057259713,37.17011958303925,2024-01
HV0003,B03404,B03404,2024-01-26 12:29:27,2024-01-26 12:30:06,2024-01-26 12:30:06,2024-01-26 12:49:51,249,170,2.54,1185,15.48,0.0,0.43,1.37,2.75,0.0,0.0,14.48,N,N,N,N,N,39.0,39.0,0.0,1224.0,12,Friday,West Village,Manhattan,Murray Hill,Manhattan,-74.00287478437944,40.73457538224023,-73.97849134130094,40.74774513853527,3.073,18.66,15.48,3.18,1.0,0.05359056806002144,0.08359493670886077,2.623594936708861,0.230351635443038,0.5247189873417722,0.7550706227848103,13.72492937721519,40.36743934475056,2024-01
HV0003,B03404,B03404,2024-01-01 05:00:56,2024-01-01 05:05:52,2024-01-01 05:06:56,2024-01-01 05:29:23,258,10,6.39,1347,21.72,0.0,0.6,1.93,0.0,0.0,0.0,21.32,Y,N,N,N,N,360.0,296.0,64.0,1707.0,5,Monday,Woodhaven,Queens,Baisley Park,Queens,-73.85576684520184,40.68872054521105,-73.79098701332514,40.67895233930188,3.073,22.32,21.72,0.6,0.3999999999999986,0.017921146953404955,1.404187082405345,7.794187082405345,0.6843296258351893,1.558837416481069,2.243167042316258,19.07683295768374,40.232336641863775,2024-01
HV0003,B03404,B03404,2024-01-19 18:14:02,2024-01-19 18:16:28,2024-01-19 18:18:28,2024-01-19 18:28:20,49,62,1.59,592,13.66,0.0,0.38,1.21,0.0,0.0,0.0,7.83,N,N,N,N,N,266.0,146.0,120.0,858.0,18,Friday,Clinton Hill,Brooklyn,Crown Heights South,Brooklyn,-73.96236330714036,40.68796671165343,-73.94878831329727,40.66654019759787,3.073,14.040000000000001,13.66,0.38,5.83,0.41524216524216523,0.3921283783783784,1.9821283783783785,0.17403087162162165,0.3964256756756757,0.5704565472972973,7.259543452702703,30.459622878472878,2024-01
HV0003,B03404,B03404,2024-01-26 01:51:26,2024-01-26 01:51:51,2024-01-26 01:52:50,2024-01-26 02:04:39,164,239,3.21,709,19.87,0.0,0.55,1.76,2.75,0.0,0.0,10.89,N,N,N,N,N,84.0,25.0,59.0,793.0,1,Friday,Midtown South,Manhattan,Upper West Side South,Manhattan,-73.98515619423324,40.74857395489648,-73.97863166507607,40.783960878966745,3.073,23.17,19.87,3.3,8.98,0.38757013379369876,0.11318758815232723,3.323187588152327,0.29177587023977436,0.6646375176304655,0.9564133878702399,9.93358661212976,45.095727369063226,2024-01
HV0003,B03404,B03404,2024-01-18 11:39:51,2024-01-18 11:42:56,2024-01-18 11:43:23,2024-01-18 11:56:58,126,159,2.49,815,13.64,0.0,0.38,1.21,0.0,0.0,0.0,10.93,N,N,N,N,N,212.0,185.0,27.0,1027.0,11,Thursday,Hunts Point,Bronx,Melrose South,Bronx,-73.88553690148994,40.81207355275024,-73.9128491499624,40.81825923634175,3.073,14.020000000000001,13.64,0.38,2.710000000000001,0.19329529243937238,0.5652147239263804,3.0552147239263805,0.2682478527607362,0.6110429447852761,0.8792907975460122,10.050709202453987,35.23130781775497,2024-01
HV0003,B03404,B03404,2024-01-27 09:35:00,2024-01-27 09:39:09,2024-01-27 09:39:35,2024-01-27 10:16:19,14,186,11.62,2204,36.23,6.94,1.19,3.83,2.75,0.0,0.0,36.99,N,N,N,N,N,275.0,249.0,26.0,2479.0,9,Saturday,Bay Ridge,Brooklyn,Penn Station/Madison Sq West,Manhattan,-74.02989257930119,40.62483341741767,-73.99243728054387,40.7484965983886,3.073,47.10999999999999,36.23,10.88,-0.7600000000000051,-0.016132455954149975,1.3127858439201452,12.932785843920144,1.1354985970961886,2.586557168784029,3.7220557658802176,33.26794423411978,48.31165762115015,2024-01
HV0003,B03404,B03404,2024-01-26 07:04:34,2024-01-26 07:07:16,2024-01-26 07:09:17,2024-01-26 07:27:21,238,119,6.28,1084,21.99,0.0,0.6,1.95,0.0,0.0,0.0,18.44,N,N,N,N,N,283.0,162.0,121.0,1367.0,7,Friday,Upper West Side North,Manhattan,Highbridge,Bronx,-73.97304858188282,40.79170437688446,-73.92615739281834,40.83782626996652,3.073,22.59,21.99,0.6,3.549999999999997,0.1571491810535634,0.9385239852398525,7.218523985239853,0.6337864059040591,1.4437047970479706,2.0774912029520296,16.362508797047973,43.09073275008976,2024-01
HV0003,B03404,B03404,2024-01-29 21:53:26,2024-01-29 21:57:49,2024-01-29 21:57:51,2024-01-29 22:02:44,249,90,1.06,293,8.22,0.0,0.23,0.73,2.75,0.0,0.0,5.39,N,N,N,N,N,265.0,263.0,2.0,558.0,21,Monday,West Village,Manhattan,Flatiron,Manhattan,-74.00287478437944,40.73457538224023,-73.9969712245153,40.742278038328486,3.073,11.200000000000001,8.22,2.98,2.830000000000001,0.2526785714285715,0.9514675767918089,2.011467576791809,0.17660685324232084,0.40229351535836183,0.5789003686006826,4.811099631399317,31.039352460640757,2024-01
HV0003,B03404,B03404,2024-01-03 07:40:02,2024-01-03 07:43:24,2024-01-03 07:44:10,2024-01-03 07:59:08,89,22,2.0,898,15.21,0.0,0.42,1.35,0.0,0.0,0.0,11.07,N,N,N,N,N,248.0,202.0,46.0,1146.0,7,Wednesday,Flatbush/Ditmas Park,Brooklyn,Bensonhurst West,Brooklyn,-73.96096812758745,40.637899248043546,-73.99525874269187,40.6122174014384,3.073,15.63,15.21,0.42,4.140000000000001,0.2648752399232246,0.44988864142538976,2.4498886414253898,0.21510022271714924,0.48997772828507796,0.7050779510022271,10.364922048997773,32.55996455182546,2024-01
HV0003,B03404,B03404,2024-01-07 12:14:42,2024-01-07 12:14:51,2024-01-07 12:15:48,2024-01-07 12:23:43,174,185,3.15,475,12.51,0.0,0.34,1.11,0.0,0.0,0.0,9.89,N,N,N,N,N,66.0,9.0,57.0,541.0,12,Sunday,Norwood,Bronx,Pelham Parkway,Bronx,-73.87902205824633,40.87713685159281,-73.85439388215148,40.85440439427695,3.073,12.85,12.51,0.34,2.619999999999999,0.20389105058365753,0.05968421052631579,3.2096842105263157,0.2818102736842105,0.6419368421052631,0.9237471157894737,8.966252884210526,59.664529358887044,2024-01
HV0003,B03404,B03404,2024-01-25 19:14:45,2024-01-25 19:15:45,2024-01-25 19:15:58,2024-01-25 19:21:42,226,7,1.2,344,8.37,0.0,0.23,0.74,0.0,0.0,0.0,5.4,N,N,N,N,N,73.0,60.0,13.0,417.0,19,Thursday,Sunnyside,Queens,Astoria,Queens,-73.92467262943985,40.73769725609221,-73.91969416440043,40.761491926149866,3.073,8.6,8.37,0.23,2.969999999999999,0.3453488372093022,0.20930232558139536,1.4093023255813952,0.1237367441860465,0.28186046511627905,0.40559720930232557,4.9944027906976745,43.1171463945123,2024-01
HV0003,B03404,B03404,2024-01-21 17:21:01,2024-01-21 17:24:02,2024-01-21 17:24:02,2024-01-21 17:36:32,146,236,3.29,750,19.86,0.0,0.55,1.76,2.75,0.0,0.0,11.37,N,N,N,N,N,181.0,181.0,0.0,931.0,17,Sunday,Long Island City/Queens Plaza,Queens,Upper East Side North,Manhattan,-73.93482872612303,40.754241860637634,-73.957011704106,40.78043571518905,3.073,23.16,19.86,3.3,8.49,0.36658031088082904,0.7939866666666667,4.083986666666667,0.3585740293333334,0.8167973333333335,1.1753713626666669,10.194628637333333,39.420690756605794,2024-01
HV0003,B03404,B03404,2024-01-13 14:55:55,2024-01-13 14:59:45,2024-01-13 15:00:32,2024-01-13 15:57:56,121,142,13.1,3444,48.39,0.0,1.33,4.29,2.75,0.0,0.0,50.58,N,N,N,N,N,277.0,230.0,47.0,3721.0,15,Saturday,Hillcrest/Pomonok,Queens,Lincoln Square East,Manhattan,-73.80244406680485,40.72833215927266,-73.98153210008745,40.77363265587896,3.073,52.47,48.39,4.08,-2.1899999999999977,-0.04173813607775868,0.8748548199767713,13.974854819976771,1.2269922531939605,2.7949709639953544,4.021963217189315,46.55803678281068,45.04405601131913,2024-01
HV0003,B03404,B03404,2024-01-09 20:59:00,2024-01-09 21:04:07,2024-01-09 21:05:29,2024-01-09 21:13:05,234,158,1.63,456,12.76,0.0,0.35,1.13,2.75,0.0,0.0,6.43,N,N,N,N,N,389.0,307.0,82.0,845.0,21,Tuesday,Union Sq,Manhattan,Meatpacking/West Village West,Manhattan,-73.99045767416112,40.74033681887629,-74.00898395410488,40.73503468604606,3.073,15.86,12.76,3.1,6.33,0.39911727616645654,1.097390350877193,2.727390350877193,0.2394648728070175,0.5454780701754386,0.7849429429824561,5.645057057017544,24.0499472251635,2024-01
HV0003,B03404,B03404,2024-01-22 23:42:02,2024-01-22 23:43:48,2024-01-22 23:45:49,2024-01-22 23:49:37,256,217,0.82,228,8.01,0.0,0.22,0.71,0.0,0.0,0.0,5.47,N,N,N,N,N,227.0,106.0,121.0,455.0,23,Monday,Williamsburg (South Side),Brooklyn,South Williamsburg,Brooklyn,-73.95990445316505,40.71087946812129,-73.95859672937166,40.70391593168995,3.073,8.23,8.01,0.22,2.54,0.3086269744835966,0.3812280701754386,1.2012280701754385,0.1054678245614035,0.2402456140350877,0.3457134385964912,5.124286561403508,40.54380576055523,2024-01
HV0003,B03404,B03404,2024-01-21 07:54:09,2024-01-21 07:56:01,2024-01-21 07:56:13,2024-01-21 08:09:55,166,68,4.92,822,21.66,0.0,0.6,1.92,2.75,0.0,0.0,14.19,N,N,N,N,N,124.0,112.0,12.0,946.0,7,Sunday,Morningside Heights,Manhattan,East Chelsea,Manhattan,-73.96176346467264,40.809456315241775,-73.99991751678058,40.748426777755405,3.073,25.01,21.66,3.35,7.470000000000001,0.29868052778888443,0.6703649635036496,5.590364963503649,0.49083404379562046,1.11807299270073,1.6089070364963505,12.581092963503648,47.87730937485532,2024-01
HV0003,B03404,B03404,2024-01-27 17:34:12,2024-01-27 17:35:12,2024-01-27 17:36:03,2024-01-27 18:06:22,49,210,6.29,1819,33.09,0.0,0.91,2.94,0.0,0.0,0.0,25.37,N,N,N,N,N,111.0,60.0,51.0,1930.0,17,Saturday,Clinton Hill,Brooklyn,Sheepshead Bay,Brooklyn,-73.96236330714036,40.68796671165343,-73.94050746825633,40.59202328403454,3.073,34.0,33.09,0.91,7.720000000000002,0.22705882352941184,0.20747663551401868,6.497476635514019,0.5704784485981309,1.2994953271028038,1.8699737757009347,23.500026224299067,43.834245806982715,2024-01
HV0003,B03404,B03404,2024-01-18 08:30:38,2024-01-18 08:32:43,2024-01-18 08:33:26,2024-01-18 08:39:16,28,121,0.94,350,8.58,0.0,0.24,0.76,0.0,0.0,0.0,5.39,Y,N,N,N,N,168.0,125.0,43.0,518.0,8,Thursday,Briarwood/Jamaica Hills,Queens,Hillcrest/Pomonok,Queens,-73.80872941622545,40.71159574889735,-73.80244406680485,40.72833215927266,3.073,8.82,8.58,0.24,3.1900000000000004,0.3616780045351474,0.3357142857142857,1.2757142857142856,0.11200771428571428,0.2551428571428571,0.3671505714285714,5.022849428571428,34.907833866519574,2024-01
HV0003,B03404,B03404,2024-01-26 19:16:46,2024-01-26 19:17:52,2024-01-26 19:19:52,2024-01-26 19:28:42,61,177,0.97,530,9.19,0.0,0.25,0.82,0.0,0.0,0.0,7.3,N,N,N,N,N,186.0,66.0,120.0,716.0,19,Friday,Crown Heights North,Brooklyn,Ocean Hill,Brooklyn,-73.93928693646026,40.67446920571126,-73.91363235241506,40.67664341763747,3.073,9.44,9.19,0.25,1.8899999999999997,0.20021186440677963,0.12079245283018868,1.0907924528301887,0.09577157735849057,0.21815849056603775,0.3139300679245283,6.9860699320754716,35.12549127859175,2024-01
HV0003,B03404,B03404,2024-01-05 08:31:26,2024-01-05 08:38:06,2024-01-05 08:38:06,2024-01-05 09:09:03,42,239,4.35,1857,26.15,0.0,0.72,2.32,2.75,0.0,6.38,24.18,N,N,N,N,N,400.0,400.0,0.0,2257.0,8,Friday,Central Harlem North,Manhattan,Upper West Side South,Manhattan,-73.9407718835631,40.81825672430646,-73.97863166507607,40.783960878966745,3.073,36.0,26.15,3.4699999999999998,8.350000000000001,0.23194444444444448,0.9369951534733441,5.2869951534733435,0.4641981744749596,1.0573990306946688,1.5215972051696283,22.658402794830373,36.14100578705775,2024-01
HV0003,B03404,B03404,2024-01-02 16:12:15,2024-01-02 16:13:49,2024-01-02 16:14:30,2024-01-02 16:33:46,159,167,1.6,1156,12.52,0.0,0.34,1.11,0.0,0.0,0.0,12.97,N,N,N,N,N,135.0,94.0,41.0,1291.0,16,Tuesday,Melrose South,Bronx,Morrisania/Melrose,Bronx,-73.9128491499624,40.81825923634175,-73.90235192494784,40.827512011036994,3.073,12.86,12.52,0.34,-0.45000000000000107,-0.03499222395023337,0.1301038062283737,1.7301038062283738,0.15190311418685123,0.34602076124567477,0.49792387543252603,12.472076124567474,34.77883349995577,2024-01
HV0003,B03404,B03404,2024-01-08 21:03:07,2024-01-08 21:05:24,2024-01-08 21:06:09,2024-01-08 21:13:58,164,68,0.98,469,9.12,0.0,0.25,0.81,2.75,0.0,3.0,5.7,N,N,N,N,N,182.0,137.0,45.0,651.0,21,Monday,Midtown South,Manhattan,East Chelsea,Manhattan,-73.98515619423324,40.74857395489648,-73.99991751678058,40.748426777755405,3.073,15.12,9.12,3.0,6.419999999999999,0.42460317460317454,0.2862686567164179,1.2662686567164179,0.11117838805970148,0.2532537313432836,0.3644321194029851,5.335567880597015,29.505444500997317,2024-01
HV0003,B03404,B03404,2024-01-31 06:35:03,2024-01-31 06:37:16,2024-01-31 06:37:42,2024-01-31 06:48:36,28,197,1.89,654,12.46,0.0,0.34,1.11,0.0,0.0,0.0,8.63,N,N,N,N,N,159.0,133.0,26.0,813.0,6,Wednesday,Briarwood/Jamaica Hills,Queens,Richmond Hill,Queens,-73.80872941622545,40.71159574889735,-73.83092448484014,40.69454169265697,3.073,12.8,12.46,0.34,3.83,0.29921875,0.3843577981651376,2.2743577981651377,0.1996886146788991,0.45487155963302756,0.6545601743119267,7.975439825688074,35.31560070415384,2024-01
HV0003,B03404,B03404,2024-01-19 14:20:08,2024-01-19 14:23:59,2024-01-19 14:25:12,2024-01-19 14:27:14,86,86,0.2,122,8.03,0.0,0.22,0.71,0.0,0.0,0.0,6.63,N,N,N,N,N,304.0,231.0,73.0,426.0,14,Friday,Far Rockaway,Queens,Far Rockaway,Queens,-73.75524367121405,40.60243189212709,-73.75524367121405,40.60243189212709,3.073,8.25,8.03,0.22,1.3999999999999995,0.16969696969696962,0.37868852459016394,0.578688524590164,0.050808852459016396,0.1157377049180328,0.1665465573770492,6.463453442622951,54.620733317940434,2024-01
HV0003,B03404,B03404,2024-01-21 01:24:17,2024-01-21 01:27:35,2024-01-21 01:27:40,2024-01-21 01:33:06,112,80,1.12,326,10.72,0.0,0.29,0.95,0.0,0.0,0.0,5.39,N,N,N,N,N,203.0,198.0,5.0,529.0,1,Sunday,Greenpoint,Brooklyn,East Williamsburg,Brooklyn,-73.94953985600077,40.72950555799535,-73.93679348509205,40.71536904490185,3.073,11.01,10.72,0.29,5.330000000000001,0.4841053587647594,0.6802453987730063,1.8002453987730065,0.15806154601226996,0.3600490797546013,0.5181106257668713,4.871889374233128,33.15463468287195,2024-01
HV0003,B03404,B03404,2024-01-20 17:17:09,2024-01-20 17:18:33,2024-01-20 17:19:27,2024-01-20 17:36:38,229,112,3.75,1031,18.38,0.0,0.51,1.63,2.75,0.0,0.0,14.62,N,N,N,N,N,138.0,84.0,54.0,1169.0,17,Saturday,Sutton Place/Turtle Bay North,Manhattan,Greenpoint,Brooklyn,-73.96514558738956,40.75672829786632,-73.94953985600077,40.72950555799535,3.073,21.64,18.38,3.26,3.76,0.17375231053604434,0.30552861299709017,4.05552861299709,0.3560754122211445,0.811105722599418,1.1671811348205625,13.452818865179436,41.42869795949184,2024-01
HV0003,B03404,B03404,2024-01-22 13:23:01,2024-01-22 13:27:26,2024-01-22 13:27:31,2024-01-22 13:33:40,261,231,1.06,369,9.09,0.0,0.25,0.81,2.75,0.0,0.0,5.39,N,N,N,N,N,270.0,265.0,5.0,639.0,13,Monday,World Trade Center,Manhattan,TriBeCa/Civic Center,Manhattan,-74.01302266265675,40.7091384408997,-74.00787947243188,40.717772159208046,3.073,12.09,9.09,3.0,3.7,0.30603804797353185,0.7612466124661247,1.8212466124661248,0.15990545257452576,0.364249322493225,0.5241547750677508,4.865845224932249,27.413212534829572,2024-01
HV0003,B03404,B03404,2024-01-30 22:41:43,2024-01-30 22:43:18,2024-01-30 22:43:44,2024-01-30 22:53:44,220,247,5.08,600,17.01,0.0,0.47,1.51,0.0,0.0,0.0,12.32,N,N,N,N,N,121.0,95.0,26.0,721.0,22,Tuesday,Spuyten Duyvil/Kingsbridge,Bronx,West Concourse,Bronx,-73.91066473993713,40.88240269359515,-73.92440974289835,40.82898691319468,3.073,17.48,17.01,0.47,4.690000000000001,0.26830663615560646,0.8043333333333333,5.884333333333333,0.5166444666666666,1.1768666666666667,1.6935111333333333,10.626488866666667,53.05875162274619,2024-01
HV0003,B03404,B03404,2024-01-30 18:27:36,2024-01-30 18:28:10,2024-01-30 18:28:33,2024-01-30 18:32:49,141,236,0.68,256,6.35,0.0,0.17,0.56,2.75,0.0,1.0,5.39,N,N,N,N,N,57.0,34.0,23.0,313.0,18,Tuesday,Lenox Hill West,Manhattan,Upper East Side North,Manhattan,-73.95963478688095,40.76694745582751,-73.957011704106,40.78043571518905,3.073,10.27,6.35,2.92,1.96,0.19084712755598832,0.0903125,0.7703125000000001,0.0676334375,0.15406250000000002,0.22169593750000002,5.1683040625,59.44375279552715,2024-01
HV0003,B03404,B03404,2024-01-31 13:19:49,2024-01-31 13:20:03,2024-01-31 13:23:14,2024-01-31 13:42:32,234,261,2.94,1158,23.21,0.0,0.64,2.06,2.75,0.0,2.86,14.75,N,N,N,N,N,205.0,14.0,191.0,1363.0,13,Wednesday,Union Sq,Manhattan,World Trade Center,Manhattan,-73.99045767416112,40.74033681887629,-74.01302266265675,40.7091384408997,3.073,29.46,23.21,3.39,11.32,0.38424983027834353,0.035544041450777206,2.975544041450777,0.2612527668393782,0.5951088082901554,0.8563615751295337,13.893638424870467,36.69633039584276,2024-01
HV0003,B03404,B03404,2024-01-20 13:52:08,2024-01-20 13:52:51,2024-01-20 13:53:40,2024-01-20 14:02:25,170,164,0.76,525,9.13,0.0,0.25,0.81,2.75,0.0,0.0,5.94,N,N,N,N,N,92.0,43.0,49.0,617.0,13,Saturday,Murray Hill,Manhattan,Midtown South,Manhattan,-73.97849134130094,40.74774513853527,-73.98515619423324,40.74857395489648,3.073,12.13,9.13,3.0,3.1900000000000004,0.2629843363561418,0.06224761904761905,0.8222476190476191,0.07219334095238096,0.16444952380952382,0.23664286476190477,5.703357135238096,33.277286364436215,2024-01
HV0003,B03404,B03404,2024-01-18 13:22:35,2024-01-18 13:26:00,2024-01-18 13:26:23,2024-01-18 13:46:54,69,74,3.62,1231,12.93,0.0,0.36,1.15,0.0,0.0,0.0,16.33,N,N,N,N,N,228.0,205.0,23.0,1459.0,13,Thursday,East Concourse/Concourse Village,Bronx,East Harlem North,Manhattan,-73.9150298985607,40.83141570129418,-73.93734546230694,40.80116855904873,3.073,13.29,12.93,0.36,-3.3999999999999986,-0.255831452219714,0.6028432168968318,4.222843216896832,0.3707656344435419,0.8445686433793664,1.2153342778229084,15.11466572217709,37.294583001944844,2024-01
HV0003,B03404,B03404,2024-01-09 07:18:08,2024-01-09 07:22:14,2024-01-09 07:22:20,2024-01-09 07:41:23,127,143,7.88,1143,36.86,0.0,1.01,3.27,2.75,0.0,0.0,21.09,N,N,N,N,N,252.0,246.0,6.0,1395.0,7,Tuesday,Inwood,Manhattan,Lincoln Square West,Manhattan,-73.91930824408637,40.86607442573871,-73.9876454292326,40.775964624542496,3.073,40.62,36.86,3.76,15.77,0.38823239783357955,1.6959580052493437,9.575958005249344,0.8407691128608925,1.9151916010498689,2.7559607139107616,18.334039286089236,47.313649770552864,2024-01
HV0003,B03404,B03404,2024-01-08 06:14:56,2024-01-08 06:22:01,2024-01-08 06:22:04,2024-01-08 06:31:35,14,228,2.8,571,13.39,0.0,0.37,1.19,0.0,0.0,0.0,9.61,N,N,N,N,N,428.0,425.0,3.0,999.0,6,Monday,Bay Ridge,Brooklyn,Sunset Park West,Brooklyn,-74.02989257930119,40.62483341741767,-74.01127289375856,40.652353822117504,3.073,13.76,13.39,0.37,3.780000000000001,0.2747093023255815,2.084063047285464,4.884063047285464,0.4288207355516637,0.9768126094570928,1.4056333450087566,8.204366654991244,29.565285243211687,2024-01
HV0003,B03404,B03404,2024-01-17 14:42:58,2024-01-17 14:47:43,2024-01-17 14:48:17,2024-01-17 14:54:40,142,142,0.66,383,12.23,0.0,0.34,1.09,2.75,0.0,5.0,6.49,N,N,N,N,N,319.0,285.0,34.0,702.0,14,Wednesday,Lincoln Square East,Manhattan,Lincoln Square East,Manhattan,-73.98153210008745,40.77363265587896,-73.98153210008745,40.77363265587896,3.073,20.32,12.23,3.09,10.74,0.5285433070866141,0.4911227154046998,1.1511227154047,0.10106857441253264,0.23022454308093998,0.3312931174934726,6.158706882506528,31.583112217982194,2024-01
HV0003,B03404,B03404,2024-01-06 17:28:43,2024-01-06 17:30:26,2024-01-06 17:31:42,2024-01-06 17:41:07,69,42,1.65,565,11.57,0.0,0.32,1.03,0.0,0.0,1.0,7.48,N,N,N,N,N,179.0,103.0,76.0,744.0,17,Saturday,East Concourse/Concourse Village,Bronx,Central Harlem North,Manhattan,-73.9150298985607,40.83141570129418,-73.9407718835631,40.81825672430646,3.073,12.89,11.57,0.32,5.09,0.39487975174553913,0.30079646017699113,1.9507964601769912,0.17127992920353982,0.39015929203539823,0.5614392212389381,6.918560778761062,33.47690699400514,2024-01
HV0003,B03404,B03404,2024-01-25 18:07:14,2024-01-25 18:09:20,2024-01-25 18:10:47,2024-01-25 18:22:47,263,237,1.2,720,10.57,0.0,0.29,0.94,2.75,0.0,0.0,8.35,N,N,N,N,N,213.0,126.0,87.0,933.0,18,Thursday,Yorkville West,Manhattan,Upper East Side South,Manhattan,-73.95100985225696,40.77876514921805,-73.96563449518534,40.76861447337675,3.073,13.61,10.57,3.04,2.2200000000000006,0.1631153563556209,0.21,1.41,0.123798,0.282,0.405798,7.944202,30.652869453376205,2024-01
HV0003,B03404,B03404,2024-01-06 17:22:15,2024-01-06 17:24:56,2024-01-06 17:26:18,2024-01-06 17:44:32,166,153,5.06,1094,21.48,0.0,0.59,1.91,0.0,0.0,0.0,17.37,N,N,N,N,N,243.0,161.0,82.0,1337.0,17,Saturday,Morningside Heights,Manhattan,Marble Hill,Manhattan,-73.96176346467264,40.809456315241775,-73.91037847684808,40.87596732674075,3.073,22.07,21.48,0.59,4.109999999999999,0.18622564567285907,0.7446617915904936,5.804661791590493,0.5096493053016453,1.1609323583180986,1.670581663619744,15.699418336380257,42.27218101044796,2024-01
HV0003,B03404,B03404,2024-01-10 13:38:05,2024-01-10 13:40:54,2024-01-10 13:41:08,2024-01-10 14:05:28,47,259,4.92,1460,24.13,0.0,0.66,2.14,0.0,0.0,0.0,21.43,N,N,N,N,N,183.0,169.0,14.0,1643.0,13,Wednesday,Claremont/Bathgate,Bronx,Woodlawn/Wakefield,Bronx,-73.90031679211252,40.84274782905238,-73.85221507735194,40.89793162870983,3.073,24.79,24.13,0.66,2.6999999999999993,0.10891488503428799,0.5695068493150685,5.4895068493150685,0.481978701369863,1.0979013698630138,1.5798800712328767,19.85011992876712,43.49387202894804,2024-01
HV0003,B03404,B03404,2024-01-14 18:44:24,2024-01-14 18:45:47,2024-01-14 18:47:35,2024-01-14 18:56:56,68,246,1.38,561,9.09,0.0,0.25,0.81,2.75,0.0,0.0,7.08,N,N,N,N,N,191.0,83.0,108.0,752.0,18,Sunday,East Chelsea,Manhattan,West Chelsea/Hudson Yards,Manhattan,-73.99991751678058,40.748426777755405,-74.00401522931482,40.75330822391948,3.073,12.09,9.09,3.0,2.01,0.1662531017369727,0.2041711229946524,1.5841711229946522,0.13909022459893045,0.31683422459893046,0.4559244491978609,6.624075550802139,31.71099997724428,2024-01
HV0003,B03404,B03404,2024-01-16 18:09:54,2024-01-16 18:12:16,2024-01-16 18:12:16,2024-01-16 18:56:19,90,73,16.35,2643,44.39,0.0,1.22,3.94,2.75,0.0,0.0,46.32,N,N,N,N,N,142.0,142.0,0.0,2785.0,18,Tuesday,Flatiron,Manhattan,East Flushing,Queens,-73.9969712245153,40.742278038328486,-73.80729425651334,40.75410814212103,3.073,48.36,44.39,3.9699999999999998,-1.9299999999999997,-0.03990901571546732,0.878433598183882,17.228433598183884,1.512656469920545,3.445686719636777,4.958343189557322,41.36165681044268,53.465696415653014,2024-01
HV0003,B03404,B03404,2024-01-19 17:40:40,2024-01-19 17:42:37,2024-01-19 17:44:20,2024-01-19 17:49:15,230,163,0.52,295,8.24,0.0,0.23,0.73,2.75,0.0,0.0,5.39,N,N,N,N,N,220.0,117.0,103.0,515.0,17,Friday,Times Sq/Theatre District,Manhattan,Midtown North,Manhattan,-73.98419629996178,40.7598170009371,-73.97756832086549,40.764420870266285,3.073,11.22,8.24,2.98,2.8500000000000005,0.2540106951871658,0.20623728813559325,0.7262372881355933,0.0637636338983051,0.14524745762711866,0.20901109152542374,5.180988908474576,36.21662149613296,2024-01
HV0003,B03404,B03404,2024-01-29 13:37:09,2024-01-29 13:38:37,2024-01-29 13:40:37,2024-01-29 13:53:42,234,79,1.56,785,14.52,0.0,0.4,1.29,2.75,0.0,0.0,9.43,N,N,N,N,N,208.0,88.0,120.0,993.0,13,Monday,Union Sq,Manhattan,East Village,Manhattan,-73.99045767416112,40.74033681887629,-73.98593725800136,40.72761958691338,3.073,17.67,14.52,3.15,5.09,0.28805885681946797,0.17487898089171974,1.7348789808917198,0.152322374522293,0.34697579617834395,0.499298170700637,8.930701829299363,32.37716675274694,2024-01
HV0003,B03404,B03404,2024-01-18 10:52:46,2024-01-18 10:54:34,2024-01-18 10:55:12,2024-01-18 11:33:29,77,65,6.26,2297,34.03,0.0,0.94,3.02,0.0,0.0,0.0,30.82,N,N,N,N,N,146.0,108.0,38.0,2443.0,10,Thursday,East New York/Pennsylvania Avenue,Brooklyn,Downtown Brooklyn/MetroTech,Brooklyn,-73.89536398494168,40.666558142144005,-73.98608580922685,40.69533700725102,3.073,34.97,34.03,0.94,3.210000000000001,0.09179296539891338,0.2943317370483239,6.554331737048324,0.5754703265128428,1.310866347409665,1.8863366739225076,28.933663326077493,42.63658942852189,2024-01
HV0003,B03404,B03404,2024-01-07 09:59:11,2024-01-07 10:01:26,2024-01-07 10:02:48,2024-01-07 10:09:21,130,215,1.44,393,8.18,0.0,0.22,0.73,0.0,0.0,0.0,5.58,N,N,N,N,N,217.0,135.0,82.0,610.0,10,Sunday,Jamaica,Queens,South Jamaica,Queens,-73.79398135276409,40.70436829225682,-73.79096502686893,40.69442676074992,3.073,8.4,8.18,0.22,2.5999999999999996,0.3095238095238095,0.4946564885496183,1.9346564885496182,0.1698628396946565,0.3869312977099237,0.5567941374045802,5.02320586259542,29.64514935302215,2024-01
HV0003,B03404,B03404,2024-01-27 20:49:49,2024-01-27 20:52:19,2024-01-27 20:54:20,2024-01-27 21:15:14,102,216,3.92,1254,21.94,0.0,0.6,1.95,0.0,0.0,0.0,16.94,N,N,N,N,N,271.0,150.0,121.0,1525.0,20,Saturday,Glendale,Queens,South Ozone Park,Queens,-73.87573709634573,40.70354544399082,-73.81945966887841,40.6761529751015,3.073,22.540000000000003,21.94,0.6,5.0,0.22182786157941434,0.4688995215311005,4.3888995215311,0.3853453779904306,0.8777799043062201,1.2631252822966508,15.67687471770335,37.00770425162758,2024-01
HV0003,B03404,B03404,2024-01-24 14:57:15,2024-01-24 15:00:06,2024-01-24 15:00:46,2024-01-24 15:07:03,178,165,0.69,377,5.75,0.0,0.16,0.51,0.0,0.0,0.0,5.39,N,N,N,N,N,211.0,171.0,40.0,588.0,15,Wednesday,Ocean Parkway South,Brooklyn,Midwood,Brooklyn,-73.9703257591723,40.61731435955054,-73.95682451037044,40.620923471324446,3.073,5.91,5.75,0.16,0.3600000000000003,0.060913705583756396,0.31297082228116707,1.002970822281167,0.08806083819628648,0.20059416445623343,0.2886550026525199,5.101344997347479,31.232724473555997,2024-01
HV0003,B03404,B03404,2024-01-08 09:47:14,2024-01-08 09:48:25,2024-01-08 09:50:26,2024-01-08 10:05:31,147,169,2.55,905,16.13,0.0,0.44,1.43,0.0,0.0,0.0,11.86,N,N,N,N,N,192.0,71.0,121.0,1097.0,9,Monday,Longwood,Bronx,Mount Hope,Bronx,-73.89895639411876,40.81967507177996,-73.90512230176171,40.849057751559215,3.073,16.57,16.13,0.44,4.27,0.25769462884731437,0.20005524861878451,2.7500552486187844,0.24145485082872925,0.5500110497237569,0.7914659005524862,11.068534099447513,36.32335711760351,2024-01
HV0003,B03404,B03404,2024-01-12 00:13:41,2024-01-12 00:16:46,2024-01-12 00:16:54,2024-01-12 00:33:03,165,155,2.38,969,13.32,0.0,0.37,1.18,0.0,0.0,0.0,12.63,N,N,N,N,N,193.0,185.0,8.0,1162.0,0,Friday,Midwood,Brooklyn,Marine Park/Mill Basin,Brooklyn,-73.95682451037044,40.620923471324446,-73.91527748073477,40.614590889869376,3.073,13.69,13.32,0.37,0.6899999999999995,0.05040175310445577,0.45438596491228067,2.8343859649122805,0.2488590877192982,0.5668771929824561,0.8157362807017543,11.814263719298246,36.60184973276565,2024-01
HV0003,B03404,B03404,2024-01-08 08:47:10,2024-01-08 08:50:34,2024-01-08 08:52:36,2024-01-08 09:00:48,79,137,1.36,492,12.02,0.0,0.33,1.07,2.75,0.0,0.0,6.82,N,N,N,N,N,326.0,204.0,122.0,818.0,8,Monday,East Village,Manhattan,Kips Bay,Manhattan,-73.98593725800136,40.72761958691338,-73.97649447841282,40.74043833958882,3.073,15.1,12.02,3.08,5.199999999999999,0.3443708609271523,0.5639024390243903,1.9239024390243904,0.16891863414634148,0.3847804878048781,0.5536991219512196,6.2663008780487806,27.577852275031308,2024-01
HV0003,B03404,B03404,2024-01-17 07:40:26,2024-01-17 07:46:58,2024-01-17 07:48:26,2024-01-17 07:52:00,69,69,0.61,214,9.78,0.0,0.27,0.87,0.0,0.0,0.0,10.89,N,N,N,N,N,480.0,392.0,88.0,694.0,7,Wednesday,East Concourse/Concourse Village,Bronx,East Concourse/Concourse Village,Bronx,-73.9150298985607,40.83141570129418,-73.9150298985607,40.83141570129418,3.073,10.049999999999999,9.78,0.27,-1.1100000000000012,-0.11044776119402998,1.1173831775700935,1.7273831775700934,0.1516642429906542,0.3454766355140187,0.4971408785046729,10.392859121495327,53.91108478009104,2024-01
HV0003,B03404,B03404,2024-01-21 17:56:52,2024-01-21 17:58:36,2024-01-21 17:59:17,2024-01-21 18:16:36,258,130,3.28,1039,12.59,0.0,0.35,1.12,0.0,0.0,0.0,14.08,N,N,N,N,N,145.0,104.0,41.0,1184.0,17,Sunday,Woodhaven,Queens,Jamaica,Queens,-73.85576684520184,40.68872054521105,-73.79398135276409,40.70436829225682,3.073,12.94,12.59,0.35,-1.4900000000000002,-0.11514683153013912,0.3283156881616939,3.6083156881616936,0.3168101174205967,0.7216631376323388,1.0384732550529354,13.041526744947065,39.65329077855527,2024-01
HV0003,B03404,B03404,2024-01-28 15:55:19,2024-01-28 15:57:17,2024-01-28 15:59:29,2024-01-28 16:06:33,247,169,0.56,424,9.41,0.0,0.26,0.84,0.0,0.0,0.0,6.53,N,N,N,N,N,250.0,118.0,132.0,674.0,15,Sunday,West Concourse,Bronx,Mount Hope,Bronx,-73.92440974289835,40.82898691319468,-73.90512230176171,40.849057751559215,3.073,9.67,9.41,0.26,2.88,0.29782833505687695,0.1558490566037736,0.7158490566037736,0.06285154716981133,0.14316981132075474,0.20602135849056608,6.323978641509434,33.77792746206819,2024-01
HV0003,B03404,B03404,2024-01-23 17:44:47,2024-01-23 17:46:24,2024-01-23 17:48:24,2024-01-23 18:22:03,244,69,2.62,2019,17.84,0.0,0.49,1.58,0.0,0.0,0.0,22.42,Y,N,N,N,N,217.0,97.0,120.0,2236.0,17,Tuesday,Washington Heights South,Manhattan,East Concourse/Concourse Village,Bronx,-73.9413990935137,40.84170795917971,-73.9150298985607,40.83141570129418,3.073,18.33,17.84,0.49,-4.580000000000002,-0.24986361156573936,0.12587419514611195,2.745874195146112,0.24108775433382865,0.5491748390292224,0.790262593363051,21.629737406636952,34.82426416095395,2024-01
HV0003,B03404,B03404,2024-01-29 08:40:00,2024-01-29 08:44:49,2024-01-29 08:45:29,2024-01-29 09:22:25,152,107,7.8,2216,29.48,0.0,0.81,2.62,2.75,0.0,0.0,31.08,N,N,N,N,N,329.0,289.0,40.0,2545.0,8,Monday,Manhattanville,Manhattan,Gramercy,Manhattan,-73.95378198907079,40.81797460055961,-73.98405192785955,40.73682342425488,3.073,33.04,29.48,3.56,-1.5999999999999979,-0.04842615012106531,1.0172382671480145,8.817238267148014,0.7741535198555957,1.7634476534296029,2.5376011732851986,28.5423988267148,40.37431661146297,2024-01
HV0003,B03404,B03404,2024-01-28 23:22:36,2024-01-28 23:22:43,2024-01-28 23:24:44,2024-01-28 23:34:01,164,48,1.37,557,10.01,0.0,0.28,0.89,2.75,0.0,0.0,7.03,N,N,N,N,N,128.0,7.0,121.0,685.0,23,Sunday,Midtown South,Manhattan,Clinton East,Manhattan,-73.98515619423324,40.74857395489648,-73.98984463380468,40.762252049908085,3.073,13.04,10.01,3.0300000000000002,2.9799999999999995,0.22852760736196318,0.017217235188509875,1.38721723518851,0.12179767324955118,0.277443447037702,0.3992411202872532,6.630758879712747,34.847783893380864,2024-01
HV0003,B03404,B03404,2024-01-25 15:13:21,2024-01-25 15:14:40,2024-01-25 15:15:36,2024-01-25 15:40:47,177,181,3.45,1511,22.39,0.0,0.62,1.99,0.0,0.0,0.0,18.73,N,N,N,N,N,135.0,79.0,56.0,1646.0,15,Thursday,Ocean Hill,Brooklyn,Park Slope,Brooklyn,-73.91363235241506,40.67664341763747,-73.98141426627474,40.67037356101699,3.073,23.01,22.39,0.62,3.66,0.1590612777053455,0.18037723362011915,3.6303772336201194,0.31874712111184644,0.7260754467240239,1.0448225678358702,17.68517743216413,38.67961042271621,2024-01
HV0003,B03404,B03404,2024-01-30 06:33:18,2024-01-30 06:37:20,2024-01-30 06:38:25,2024-01-30 07:00:39,35,55,9.6,1334,31.33,0.0,0.86,2.78,0.0,0.0,3.49,25.15,N,N,N,N,N,307.0,242.0,65.0,1641.0,6,Tuesday,Brownsville,Brooklyn,Coney Island,Brooklyn,-73.91025783392547,40.66400239681814,-73.98794380632961,40.57696110526678,3.073,35.68,31.33,0.86,9.670000000000002,0.27102017937219736,1.7415292353823089,11.341529235382309,0.9957862668665667,2.2683058470764617,3.264092113943028,21.88590788605697,48.01296062754729,2024-01
HV0003,B03404,B03404,2024-01-29 07:16:29,2024-01-29 07:16:55,2024-01-29 07:17:54,2024-01-29 07:26:55,146,145,1.04,541,8.1,0.0,0.22,0.72,0.0,0.0,0.0,6.46,N,N,N,N,N,85.0,26.0,59.0,626.0,7,Monday,Long Island City/Queens Plaza,Queens,Long Island City/Hunters Point,Queens,-73.93482872612303,40.754241860637634,-73.94889136420674,40.74537869757109,3.073,8.32,8.1,0.22,1.6399999999999997,0.19711538461538458,0.0499815157116451,1.089981515711645,0.09570037707948242,0.217996303142329,0.3136966802218114,6.1463033197781884,35.34615327667968,2024-01
HV0003,B03404,B03404,2024-01-12 14:34:00,2024-01-12 14:36:00,2024-01-12 14:37:14,2024-01-12 15:04:53,123,155,4.35,1659,20.06,0.0,0.55,1.78,0.0,0.0,4.0,21.31,N,N,N,N,N,194.0,120.0,74.0,1853.0,14,Friday,Homecrest,Brooklyn,Marine Park/Mill Basin,Brooklyn,-73.96433371333775,40.59995356501545,-73.91527748073477,40.614590889869376,3.073,24.61,20.06,0.55,2.75,0.11174319382364893,0.31464737793851716,4.6646473779385165,0.40955603978300176,0.9329294755877033,1.3424855153707052,19.967514484629294,38.792796624212336,2024-01
HV0003,B03404,B03404,2024-01-25 20:06:32,2024-01-25 20:08:16,2024-01-25 20:10:18,2024-01-25 20:15:53,236,236,0.4,335,10.48,0.0,0.29,0.93,2.75,0.0,0.0,6.4,N,N,N,N,N,226.0,104.0,122.0,561.0,20,Thursday,Upper East Side North,Manhattan,Upper East Side North,Manhattan,-73.957011704106,40.78043571518905,-73.957011704106,40.78043571518905,3.073,13.52,10.48,3.04,4.08,0.3017751479289941,0.12417910447761193,0.524179104477612,0.04602292537313433,0.1048358208955224,0.15085874626865672,6.249141253731343,40.10144120041504,2024-01
HV0003,B03404,B03404,2024-01-19 17:25:40,2024-01-19 17:29:58,2024-01-19 17:30:44,2024-01-19 17:57:17,137,237,3.1,1593,24.36,0.0,0.67,2.16,2.75,0.0,0.0,19.04,N,N,N,N,N,304.0,258.0,46.0,1897.0,17,Friday,Kips Bay,Manhattan,Upper East Side South,Manhattan,-73.97649447841282,40.74043833958882,-73.96563449518534,40.76861447337675,3.073,27.78,24.36,3.42,5.32,0.19150467962562995,0.5020715630885122,3.6020715630885123,0.31626188323917137,0.7204143126177025,1.0366761958568738,18.003323804143125,34.165506428526754,2024-01
HV0003,B03404,B03404,2024-01-27 09:53:26,2024-01-27 09:55:30,2024-01-27 09:55:43,2024-01-27 10:00:04,228,228,0.67,261,8.86,0.0,0.24,0.79,0.0,0.0,0.0,5.39,N,N,N,N,N,137.0,124.0,13.0,398.0,9,Saturday,Sunset Park West,Brooklyn,Sunset Park West,Brooklyn,-74.01127289375856,40.652353822117504,-74.01127289375856,40.652353822117504,3.073,9.1,8.86,0.24,3.4699999999999998,0.3813186813186813,0.31831417624521074,0.9883141762452108,0.08677398467432951,0.19766283524904216,0.28443681992337166,5.105563180076628,46.180973488130306,2024-01
HV0003,B03404,B03404,2024-01-26 22:18:40,2024-01-26 22:23:40,2024-01-26 22:24:52,2024-01-26 22:33:47,221,214,2.6,535,12.75,0.0,0.35,1.13,0.0,0.0,3.0,8.45,Y,N,N,N,N,372.0,300.0,72.0,907.0,22,Friday,Stapleton,Staten Island,South Beach/Dongan Hills,Staten Island,-74.07370346784535,40.61876794148682,-74.0855126589004,40.58678618255626,3.073,16.1,12.75,0.35,7.300000000000001,0.453416149068323,1.4579439252336448,4.057943925233645,0.356287476635514,0.811588785046729,1.1678762616822431,7.282123738317756,28.903688487259004,2024-01
HV0003,B03404,B03404,2024-01-28 09:00:40,2024-01-28 09:05:36,2024-01-28 09:05:36,2024-01-28 09:24:55,215,76,6.99,1159,21.36,0.0,0.59,1.9,0.0,0.0,0.0,20.08,N,N,N,N,N,296.0,296.0,0.0,1455.0,9,Sunday,South Jamaica,Queens,East New York,Brooklyn,-73.79096502686893,40.69442676074992,-73.87682032859912,40.66093356035302,3.073,21.95,21.36,0.59,1.2800000000000011,0.058314350797266566,1.7851941328731666,8.775194132873168,0.770462044866264,1.7550388265746335,2.5255008714408973,17.5544991285591,43.433812276847256,2024-01
HV0003,B03404,B03404,2024-01-15 14:49:16,2024-01-15 14:49:58,2024-01-15 14:51:59,2024-01-15 15:00:12,232,211,0.93,493,12.03,0.0,0.33,1.07,2.75,0.0,0.0,6.05,N,N,N,N,N,163.0,42.0,121.0,656.0,14,Monday,Two Bridges/Seward Park,Manhattan,SoHo,Manhattan,-73.98302452983464,40.71473195717586,-74.00153738622468,40.72388757677251,3.073,15.11,12.03,3.08,5.9799999999999995,0.39576439444076766,0.0792292089249493,1.0092292089249493,0.08861032454361055,0.20184584178498988,0.29045616632860044,5.759543833671399,31.607252745757677,2024-01
HV0003,B03404,B03404,2024-01-24 19:16:04,2024-01-24 19:16:55,2024-01-24 19:17:56,2024-01-24 19:44:37,148,239,5.85,1601,43.39,0.0,1.19,3.85,2.75,0.0,0.0,24.11,N,N,N,N,N,112.0,51.0,61.0,1713.0,19,Wednesday,Lower East Side,Manhattan,Upper West Side South,Manhattan,-73.99089618330311,40.71893779448139,-73.97863166507607,40.783960878966745,3.073,47.33,43.39,3.94,19.28,0.4073526304669343,0.18635227982510927,6.036352279825109,0.5299917301686445,1.2072704559650218,1.7372621861336663,22.372737813866333,47.01801291880841,2024-01
HV0003,B03404,B03404,2024-01-17 21:29:19,2024-01-17 21:34:31,2024-01-17 21:34:42,2024-01-17 22:04:21,230,257,11.43,1779,56.83,6.94,1.75,5.66,2.75,0.0,0.0,34.38,N,N,N,N,N,323.0,312.0,11.0,2102.0,21,Wednesday,Times Sq/Theatre District,Manhattan,Windsor Terrace,Brooklyn,-73.98419629996178,40.7598170009371,-73.97798213604382,40.65361125179132,3.073,68.27,56.83,11.440000000000001,22.449999999999996,0.3288413651677164,2.0045868465430017,13.434586846543002,1.1795567251264756,2.686917369308601,3.8664740944350764,30.513525905564926,52.25913095149083,2024-01
HV0003,B03404,B03404,2024-01-26 08:31:11,2024-01-26 08:33:06,2024-01-26 08:34:51,2024-01-26 09:51:30,155,137,12.88,4599,60.64,0.0,1.67,5.38,2.75,0.0,0.0,63.74,N,N,N,N,N,220.0,115.0,105.0,4819.0,8,Friday,Marine Park/Mill Basin,Brooklyn,Kips Bay,Manhattan,-73.91527748073477,40.614590889869376,-73.97649447841282,40.74043833958882,3.073,65.06,60.64,4.42,-3.1000000000000014,-0.047648324623424554,0.32207001522070017,13.2020700152207,1.1591417473363774,2.6404140030441403,3.7995557503805175,59.94044424961948,44.77808659444493,2024-01
HV0003,B03404,B03404,2024-01-10 13:39:41,2024-01-10 13:41:31,2024-01-10 13:42:03,2024-01-10 14:00:37,22,228,3.48,1114,22.32,0.0,0.61,1.98,0.0,0.0,0.0,15.04,N,N,N,N,N,142.0,110.0,32.0,1256.0,13,Wednesday,Bensonhurst West,Brooklyn,Sunset Park West,Brooklyn,-73.99525874269187,40.6122174014384,-74.01127289375856,40.652353822117504,3.073,22.93,22.32,0.61,7.280000000000001,0.3174880069777585,0.34362657091561943,3.8236265709156196,0.33571441292639137,0.764725314183124,1.1004397271095154,13.939560272890484,39.95415364841221,2024-01
HV0003,B03404,B03404,2024-01-12 13:03:22,2024-01-12 13:06:59,2024-01-12 13:09:00,2024-01-12 13:22:22,67,227,2.79,802,15.32,0.0,0.42,1.36,0.0,0.0,0.0,11.21,N,N,N,N,N,338.0,217.0,121.0,1140.0,13,Friday,Dyker Heights,Brooklyn,Sunset Park East,Brooklyn,-74.0138023583928,40.61961871573094,-74.0046526133707,40.64188580330356,3.073,15.74,15.32,0.42,4.109999999999999,0.26111817026683604,0.7549002493765586,3.5449002493765587,0.31124224189526184,0.7089800498753118,1.0202222917705737,10.189777708229427,32.17824539440872,2024-01
HV0003,B03404,B03404,2024-01-21 03:07:33,2024-01-21 03:10:22,2024-01-21 03:11:01,2024-01-21 03:35:44,28,91,12.02,1483,29.47,0.0,0.81,2.62,0.0,0.0,0.0,29.73,N,N,N,N,N,208.0,169.0,39.0,1691.0,3,Sunday,Briarwood/Jamaica Hills,Queens,Flatlands,Brooklyn,-73.80872941622545,40.71159574889735,-73.93009732098176,40.62627204277785,3.073,30.279999999999998,29.47,0.81,-0.26000000000000156,-0.008586525759577331,1.3697774780849628,13.389777478084962,1.1756224625758598,2.6779554956169926,3.8535779581928526,25.876422041807146,55.08877548817607,2024-01
HV0003,B03404,B03404,2024-01-12 19:06:31,2024-01-12 19:08:26,2024-01-12 19:10:27,2024-01-12 19:41:58,169,143,8.76,1891,34.98,0.0,0.96,3.1,2.75,0.0,0.0,29.28,N,N,N,N,N,236.0,115.0,121.0,2127.0,19,Friday,Mount Hope,Bronx,Lincoln Square West,Manhattan,-73.90512230176171,40.849057751559215,-73.9876454292326,40.775964624542496,3.073,38.69,34.98,3.71,5.699999999999996,0.1473248901524941,0.5327340031729244,9.292734003172924,0.8159020454785827,1.8585468006345849,2.6744488461131675,26.605551153886832,45.03055202350381,2024-01
HV0003,B03404,B03404,2024-01-08 13:08:19,2024-01-08 13:08:38,2024-01-08 13:09:19,2024-01-08 13:47:23,170,254,14.67,2284,48.58,0.0,1.34,4.31,2.75,0.0,0.0,41.75,N,N,N,N,N,60.0,19.0,41.0,2344.0,13,Monday,Murray Hill,Manhattan,Williamsbridge/Olinville,Bronx,-73.97849134130094,40.74774513853527,-73.85894858301965,40.88215615951764,3.073,52.67,48.58,4.09,6.829999999999998,0.12967533700398706,0.12203590192644484,14.792035901926445,1.2987407521891419,2.958407180385289,4.257147932574431,37.49285206742557,57.582878601848144,2024-01
HV0003,B03404,B03404,2024-01-07 10:46:08,2024-01-07 10:47:26,2024-01-07 10:49:27,2024-01-07 10:58:13,148,112,3.41,526,14.87,0.0,0.41,1.32,0.75,0.0,3.0,9.43,Y,N,N,N,N,199.0,78.0,121.0,725.0,10,Sunday,Lower East Side,Manhattan,Greenpoint,Brooklyn,-73.99089618330311,40.71893779448139,-73.94953985600077,40.72950555799535,3.073,19.03,14.87,1.16,8.439999999999998,0.4435102469784549,0.5056653992395437,3.915665399239544,0.34379542205323194,0.7831330798479088,1.1269285019011408,8.30307149809886,41.229044680215026,2024-01
HV0003,B03404,B03404,2024-01-30 22:11:34,2024-01-30 22:14:50,2024-01-30 22:15:34,2024-01-30 22:47:44,232,49,5.32,1930,54.0,0.0,1.49,4.79,2.75,0.0,0.0,36.42,N,N,N,N,N,240.0,196.0,44.0,2170.0,22,Tuesday,Two Bridges/Seward Park,Manhattan,Clinton Hill,Brooklyn,-73.98302452983464,40.71473195717586,-73.96236330714036,40.68796671165343,3.073,58.24,54.0,4.24,17.58,0.3018543956043956,0.5402694300518135,5.860269430051813,0.5145316559585492,1.1720538860103626,1.686585541968912,34.73341445803109,57.622254400420246,2024-01
HV0003,B03404,B03404,2024-01-11 13:10:20,2024-01-11 13:12:05,2024-01-11 13:14:17,2024-01-11 13:28:04,130,121,2.13,827,12.62,0.0,0.35,1.12,0.0,0.0,0.0,12.13,N,N,N,N,N,237.0,105.0,132.0,1064.0,13,Thursday,Jamaica,Queens,Hillcrest/Pomonok,Queens,-73.79398135276409,40.70436829225682,-73.80244406680485,40.72833215927266,3.073,12.969999999999999,12.62,0.35,0.48999999999999844,0.037779491133384614,0.2704353083434099,2.40043530834341,0.21075822007255138,0.480087061668682,0.6908452817412334,11.439154718258767,38.70390694147703,2024-01
HV0003,B03404,B03404,2024-01-26 12:04:26,2024-01-26 12:06:52,2024-01-26 12:06:56,2024-01-26 12:20:08,107,211,1.59,792,14.55,0.0,0.4,1.29,2.75,0.0,3.0,9.53,N,N,N,N,N,150.0,146.0,4.0,942.0,12,Friday,Gramercy,Manhattan,SoHo,Manhattan,-73.98405192785955,40.73682342425488,-74.00153738622468,40.72388757677251,3.073,20.700000000000003,14.55,3.15,8.020000000000001,0.3874396135265701,0.2931060606060606,1.8831060606060608,0.16533671212121215,0.3766212121212122,0.5419579242424244,8.988042075757575,34.3492053850608,2024-01
HV0003,B03404,B03404,2024-01-09 08:53:30,2024-01-09 08:55:50,2024-01-09 08:55:58,2024-01-09 09:04:55,185,182,1.49,537,11.61,0.0,0.32,1.03,0.0,0.0,3.0,7.01,N,N,N,N,N,148.0,140.0,8.0,685.0,8,Tuesday,Pelham Parkway,Bronx,Parkchester,Bronx,-73.85439388215148,40.85440439427695,-73.85798692430247,40.837748057064935,3.073,14.93,11.61,0.32,7.6,0.5090421969189551,0.38845437616387335,1.8784543761638735,0.16492829422718808,0.3756908752327747,0.5406191694599628,6.469380830540037,33.99966567875056,2024-01
HV0003,B03404,B03404,2024-01-13 07:15:06,2024-01-13 07:16:31,2024-01-13 07:18:31,2024-01-13 07:43:29,223,161,5.33,1498,28.23,0.0,0.78,2.51,2.75,0.0,0.0,21.09,N,N,N,N,N,205.0,85.0,120.0,1703.0,7,Saturday,Steinway,Queens,Midtown Center,Manhattan,-73.90540723993595,40.77742599740797,-73.97769778229288,40.758027399461895,3.073,31.76,28.23,3.5300000000000002,7.140000000000001,0.2248110831234257,0.3024365821094793,5.632436582109479,0.49452793190921224,1.1264873164218958,1.621015248331108,19.46898475166889,41.15581039695127,2024-01
HV0003,B03404,B03404,2024-01-28 16:35:21,2024-01-28 16:43:04,2024-01-28 16:43:08,2024-01-28 17:03:02,164,231,2.57,1194,21.68,0.0,0.6,1.92,2.75,0.0,0.0,14.6,N,N,N,N,N,467.0,463.0,4.0,1661.0,16,Sunday,Midtown South,Manhattan,TriBeCa/Civic Center,Manhattan,-73.98515619423324,40.74857395489648,-74.00787947243188,40.717772159208046,3.073,25.03,21.68,3.35,7.08,0.28286056731921694,0.996574539363484,3.566574539363484,0.31314524455611387,0.7133149078726968,1.0264601524288106,13.573539847571189,29.418870229534182,2024-01
HV0003,B03404,B03404,2024-01-17 08:06:03,2024-01-17 08:14:29,2024-01-17 08:14:37,2024-01-17 08:30:05,258,95,2.72,928,22.38,0.0,0.62,1.99,0.0,0.0,0.0,14.55,N,N,N,N,N,514.0,506.0,8.0,1442.0,8,Wednesday,Woodhaven,Queens,Forest Hills,Queens,-73.85576684520184,40.68872054521105,-73.84766918479201,40.72143087062858,3.073,23.0,22.38,0.62,7.829999999999998,0.3404347826086956,1.483103448275862,4.203103448275862,0.3690324827586207,0.8406206896551724,1.209653172413793,13.340346827586208,33.304610665263766,2024-01
HV0003,B03404,B03404,2024-01-06 11:21:39,2024-01-06 11:23:25,2024-01-06 11:23:57,2024-01-06 11:35:29,37,35,1.94,692,12.51,0.0,0.34,1.11,0.0,0.0,0.0,9.05,N,N,N,N,N,138.0,106.0,32.0,830.0,11,Saturday,Bushwick South,Brooklyn,Brownsville,Brooklyn,-73.9222368522579,40.694993402702586,-73.91025783392547,40.66400239681814,3.073,12.85,12.51,0.34,3.459999999999999,0.269260700389105,0.2971676300578035,2.2371676300578036,0.19642331791907516,0.4474335260115607,0.6438568439306359,8.406143156069366,36.4603799540358,2024-01
HV0003,B03404,B03404,2024-01-10 18:53:18,2024-01-10 18:54:37,2024-01-10 18:54:50,2024-01-10 18:59:37,25,181,1.19,287,8.92,0.0,0.25,0.79,0.0,0.0,0.0,5.39,N,N,N,N,N,92.0,79.0,13.0,379.0,18,Wednesday,Boerum Hill,Brooklyn,Park Slope,Brooklyn,-73.98611365960022,40.685633257491546,-73.98141426627474,40.67037356101699,3.073,9.17,8.92,0.25,3.5300000000000002,0.3849509269356598,0.3275609756097561,1.5175609756097561,0.13324185365853658,0.30351219512195127,0.43675404878048785,4.953245951219512,47.0493019113199,2024-01
HV0003,B03404,B03404,2024-01-26 19:06:53,2024-01-26 19:09:59,2024-01-26 19:10:11,2024-01-26 19:43:01,247,224,9.22,1970,30.78,0.0,0.85,2.73,2.75,0.0,0.0,32.14,N,N,N,N,N,198.0,186.0,12.0,2168.0,19,Friday,West Concourse,Bronx,Stuy Town/Peter Cooper Village,Manhattan,-73.92440974289835,40.82898691319468,-73.97659739896895,40.73182002928329,3.073,34.38,30.78,3.6,-1.3599999999999994,-0.039557882489819646,0.8705177664974619,10.090517766497463,0.8859474598984772,2.018103553299493,2.90405101319797,29.23594898680203,48.546778760372376,2024-01
HV0003,B03404,B03404,2024-01-08 19:04:21,2024-01-08 19:06:12,2024-01-08 19:07:54,2024-01-08 19:18:04,100,163,1.66,610,18.97,0.0,0.52,1.68,2.75,0.0,0.0,9.53,N,N,N,N,N,213.0,111.0,102.0,823.0,19,Monday,Garment District,Manhattan,Midtown North,Manhattan,-73.98878634685092,40.75351217038599,-73.97756832086549,40.764420870266285,3.073,22.24,18.97,3.27,9.44,0.4244604316546763,0.3020655737704918,1.9620655737704917,0.17226935737704918,0.39241311475409835,0.5646824721311475,8.965317527868851,39.21645577196582,2024-01
HV0003,B03404,B03404,2024-01-16 13:41:45,2024-01-16 13:45:38,2024-01-16 13:46:42,2024-01-16 14:14:19,106,35,4.47,1657,23.52,0.0,0.65,2.09,0.0,0.0,0.0,21.45,Y,N,N,N,N,297.0,233.0,64.0,1954.0,13,Tuesday,Gowanus,Brooklyn,Brownsville,Brooklyn,-73.99064748886755,40.67351226923787,-73.91025783392547,40.66400239681814,3.073,24.169999999999998,23.52,0.65,2.0700000000000003,0.08564335953661566,0.6285515992757996,5.098551599275799,0.4476528304164151,1.0197103198551598,1.467363150271575,19.982636849728426,36.81550289612197,2024-01
HV0003,B03404,B03404,2024-01-13 19:50:22,2024-01-13 19:51:16,2024-01-13 19:52:32,2024-01-13 20:16:33,205,197,4.43,1441,23.26,0.0,0.64,2.06,0.0,0.0,0.0,19.37,N,N,N,N,N,130.0,54.0,76.0,1571.0,19,Saturday,Saint Albans,Queens,Richmond Hill,Queens,-73.76314638043442,40.69120002152517,-73.83092448484014,40.69454169265697,3.073,23.900000000000002,23.26,0.64,3.8900000000000006,0.16276150627615063,0.1660097154753643,4.596009715475364,0.40352965301873694,0.9192019430950729,1.3227315961138097,18.047268403886193,41.35593014257817,2024-01
HV0003,B03404,B03404,2024-01-09 07:46:16,2024-01-09 07:47:19,2024-01-09 07:47:43,2024-01-09 08:03:58,47,242,4.6,975,20.84,0.0,0.57,1.85,0.0,0.0,0.0,15.21,N,N,N,N,N,87.0,63.0,24.0,1062.0,7,Tuesday,Claremont/Bathgate,Bronx,Van Nest/Morris Park,Bronx,-73.90031679211252,40.84274782905238,-73.85067119492659,40.84678260105803,3.073,21.41,20.84,0.57,5.629999999999999,0.2629612330686595,0.2972307692307692,4.897230769230768,0.4299768615384615,0.9794461538461537,1.4094230153846152,13.800576984615386,46.781616897001314,2024-01
HV0003,B03404,B03404,2024-01-10 19:25:09,2024-01-10 19:25:51,2024-01-10 19:27:52,2024-01-10 19:43:15,261,144,2.13,923,20.65,0.0,0.57,1.83,2.75,0.0,0.0,11.48,N,N,N,N,N,163.0,42.0,121.0,1086.0,19,Wednesday,World Trade Center,Manhattan,Little Italy/NoLiTa,Manhattan,-74.01302266265675,40.7091384408997,-73.99691839304907,40.72088834178079,3.073,23.97,20.65,3.32,9.169999999999998,0.3825615352523988,0.09692307692307692,2.226923076923077,0.19552384615384616,0.44538461538461543,0.6409084615384616,10.839091538461538,35.93069018274543,2024-01
HV0003,B03404,B03404,2024-01-20 01:13:28,2024-01-20 01:19:43,2024-01-20 01:19:58,2024-01-20 01:45:53,79,179,6.51,1555,25.35,0.0,0.7,2.25,2.75,0.0,6.21,23.17,N,N,N,N,N,390.0,375.0,15.0,1945.0,1,Saturday,East Village,Manhattan,Old Astoria,Queens,-73.98593725800136,40.72761958691338,-73.92833280320959,40.77156956195687,3.073,35.01,25.35,3.45,8.39,0.2396458154812911,1.569935691318328,8.079935691318328,0.7094183536977492,1.6159871382636657,2.3254054919614147,20.844594508038586,38.581254616421035,2024-01
HV0003,B03404,B03404,2024-01-26 12:49:30,2024-01-26 12:52:03,2024-01-26 12:52:06,2024-01-26 13:11:23,66,255,3.98,1157,15.87,0.0,0.44,1.41,0.0,0.0,0.0,16.1,N,N,N,N,N,156.0,153.0,3.0,1313.0,12,Friday,DUMBO/Vinegar Hill,Brooklyn,Williamsburg (North Side),Brooklyn,-73.98570143908047,40.70225846444536,-73.95741799903575,40.71880332024791,3.073,16.31,15.87,0.44,-0.2300000000000022,-0.01410177805027604,0.5263094209161625,4.506309420916162,0.395653967156439,0.9012618841832325,1.2969158513396715,14.80308414866033,40.587283271269754,2024-01
HV0003,B03404,B03404,2024-01-12 23:54:08,2024-01-12 23:58:49,2024-01-12 23:59:37,2024-01-13 00:27:03,255,26,10.83,1646,39.32,0.0,1.08,3.49,0.0,0.0,0.0,31.45,N,N,N,N,N,329.0,281.0,48.0,1975.0,23,Friday,Williamsburg (North Side),Brooklyn,Borough Park,Brooklyn,-73.95741799903575,40.71880332024791,-73.9886606263467,40.63094893241426,3.073,40.4,39.32,1.08,7.870000000000001,0.19480198019801984,1.8488639125151882,12.678863912515189,1.1132042515188336,2.535772782503038,3.648977034021872,27.801022965978127,50.67528236836519,2024-01
HV0003,B03404,B03404,2024-01-20 20:03:44,2024-01-20 20:07:00,2024-01-20 20:08:08,2024-01-20 20:17:08,7,146,1.67,540,12.5,0.0,0.34,1.11,0.0,0.0,0.0,7.27,N,N,N,N,N,264.0,196.0,68.0,804.0,20,Saturday,Astoria,Queens,Long Island City/Queens Plaza,Queens,-73.91969416440043,40.761491926149866,-73.93482872612303,40.754241860637634,3.073,12.84,12.5,0.34,5.23,0.4073208722741433,0.6061481481481482,2.276148148148148,0.1998458074074074,0.45522962962962965,0.6550754370370371,6.614924562962963,29.61906520729685,2024-01
HV0003,B03404,B03404,2024-01-20 11:49:36,2024-01-20 11:52:19,2024-01-20 11:54:20,2024-01-20 12:20:00,36,79,4.01,1540,21.22,0.0,0.58,1.88,2.75,0.0,5.1,19.75,N,N,N,N,N,284.0,163.0,121.0,1824.0,11,Saturday,Bushwick North,Brooklyn,East Village,Manhattan,-73.9177095234613,40.700521468719735,-73.98593725800136,40.72761958691338,3.073,29.65,21.22,3.33,6.57,0.2215851602023609,0.4244350649350649,4.434435064935065,0.3893433987012987,0.886887012987013,1.2762304116883116,18.47376958831169,36.461387345352016,2024-01
HV0003,B03404,B03404,2024-01-18 14:20:22,2024-01-18 14:28:17,2024-01-18 14:28:17,2024-01-18 14:53:32,68,261,4.13,1515,35.66,0.0,0.98,3.16,2.75,0.0,0.0,20.02,N,N,N,N,N,475.0,475.0,0.0,1990.0,14,Thursday,East Chelsea,Manhattan,World Trade Center,Manhattan,-73.99991751678058,40.748426777755405,-74.01302266265675,40.7091384408997,3.073,39.38999999999999,35.66,3.73,15.639999999999997,0.39705509012439705,1.2948844884488449,5.4248844884488445,0.4763048580858085,1.084976897689769,1.5612817557755774,18.45871824422442,33.39265612020498,2024-01
HV0003,B03404,B03404,2024-01-14 18:18:54,2024-01-14 18:19:25,2024-01-14 18:19:42,2024-01-14 18:26:53,145,145,0.98,431,8.94,0.0,0.25,0.79,0.0,0.0,5.0,5.39,N,N,N,N,N,48.0,31.0,17.0,479.0,18,Sunday,Long Island City/Hunters Point,Queens,Long Island City/Hunters Point,Queens,-73.94889136420674,40.74537869757109,-73.94889136420674,40.74537869757109,3.073,14.19,8.94,0.25,8.55,0.6025369978858351,0.07048723897911832,1.0504872389791182,0.09223277958236657,0.21009744779582365,0.3023302273781902,5.087669772621809,38.23718409486119,2024-01
HV0003,B03404,B03404,2024-01-26 05:45:15,2024-01-26 05:52:34,2024-01-26 05:53:16,2024-01-26 06:03:15,66,37,2.64,599,12.63,0.0,0.35,1.12,0.0,0.0,0.0,9.1,N,N,N,N,N,481.0,439.0,42.0,1080.0,5,Friday,DUMBO/Vinegar Hill,Brooklyn,Bushwick South,Brooklyn,-73.98570143908047,40.70225846444536,-73.9222368522579,40.694993402702586,3.073,12.98,12.63,0.35,3.530000000000001,0.2719568567026195,1.9348247078464107,4.57482470784641,0.4016696093489148,0.9149649415692821,1.316634550918197,7.783365449081803,25.944551496939344,2024-01
HV0003,B03404,B03404,2024-01-31 15:58:08,2024-01-31 16:00:58,2024-01-31 16:00:58,2024-01-31 16:15:37,119,116,2.15,879,14.33,0.0,0.39,1.27,0.0,0.0,0.0,11.09,N,N,N,N,N,170.0,170.0,0.0,1049.0,16,Wednesday,Highbridge,Bronx,Hamilton Heights,Manhattan,-73.92615739281834,40.83782626996652,-73.94852161825773,40.82701211556071,3.073,14.72,14.33,0.39,3.24,0.22010869565217392,0.41581342434584756,2.5658134243458477,0.22527841865756543,0.5131626848691696,0.7384411035267351,10.351558896473264,35.52489230438871,2024-01
HV0003,B03404,B03404,2024-01-20 18:57:29,2024-01-20 18:58:32,2024-01-20 19:00:34,2024-01-20 19:39:09,97,123,8.02,2315,34.93,0.0,0.96,3.1,0.0,0.0,0.0,34.31,N,N,N,N,N,185.0,63.0,122.0,2500.0,19,Saturday,Fort Greene,Brooklyn,Homecrest,Brooklyn,-73.97488192727519,40.69078610719341,-73.96433371333775,40.59995356501545,3.073,35.89,34.93,0.96,0.6199999999999974,0.017275006965728545,0.2182548596112311,8.238254859611231,0.7233187766738661,1.6476509719222463,2.3709697485961123,31.93903025140389,45.9922035620216,2024-01
HV0003,B03404,B03404,2024-01-25 19:09:13,2024-01-25 19:10:01,2024-01-25 19:10:52,2024-01-25 19:23:20,231,79,1.92,748,22.22,0.0,0.61,1.97,2.75,0.0,0.0,11.17,N,N,N,N,N,99.0,48.0,51.0,847.0,19,Thursday,TriBeCa/Civic Center,Manhattan,East Village,Manhattan,-74.00787947243188,40.717772159208046,-73.98593725800136,40.72761958691338,3.073,25.58,22.22,3.36,11.049999999999999,0.43197810789679436,0.12320855614973263,2.0432085561497324,0.1793937112299465,0.4086417112299465,0.588035422459893,10.581964577540107,44.97647282071356,2024-01
HV0003,B03404,B03404,2024-01-03 07:33:17,2024-01-03 07:37:19,2024-01-03 07:37:23,2024-01-03 08:23:38,37,228,7.59,2775,41.12,0.0,1.13,3.65,0.0,0.0,0.0,36.06,N,N,N,N,N,246.0,242.0,4.0,3021.0,7,Wednesday,Bushwick South,Brooklyn,Sunset Park West,Brooklyn,-73.9222368522579,40.694993402702586,-74.01127289375856,40.652353822117504,3.073,42.25,41.12,1.13,5.059999999999995,0.11976331360946735,0.6619027027027027,8.251902702702703,0.7245170572972972,1.6503805405405405,2.3748975978378377,33.685102402162165,40.1411349380284,2024-01
HV0003,B03404,B03404,2024-01-09 21:23:57,2024-01-09 21:32:33,2024-01-09 21:33:21,2024-01-09 21:41:55,230,246,1.51,514,9.98,0.0,0.27,0.89,2.75,0.0,0.0,6.81,N,N,N,N,N,564.0,516.0,48.0,1078.0,21,Tuesday,Times Sq/Theatre District,Manhattan,West Chelsea/Hudson Yards,Manhattan,-73.98419629996178,40.7598170009371,-74.00401522931482,40.75330822391948,3.073,13.0,9.98,3.02,3.170000000000001,0.2438461538461539,1.5158754863813229,3.025875486381323,0.26567186770428014,0.6051750972762646,0.8708469649805448,5.939153035019455,19.833906239397066,2024-01
HV0003,B03404,B03404,2024-01-24 12:58:00,2024-01-24 12:59:12,2024-01-24 13:01:12,2024-01-24 13:05:18,236,263,0.61,246,8.38,0.0,0.23,0.74,2.75,0.0,0.0,5.5,N,N,N,N,N,192.0,72.0,120.0,438.0,13,Wednesday,Upper East Side North,Manhattan,Yorkville West,Manhattan,-73.957011704106,40.78043571518905,-73.95100985225696,40.77876514921805,3.073,11.360000000000001,8.38,2.98,2.880000000000001,0.25352112676056343,0.17853658536585365,0.7885365853658537,0.06923351219512196,0.15770731707317076,0.22694082926829273,5.273059170731707,43.34021236217841,2024-01
HV0003,B03404,B03404,2024-01-05 15:36:54,2024-01-05 15:40:02,2024-01-05 15:40:30,2024-01-05 15:50:25,232,148,1.36,595,11.82,0.0,0.33,1.05,2.75,0.0,3.0,7.71,N,N,N,N,N,216.0,188.0,28.0,811.0,15,Friday,Two Bridges/Seward Park,Manhattan,Lower East Side,Manhattan,-73.98302452983464,40.71473195717586,-73.99089618330311,40.71893779448139,3.073,17.9,11.82,3.08,7.11,0.3972067039106146,0.4297142857142857,1.7897142857142858,0.15713691428571427,0.3579428571428572,0.5150797714285714,7.194920228571428,31.93799361634666,2024-01
HV0003,B03404,B03404,2024-01-18 14:01:22,2024-01-18 14:08:19,2024-01-18 14:08:39,2024-01-18 14:29:43,23,5,9.66,1264,26.85,0.0,0.74,2.38,0.0,0.0,4.49,24.57,N,N,N,N,N,437.0,417.0,20.0,1701.0,14,Thursday,Bloomfield/Emerson Hill,Staten Island,Arden Heights,Staten Island,-74.17088529675294,40.60644812566737,-74.18848507307743,40.5526586209353,3.073,32.08,26.85,0.74,6.770000000000003,0.2110349127182046,3.186882911392405,12.846882911392406,1.1279563196202533,2.5693765822784815,3.6973329018987346,20.872667098101267,44.174956821378345,2024-01
HV0003,B03404,B03404,2024-01-14 16:05:03,2024-01-14 16:06:03,2024-01-14 16:07:11,2024-01-14 16:31:41,237,186,2.42,1470,26.19,0.0,0.72,2.32,2.75,0.0,6.39,17.0,N,N,N,N,N,128.0,60.0,68.0,1598.0,16,Sunday,Upper East Side South,Manhattan,Penn Station/Madison Sq West,Manhattan,-73.96563449518534,40.76861447337675,-73.99243728054387,40.7484965983886,3.073,36.05,26.19,3.4699999999999998,15.579999999999998,0.4321775312066574,0.09877551020408162,2.5187755102040814,0.22114848979591833,0.5037551020408163,0.7249035918367346,16.275096408163265,36.66479791576205,2024-01
HV0003,B03404,B03404,2024-01-18 08:11:30,2024-01-18 08:13:25,2024-01-18 08:15:26,2024-01-18 09:15:25,165,170,13.88,3599,52.63,0.0,1.45,4.67,2.75,0.0,8.0,52.06,N,N,N,N,N,236.0,115.0,121.0,3835.0,8,Thursday,Midwood,Brooklyn,Murray Hill,Manhattan,-73.95682451037044,40.620923471324446,-73.97849134130094,40.74774513853527,3.073,64.83000000000001,52.63,4.2,8.57,0.13219188647231217,0.44351208669074743,14.323512086690748,1.2576043612114476,2.8647024173381497,4.122306778549597,47.9376932214504,45.0001813812833,2024-01
HV0003,B03404,B03404,2024-01-24 02:06:41,2024-01-24 02:08:02,2024-01-24 02:10:02,2024-01-24 02:31:01,162,40,7.82,1259,43.28,0.0,1.19,3.84,2.75,0.0,0.0,22.32,N,N,N,N,N,201.0,81.0,120.0,1460.0,2,Wednesday,Midtown East,Manhattan,Carroll Gardens,Brooklyn,-73.97235591714862,40.756686941672,-73.99595614226644,40.6791985676148,3.073,47.22,43.28,3.94,20.96,0.44387971198644643,0.5031135822081017,8.323113582208101,0.7307693725178713,1.6646227164416203,2.3953920889594915,19.92460791104051,49.12917019160674,2024-01
HV0003,B03404,B03404,2024-01-16 17:51:56,2024-01-16 17:54:33,2024-01-16 17:55:05,2024-01-16 18:03:55,142,230,1.01,530,8.24,0.0,0.23,0.73,2.75,0.0,0.0,6.31,N,N,N,N,N,189.0,157.0,32.0,719.0,17,Tuesday,Lincoln Square East,Manhattan,Times Sq/Theatre District,Manhattan,-73.98153210008745,40.77363265587896,-73.98419629996178,40.7598170009371,3.073,11.22,8.24,2.98,1.9300000000000006,0.1720142602495544,0.29918867924528303,1.309188679245283,0.11494676603773583,0.2618377358490566,0.37678450188679247,5.933215498113207,29.707337681790747,2024-01
HV0003,B03404,B03404,2024-01-19 20:45:26,2024-01-19 20:46:55,2024-01-19 20:48:07,2024-01-19 20:50:10,78,20,0.35,123,7.91,0.0,0.22,0.7,0.0,0.0,0.0,5.4,N,N,N,N,N,161.0,89.0,72.0,284.0,20,Friday,East Tremont,Bronx,Belmont,Bronx,-73.88552139857157,40.844959817621785,-73.88586731138831,40.857778885275984,3.073,8.13,7.91,0.22,2.51,0.30873308733087323,0.2532520325203252,0.6032520325203252,0.05296552845528455,0.12065040650406506,0.1736159349593496,5.226384065040651,66.24993885262796,2024-01
HV0003,B03404,B03404,2024-01-31 20:25:32,2024-01-31 20:29:28,2024-01-31 20:29:30,2024-01-31 20:51:33,229,255,6.99,1323,43.88,6.94,1.4,4.51,2.75,0.0,10.0,23.06,N,N,N,N,N,238.0,236.0,2.0,1561.0,20,Wednesday,Sutton Place/Turtle Bay North,Manhattan,Williamsburg (North Side),Brooklyn,-73.96514558738956,40.75672829786632,-73.95741799903575,40.71880332024791,3.073,64.97,43.88,11.09,30.820000000000004,0.47437278744035716,1.2468934240362812,8.236893424036282,0.7231992426303856,1.6473786848072565,2.370577927437642,20.68942207256236,47.714234119938816,2024-01
HV0003,B03404,B03404,2024-01-14 22:37:20,2024-01-14 22:40:07,2024-01-14 22:41:30,2024-01-14 23:09:50,71,256,6.01,1700,25.89,0.0,0.71,2.3,0.0,0.0,0.0,23.88,N,N,N,N,N,250.0,167.0,83.0,1950.0,22,Sunday,East Flatbush/Farragut,Brooklyn,Williamsburg (South Side),Brooklyn,-73.93796628102253,40.64428722355921,-73.95990445316505,40.71087946812129,3.073,26.6,25.89,0.71,2.0100000000000016,0.07556390977443614,0.5903941176470588,6.600394117647059,0.5795146035294118,1.3200788235294119,1.8995934270588237,21.980406572941174,40.57921213466063,2024-01
HV0003,B03404,B03404,2024-01-04 09:02:30,2024-01-04 09:05:31,2024-01-04 09:06:47,2024-01-04 09:14:40,141,263,1.26,473,10.88,0.0,0.3,0.97,2.75,0.0,0.0,6.1,N,N,N,N,N,257.0,181.0,76.0,730.0,9,Thursday,Lenox Hill West,Manhattan,Yorkville West,Manhattan,-73.95963478688095,40.76694745582751,-73.95100985225696,40.77876514921805,3.073,13.930000000000001,10.88,3.05,4.780000000000001,0.34314429289303666,0.48215644820295983,1.74215644820296,0.15296133615221988,0.348431289640592,0.5013926257928119,5.598607374207187,27.609570612528596,2024-01
HV0003,B03404,B03404,2024-01-22 21:42:39,2024-01-22 21:43:27,2024-01-22 21:45:27,2024-01-22 21:58:39,51,20,4.33,792,16.63,0.0,0.46,1.48,0.0,0.0,0.0,13.14,N,N,N,N,N,168.0,48.0,120.0,960.0,21,Monday,Co-Op City,Bronx,Belmont,Bronx,-73.82826341101214,40.87397187629544,-73.88586731138831,40.857778885275984,3.073,17.09,16.63,0.46,3.4899999999999984,0.20421299005266227,0.26242424242424245,4.592424242424243,0.4032148484848485,0.9184848484848486,1.321699696969697,11.818300303030304,44.31862613636364,2024-01
HV0003,B03404,B03404,2024-01-13 03:07:06,2024-01-13 03:09:41,2024-01-13 03:11:09,2024-01-13 03:47:44,164,92,11.97,2195,44.05,0.0,1.21,3.91,2.75,0.0,0.0,36.36,N,N,N,N,N,243.0,155.0,88.0,2438.0,3,Saturday,Midtown South,Manhattan,Flushing,Queens,-73.98515619423324,40.74857395489648,-73.8288586430752,40.76110071120437,3.073,48.01,44.05,3.96,7.689999999999998,0.16017496354926053,0.8452619589977222,12.815261958997723,1.12518,2.5630523917995447,3.688232391799545,32.671767608200454,48.24379138208435,2024-01
HV0003,B03404,B03404,2024-01-21 20:52:06,2024-01-21 20:54:06,2024-01-21 20:54:27,2024-01-21 21:04:47,117,86,2.76,620,14.24,0.0,0.39,1.26,0.0,0.0,0.0,9.46,N,N,N,N,N,141.0,120.0,21.0,761.0,20,Sunday,Hammels/Arverne,Queens,Far Rockaway,Queens,-73.7896236798251,40.594058457192666,-73.75524367121405,40.60243189212709,3.073,14.63,14.24,0.39,4.779999999999999,0.32672590567327403,0.5341935483870968,3.2941935483870965,0.289230193548387,0.6588387096774193,0.9480689032258063,8.511931096774195,40.26669112797254,2024-01
HV0003,B03404,B03404,2024-01-22 20:09:02,2024-01-22 20:11:04,2024-01-22 20:12:54,2024-01-22 20:29:43,234,237,2.31,1009,11.82,0.0,0.33,1.05,2.75,0.0,1.0,12.53,N,N,N,N,N,232.0,122.0,110.0,1241.0,20,Monday,Union Sq,Manhattan,Upper East Side South,Manhattan,-73.99045767416112,40.74033681887629,-73.96563449518534,40.76861447337675,3.073,15.9,11.82,3.08,0.2900000000000009,0.018238993710691882,0.27930624380574826,2.589306243805748,0.2273410882061447,0.5178612487611497,0.7452023369672944,11.784797663032705,34.186359054728236,2024-01
HV0003,B03404,B03404,2024-01-21 14:29:03,2024-01-21 14:30:53,2024-01-21 14:31:21,2024-01-21 14:57:29,87,230,5.74,1568,33.32,0.0,0.92,2.96,2.75,0.0,0.0,22.28,N,N,N,N,N,138.0,110.0,28.0,1706.0,14,Sunday,Financial District North,Manhattan,Times Sq/Theatre District,Manhattan,-74.0074957883342,40.70680798106304,-73.98419629996178,40.7598170009371,3.073,36.99,33.32,3.67,11.04,0.2984590429845904,0.4026785714285714,6.142678571428571,0.5393271785714285,1.2285357142857143,1.767862892857143,20.51213710714286,43.28469729526043,2024-01
HV0003,B03404,B03404,2024-01-08 12:28:24,2024-01-08 12:30:14,2024-01-08 12:32:06,2024-01-08 12:51:58,150,165,3.92,1192,19.66,0.0,0.54,1.74,0.0,0.0,0.0,16.36,N,N,N,N,N,222.0,110.0,112.0,1414.0,12,Monday,Manhattan Beach,Brooklyn,Midwood,Brooklyn,-73.94362892167828,40.580473059632766,-73.95682451037044,40.620923471324446,3.073,20.2,19.66,0.54,3.3000000000000007,0.1633663366336634,0.361744966442953,4.281744966442953,0.3759372080536913,0.8563489932885906,1.232286201342282,15.127713798657718,38.514688596299706,2024-01
HV0003,B03404,B03404,2024-01-30 20:07:54,2024-01-30 20:09:00,2024-01-30 20:09:00,2024-01-30 20:26:12,125,137,2.53,1032,23.46,0.0,0.65,2.08,2.75,0.0,0.0,13.02,N,N,N,N,N,66.0,66.0,0.0,1098.0,20,Tuesday,Hudson Sq,Manhattan,Kips Bay,Manhattan,-74.00748558750799,40.72628992015588,-73.97649447841282,40.74043833958882,3.073,26.86,23.46,3.4,10.440000000000001,0.3886820551005213,0.16180232558139535,2.691802325581395,0.23634024418604652,0.5383604651162791,0.7747007093023256,12.245299290697673,40.14852226458254,2024-01
HV0003,B03404,B03404,2024-01-17 06:30:08,2024-01-17 06:31:47,2024-01-17 06:32:11,2024-01-17 06:44:45,228,181,2.4,754,14.28,0.0,0.39,1.27,0.0,0.0,0.0,10.24,N,N,N,N,N,123.0,99.0,24.0,877.0,6,Wednesday,Sunset Park West,Brooklyn,Park Slope,Brooklyn,-74.01127289375856,40.652353822117504,-73.98141426627474,40.67037356101699,3.073,14.67,14.28,0.39,4.039999999999999,0.2753919563735514,0.31511936339522545,2.7151193633952255,0.23838748010610078,0.5430238726790452,0.781411352785146,9.458588647214855,38.8265896578945,2024-01
HV0003,B03404,B03404,2024-01-27 11:46:07,2024-01-27 11:47:42,2024-01-27 11:47:42,2024-01-27 11:56:32,161,100,1.32,530,10.91,0.0,0.3,0.97,2.75,0.0,0.0,6.71,N,N,N,N,N,95.0,95.0,0.0,625.0,11,Saturday,Midtown Center,Manhattan,Garment District,Manhattan,-73.97769778229288,40.758027399461895,-73.98878634685092,40.75351217038599,3.073,13.96,10.91,3.05,4.2,0.3008595988538682,0.23660377358490567,1.5566037735849056,0.1366698113207547,0.3113207547169812,0.4479905660377359,6.262009433962264,36.06917433962264,2024-01
HV0003,B03404,B03404,2024-01-20 01:55:09,2024-01-20 02:01:06,2024-01-20 02:02:24,2024-01-20 02:31:30,79,198,6.84,1746,33.33,0.0,0.92,2.96,2.75,0.0,0.0,28.4,N,N,N,N,N,435.0,357.0,78.0,2181.0,2,Saturday,East Village,Manhattan,Ridgewood,Queens,-73.98593725800136,40.72761958691338,-73.90170912961153,40.706526169337856,3.073,37.0,33.33,3.67,4.93,0.13324324324324324,1.3985567010309277,8.238556701030927,0.7233452783505153,1.6477113402061854,2.371056618556701,26.028943381443298,42.96386802989265,2024-01
HV0003,B03404,B03404,2024-01-31 22:09:42,2024-01-31 22:12:04,2024-01-31 22:12:23,2024-01-31 22:31:50,241,185,3.93,1167,15.25,0.0,0.42,1.35,0.0,0.0,0.0,16.13,N,N,N,N,N,161.0,142.0,19.0,1328.0,22,Wednesday,Van Cortlandt Village,Bronx,Pelham Parkway,Bronx,-73.89562004253389,40.87651165473252,-73.85439388215148,40.85440439427695,3.073,15.67,15.25,0.42,-0.879999999999999,-0.05615826419910651,0.47820051413881753,4.408200514138818,0.3870400051413882,0.8816401028277636,1.2686801079691519,14.861319892030847,40.28671055068603,2024-01
HV0003,B03404,B03404,2024-01-17 21:49:16,2024-01-17 21:52:06,2024-01-17 21:53:01,2024-01-17 22:03:22,88,13,1.15,621,9.12,0.0,0.25,0.81,2.75,0.0,0.0,7.35,N,N,N,N,N,225.0,170.0,55.0,846.0,21,Wednesday,Financial District South,Manhattan,Battery Park City,Manhattan,-74.01151486998491,40.70335745268971,-74.01607908770592,40.71203749145812,3.073,12.12,9.12,3.0,1.7699999999999996,0.146039603960396,0.31481481481481477,1.4648148148148148,0.12861074074074072,0.292962962962963,0.42157370370370373,6.928426296296296,29.482665090622536,2024-01
HV0003,B03404,B03404,2024-01-03 12:15:31,2024-01-03 12:17:13,2024-01-03 12:17:16,2024-01-03 12:38:26,239,220,9.82,1270,30.67,3.18,0.93,3.0,2.75,0.0,0.0,24.84,N,N,N,N,N,105.0,102.0,3.0,1375.0,12,Wednesday,Upper West Side South,Manhattan,Spuyten Duyvil/Kingsbridge,Bronx,-73.97863166507607,40.783960878966745,-73.91066473993713,40.88240269359515,3.073,37.53,30.67,6.86,5.830000000000002,0.15534239275246475,0.7886929133858268,10.608692913385827,0.9314432377952756,2.1217385826771653,3.053181820472441,21.786818179527558,57.041851233672155,2024-01
HV0003,B03404,B03404,2024-01-30 19:32:15,2024-01-30 19:33:18,2024-01-30 19:35:07,2024-01-30 19:50:57,62,71,2.78,950,13.66,0.0,0.38,1.21,0.0,0.0,0.0,12.58,N,N,N,N,N,172.0,63.0,109.0,1122.0,19,Tuesday,Crown Heights South,Brooklyn,East Flatbush/Farragut,Brooklyn,-73.94878831329727,40.66654019759787,-73.93796628102253,40.64428722355921,3.073,14.040000000000001,13.66,0.38,1.08,0.07692307692307693,0.1843578947368421,2.964357894736842,0.26027062315789473,0.5928715789473684,0.8531422021052631,11.726857797894738,37.6262817044751,2024-01
HV0003,B03404,B03404,2024-01-30 16:15:17,2024-01-30 16:15:51,2024-01-30 16:16:27,2024-01-30 16:20:43,114,107,0.93,256,9.1,0.0,0.25,0.81,2.75,0.0,3.0,6.39,N,N,N,N,N,70.0,34.0,36.0,326.0,16,Tuesday,Greenwich Village South,Manhattan,Gramercy,Manhattan,-73.99737994674842,40.72833985411046,-73.98405192785955,40.73682342425488,3.073,15.1,9.1,3.0,5.71,0.3781456953642384,0.123515625,1.053515625,0.092498671875,0.210703125,0.303201796875,6.086798203124999,67.21617647622699,2024-01
HV0003,B03404,B03404,2024-01-25 16:53:51,2024-01-25 16:54:36,2024-01-25 16:54:36,2024-01-25 17:02:15,82,157,1.32,459,9.82,0.0,0.27,0.87,0.0,0.0,0.0,6.04,N,N,N,N,N,45.0,45.0,0.0,504.0,16,Thursday,Elmhurst,Queens,Maspeth,Queens,-73.8771182418676,40.73949455225884,-73.9023306735786,40.72399415934883,3.073,10.09,9.82,0.27,3.7800000000000002,0.3746283448959366,0.12941176470588237,1.4494117647058824,0.1272583529411765,0.2898823529411765,0.41714070588235297,5.622859294117647,40.163280672268904,2024-01
HV0003,B03404,B03404,2024-01-25 20:50:12,2024-01-25 20:52:43,2024-01-25 20:53:22,2024-01-25 21:01:19,69,42,1.23,477,8.93,0.0,0.25,0.79,0.0,0.0,0.0,6.1,N,N,N,N,N,190.0,151.0,39.0,667.0,20,Thursday,East Concourse/Concourse Village,Bronx,Central Harlem North,Manhattan,-73.9150298985607,40.83141570129418,-73.9407718835631,40.81825672430646,3.073,9.18,8.93,0.25,2.83,0.30827886710239655,0.38937106918238995,1.61937106918239,0.14218077987421385,0.323874213836478,0.46605499371069187,5.6339450062893075,30.408098984470023,2024-01
HV0003,B03404,B03404,2024-01-25 19:48:44,2024-01-25 19:51:01,2024-01-25 19:51:13,2024-01-25 20:06:15,161,143,1.81,902,15.42,0.0,0.42,1.37,2.75,0.0,0.0,10.86,N,N,N,N,N,149.0,137.0,12.0,1051.0,19,Thursday,Midtown Center,Manhattan,Lincoln Square West,Manhattan,-73.97769778229288,40.758027399461895,-73.9876454292326,40.775964624542496,3.073,18.59,15.42,3.17,4.5600000000000005,0.24529316837009146,0.2749113082039911,2.084911308203991,0.18305521286031043,0.41698226164079827,0.6000374745011087,10.25996252549889,35.14354433091913,2024-01
HV0003,B03404,B03404,2024-01-09 06:34:12,2024-01-09 06:40:30,2024-01-09 06:42:02,2024-01-09 07:07:38,176,206,6.82,1536,28.59,0.0,0.79,2.54,0.0,0.0,3.19,23.4,N,N,N,N,N,470.0,378.0,92.0,2006.0,6,Tuesday,Oakwood,Staten Island,Saint George/New Brighton,Staten Island,-74.12258340624484,40.56199391185881,-74.10231448191689,40.638972921799166,3.073,32.57,28.59,0.79,8.380000000000003,0.2572919864906356,1.678359375,8.498359375,0.7461559531249999,1.699671875,2.445827828125,20.954172171874998,37.604695821909274,2024-01
HV0003,B03404,B03404,2024-01-22 10:23:16,2024-01-22 10:24:04,2024-01-22 10:24:16,2024-01-22 10:43:09,33,256,3.79,1133,16.65,0.0,0.46,1.48,0.0,0.0,3.0,18.63,N,N,N,N,N,60.0,48.0,12.0,1193.0,10,Monday,Brooklyn Heights,Brooklyn,Williamsburg (South Side),Brooklyn,-73.99524997291579,40.69579763638819,-73.95990445316505,40.71087946812129,3.073,20.11,16.65,0.46,1.0199999999999996,0.050721034311287896,0.16056487202118272,3.950564872021183,0.3468595957634598,0.7901129744042366,1.1369725701676963,17.493027429832303,52.78700649404551,2024-01
HV0003,B03404,B03404,2024-01-04 05:25:56,2024-01-04 05:26:02,2024-01-04 05:26:44,2024-01-04 05:33:06,48,230,0.55,382,6.47,0.0,0.18,0.57,2.75,0.0,0.0,5.76,N,N,N,N,N,48.0,6.0,42.0,430.0,5,Thursday,Clinton East,Manhattan,Times Sq/Theatre District,Manhattan,-73.98984463380468,40.762252049908085,-73.98419629996178,40.7598170009371,3.073,9.399999999999999,6.47,2.93,0.71,0.07553191489361703,0.008638743455497382,0.5586387434554975,0.04904848167539268,0.1117277486910995,0.1607762303664922,5.599223769633507,46.8772222573968,2024-01
HV0003,B03404,B03404,2024-01-15 21:10:40,2024-01-15 21:15:29,2024-01-15 21:16:10,2024-01-15 21:23:10,145,146,1.07,420,8.52,0.0,0.23,0.76,0.0,0.0,0.0,5.41,Y,N,N,N,N,330.0,289.0,41.0,750.0,21,Monday,Long Island City/Hunters Point,Queens,Long Island City/Queens Plaza,Queens,-73.94889136420674,40.74537869757109,-73.93482872612303,40.754241860637634,3.073,8.75,8.52,0.23,3.1099999999999994,0.35542857142857137,0.7362619047619048,1.8062619047619048,0.15858979523809524,0.361252380952381,0.5198421761904762,4.890157823809524,23.472757554285714,2024-01
HV0003,B03404,B03404,2024-01-08 18:05:10,2024-01-08 18:06:35,2024-01-08 18:07:56,2024-01-08 18:19:50,248,147,2.14,714,12.53,0.0,0.34,1.11,0.0,0.0,0.0,9.52,N,N,N,N,N,166.0,85.0,81.0,880.0,18,Monday,West Farms/Bronx River,Bronx,Longwood,Bronx,-73.87228952703794,40.83416474537906,-73.89895639411876,40.81967507177996,3.073,12.87,12.53,0.34,3.01,0.2338772338772339,0.25476190476190474,2.394761904761905,0.21026009523809525,0.478952380952381,0.6892124761904763,8.830787523809523,36.12594896103896,2024-01
HV0003,B03404,B03404,2024-01-19 06:58:55,2024-01-19 07:01:35,2024-01-19 07:01:49,2024-01-19 07:43:25,161,74,9.22,2496,47.66,0.0,1.31,4.23,2.75,0.0,0.0,35.58,N,N,N,N,N,174.0,160.0,14.0,2670.0,7,Friday,Midtown Center,Manhattan,East Harlem North,Manhattan,-73.97769778229288,40.758027399461895,-73.93734546230694,40.80116855904873,3.073,51.72,47.66,4.0600000000000005,12.079999999999998,0.23356535189481822,0.591025641025641,9.811025641025642,0.8614080512820514,1.9622051282051285,2.8236131794871797,32.756386820512816,44.165914814174585,2024-01
HV0003,B03404,B03404,2024-01-18 15:14:42,2024-01-18 15:18:55,2024-01-18 15:18:55,2024-01-18 15:46:37,213,83,10.5,1662,31.49,6.94,1.06,3.41,0.0,0.0,0.0,29.42,N,N,N,N,N,253.0,253.0,0.0,1915.0,15,Thursday,Soundview/Castle Hill,Bronx,Elmhurst/Maspeth,Queens,-73.85813492907864,40.81785812742239,-73.89217328348057,40.738323179532586,3.073,39.49,31.49,8.0,2.0699999999999967,0.052418333755381026,1.598375451263538,12.098375451263538,1.0622373646209384,2.4196750902527078,3.481912454873646,25.938087545126354,48.760895646190534,2024-01
HV0003,B03404,B03404,2024-01-12 14:40:31,2024-01-12 14:40:54,2024-01-12 14:42:26,2024-01-12 15:02:47,246,209,5.07,1221,34.22,0.0,0.94,3.04,2.75,0.0,0.0,18.14,N,N,N,N,N,115.0,23.0,92.0,1336.0,14,Friday,West Chelsea/Hudson Yards,Manhattan,Seaport,Manhattan,-74.00401522931482,40.75330822391948,-74.00366431896066,40.7090722607075,3.073,37.91,34.22,3.69,16.08,0.4241624901081509,0.0955036855036855,5.165503685503686,0.4535312235872236,1.0331007371007372,1.4866319606879608,16.65336803931204,44.87434501611028,2024-01
HV0003,B03404,B03404,2024-01-12 12:03:20,2024-01-12 12:04:04,2024-01-12 12:06:56,2024-01-12 12:51:00,35,226,11.74,2644,44.03,0.0,1.21,3.91,0.0,0.0,0.0,41.28,N,N,N,N,N,216.0,44.0,172.0,2860.0,12,Friday,Brownsville,Brooklyn,Sunnyside,Queens,-73.91025783392547,40.66400239681814,-73.92467262943985,40.73769725609221,3.073,45.24,44.03,1.21,2.75,0.060786914235190094,0.19537065052950076,11.935370650529501,1.0479255431164902,2.3870741301059004,3.4349996732223906,37.84500032677761,47.6370633483914,2024-01
HV0003,B03404,B03404,2024-01-24 06:49:49,2024-01-24 06:52:09,2024-01-24 06:52:19,2024-01-24 06:57:13,179,7,0.87,294,8.89,0.0,0.24,0.79,0.0,0.0,0.0,7.39,N,N,N,N,N,150.0,140.0,10.0,444.0,6,Wednesday,Old Astoria,Queens,Astoria,Queens,-73.92833280320959,40.77156956195687,-73.91969416440043,40.761491926149866,3.073,9.13,8.89,0.24,1.5000000000000009,0.16429353778751377,0.41428571428571426,1.2842857142857143,0.11276028571428572,0.25685714285714284,0.36961742857142854,7.020382571428571,56.922020849420846,2024-01
HV0003,B03404,B03404,2024-01-16 01:44:06,2024-01-16 01:47:20,2024-01-16 01:47:50,2024-01-16 01:58:37,82,157,2.42,647,11.61,0.0,0.32,1.03,0.0,0.0,0.0,10.51,N,N,N,N,N,224.0,194.0,30.0,871.0,1,Tuesday,Elmhurst,Queens,Maspeth,Queens,-73.8771182418676,40.73949455225884,-73.9023306735786,40.72399415934883,3.073,11.93,11.61,0.32,1.0999999999999996,0.09220452640402345,0.7256259659969089,3.145625965996909,0.2761859598145286,0.6291251931993819,0.9053111530139104,9.60468884698609,39.697910274569374,2024-01
HV0003,B03404,B03404,2024-01-30 10:55:00,2024-01-30 10:36:55,2024-01-30 10:38:13,2024-01-30 11:17:36,258,37,6.22,2363,28.66,0.0,0.79,2.54,0.0,0.0,0.0,30.38,N,N,N,N,N,-1007.0,-1085.0,78.0,1356.0,10,Tuesday,Woodhaven,Queens,Bushwick South,Brooklyn,-73.85576684520184,40.68872054521105,-73.9222368522579,40.694993402702586,3.073,29.45,28.66,0.79,-1.7199999999999989,-0.05840407470288621,-2.8559881506559455,3.3640118493440543,0.295360240372408,0.6728023698688109,0.9681626102412189,29.41183738975878,78.08452404360739,2024-01
HV0003,B03404,B03404,2024-01-28 00:25:09,2024-01-28 00:27:40,2024-01-28 00:28:40,2024-01-28 00:42:25,148,249,1.62,825,26.86,0.0,0.74,2.38,2.75,0.0,0.0,22.96,N,N,N,N,N,211.0,151.0,60.0,1036.0,0,Sunday,Lower East Side,Manhattan,West Village,Manhattan,-73.99089618330311,40.71893779448139,-74.00287478437944,40.73457538224023,3.073,30.349999999999998,26.86,3.49,3.8999999999999986,0.12850082372322896,0.29650909090909094,1.916509090909091,0.1682694981818182,0.3833018181818182,0.5515713163636364,22.408428683636366,77.8671266998947,2024-01
HV0003,B03404,B03404,2024-01-03 19:00:03,2024-01-03 19:06:15,2024-01-03 19:07:06,2024-01-03 19:26:23,134,82,5.92,1157,22.33,0.0,0.61,1.98,0.0,0.0,0.0,18.65,N,N,N,N,N,423.0,372.0,51.0,1580.0,19,Wednesday,Kew Gardens,Queens,Elmhurst,Queens,-73.82871255016717,40.70805026272772,-73.8771182418676,40.73949455225884,3.073,22.939999999999998,22.33,0.61,3.6799999999999997,0.16041848299912817,1.9034053586862576,7.823405358686258,0.6868949904926535,1.5646810717372517,2.2515760622299053,16.398423937770094,37.36349757972933,2024-01
HV0003,B03404,B03404,2024-01-19 11:57:55,2024-01-19 11:59:27,2024-01-19 11:59:42,2024-01-19 12:08:06,14,14,0.86,504,7.83,0.0,0.22,0.69,0.0,0.0,1.0,6.87,N,N,N,N,N,107.0,92.0,15.0,611.0,11,Friday,Bay Ridge,Brooklyn,Bay Ridge,Brooklyn,-74.02989257930119,40.62483341741767,-74.02989257930119,40.62483341741767,3.073,9.05,7.83,0.22,1.96,0.21657458563535908,0.15698412698412698,1.0169841269841269,0.08929120634920634,0.20339682539682538,0.29268803174603175,6.5773119682539685,38.75339293897592,2024-01
HV0003,B03404,B03404,2024-01-20 19:04:55,2024-01-20 19:08:50,2024-01-20 19:11:22,2024-01-20 19:33:30,107,231,5.79,1328,47.68,0.0,1.31,4.23,2.75,0.0,8.39,31.06,N,N,N,N,N,387.0,235.0,152.0,1715.0,19,Saturday,Gramercy,Manhattan,TriBeCa/Civic Center,Manhattan,-73.98405192785955,40.73682342425488,-74.00787947243188,40.717772159208046,3.073,60.13,47.68,4.0600000000000005,25.01,0.41593214701480125,1.024585843373494,6.814585843373494,0.5983206370481927,1.3629171686746988,1.9612378057228916,29.098762194277107,61.081949795567105,2024-01
HV0003,B03404,B03404,2024-01-07 06:50:29,2024-01-07 06:59:03,2024-01-07 06:59:07,2024-01-07 07:07:30,71,188,1.92,503,13.92,0.0,0.38,1.24,0.0,0.0,0.0,13.93,Y,N,N,N,N,518.0,514.0,4.0,1021.0,6,Sunday,East Flatbush/Farragut,Brooklyn,Prospect-Lefferts Gardens,Brooklyn,-73.93796628102253,40.64428722355921,-73.94744189565975,40.65874424163321,3.073,14.3,13.92,0.38,-0.009999999999999787,-0.0006993006993006843,1.9619880715705764,3.8819880715705763,0.34083855268389657,0.7763976143141154,1.117236166998012,12.812763833001988,45.17722801058488,2024-01
HV0003,B03404,B03404,2024-01-25 17:19:41,2024-01-25 17:22:46,2024-01-25 17:23:17,2024-01-25 18:20:04,80,215,9.92,3407,60.08,0.0,1.65,5.33,0.0,0.0,0.0,45.05,N,N,N,N,N,216.0,185.0,31.0,3623.0,17,Thursday,East Williamsburg,Brooklyn,South Jamaica,Queens,-73.93679348509205,40.71536904490185,-73.79096502686893,40.69442676074992,3.073,61.73,60.08,1.65,15.030000000000001,0.2434796695285923,0.538655708834752,10.458655708834751,0.9182699712356911,2.0917311417669504,3.0100011130026414,42.03999888699735,41.77311509610556,2024-01
HV0003,B03404,B03404,2024-01-12 04:56:34,2024-01-12 04:58:50,2024-01-12 05:00:50,2024-01-12 05:11:38,235,174,4.96,648,15.27,0.0,0.42,1.36,0.0,0.0,0.0,12.61,N,N,N,N,N,256.0,136.0,120.0,904.0,5,Friday,University Heights/Morris Heights,Bronx,Norwood,Bronx,-73.91597563385105,40.85252046623772,-73.87902205824633,40.87713685159281,3.073,15.69,15.27,0.42,2.66,0.1695347355003187,1.0409876543209875,6.000987654320987,0.5268867160493826,1.2001975308641974,1.72708424691358,10.882915753086419,43.33904503441494,2024-01
HV0003,B03404,B03404,2024-01-05 22:41:03,2024-01-05 22:41:44,2024-01-05 22:43:44,2024-01-05 22:54:41,113,246,1.8,657,14.63,0.0,0.4,1.3,2.75,0.0,0.0,10.07,N,N,N,N,N,161.0,41.0,120.0,818.0,22,Friday,Greenwich Village North,Manhattan,West Chelsea/Hudson Yards,Manhattan,-73.99430449266352,40.73257849687629,-74.00401522931482,40.75330822391948,3.073,17.78,14.63,3.15,4.5600000000000005,0.2564679415073116,0.11232876712328767,1.9123287671232878,0.16790246575342466,0.3824657534246576,0.5503682191780823,9.519631780821918,41.89568998894732,2024-01
HV0003,B03404,B03404,2024-01-11 08:33:18,2024-01-11 08:37:44,2024-01-11 08:38:07,2024-01-11 08:44:19,258,258,1.16,372,9.25,0.0,0.25,0.82,0.0,0.0,0.0,5.4,N,N,N,N,N,289.0,266.0,23.0,661.0,8,Thursday,Woodhaven,Queens,Woodhaven,Queens,-73.85576684520184,40.68872054521105,-73.85576684520184,40.68872054521105,3.073,9.5,9.25,0.25,3.8499999999999996,0.4052631578947368,0.8294623655913979,1.9894623655913977,0.17467479569892472,0.3978924731182796,0.5725672688172043,4.827432731182796,26.291615479966815,2024-01
HV0003,B03404,B03404,2024-01-29 16:09:46,2024-01-29 16:13:42,2024-01-29 16:13:51,2024-01-29 16:29:12,26,67,1.33,921,13.39,0.0,0.37,1.19,0.0,0.0,0.0,10.41,N,N,N,N,N,245.0,236.0,9.0,1166.0,16,Monday,Borough Park,Brooklyn,Dyker Heights,Brooklyn,-73.9886606263467,40.63094893241426,-74.0138023583928,40.61961871573094,3.073,13.76,13.39,0.37,2.9800000000000004,0.2165697674418605,0.34080347448425624,1.6708034744842564,0.14669654505971771,0.3341606948968513,0.48085723995656904,9.929142760043431,30.65601538263838,2024-01
HV0003,B03404,B03404,2024-01-29 00:34:08,2024-01-29 00:35:55,2024-01-29 00:36:14,2024-01-29 00:51:47,61,37,2.68,933,13.41,0.0,0.37,1.19,0.0,0.0,0.0,12.29,N,N,N,N,N,126.0,107.0,19.0,1059.0,0,Monday,Crown Heights North,Brooklyn,Bushwick South,Brooklyn,-73.93928693646026,40.67446920571126,-73.9222368522579,40.694993402702586,3.073,13.78,13.41,0.37,1.120000000000001,0.08127721335268513,0.30735262593783497,2.9873526259378353,0.2622895605573419,0.597470525187567,0.859760085744909,11.43023991425509,38.85633965185866,2024-01
HV0003,B03404,B03404,2024-01-21 09:29:45,2024-01-21 09:30:48,2024-01-21 09:38:24,2024-01-21 09:50:45,230,68,1.99,741,26.16,0.0,0.72,2.32,2.75,0.0,6.22,17.1,N,N,N,N,N,519.0,63.0,456.0,1260.0,9,Sunday,Times Sq/Theatre District,Manhattan,East Chelsea,Manhattan,-73.98419629996178,40.7598170009371,-73.99991751678058,40.748426777755405,3.073,35.85,26.16,3.4699999999999998,15.280000000000001,0.4262203626220363,0.16919028340080972,2.1591902834008097,0.18957690688259107,0.43183805668016195,0.621414963562753,16.47858503643725,47.08167153267786,2024-01
HV0003,B03404,B03404,2024-01-18 07:37:21,2024-01-18 07:46:45,2024-01-18 07:47:00,2024-01-18 07:55:20,20,47,1.27,500,15.18,0.0,0.42,1.35,0.0,0.0,0.0,9.12,N,N,N,N,N,579.0,564.0,15.0,1079.0,7,Thursday,Belmont,Bronx,Claremont/Bathgate,Bronx,-73.88586731138831,40.857778885275984,-73.90031679211252,40.84274782905238,3.073,15.6,15.18,0.42,6.0600000000000005,0.3884615384615385,1.4325599999999998,2.70256,0.237284768,0.540512,0.777796768,8.342203232,27.83311550991659,2024-01
HV0003,B03404,B03404,2024-01-19 04:21:07,2024-01-19 04:24:02,2024-01-19 04:24:02,2024-01-19 04:39:13,255,198,3.8,911,15.99,0.0,0.44,1.42,0.0,0.0,4.0,13.55,Y,N,N,N,N,175.0,175.0,0.0,1086.0,4,Friday,Williamsburg (North Side),Brooklyn,Ridgewood,Queens,-73.95741799903575,40.71880332024791,-73.90170912961153,40.706526169337856,3.073,20.43,15.99,0.44,6.440000000000001,0.3152227116984827,0.7299670691547749,4.529967069154774,0.3977311086717892,0.9059934138309549,1.303724522502744,12.246275477497257,40.59538832319532,2024-01
HV0003,B03404,B03404,2024-01-12 20:08:39,2024-01-12 20:10:05,2024-01-12 20:11:07,2024-01-12 20:20:57,42,116,1.45,590,10.7,0.0,0.29,0.95,0.0,0.0,0.0,7.45,N,N,N,N,N,148.0,86.0,62.0,738.0,20,Friday,Central Harlem North,Manhattan,Hamilton Heights,Manhattan,-73.9407718835631,40.81825672430646,-73.94852161825773,40.82701211556071,3.073,10.989999999999998,10.7,0.29,3.249999999999999,0.2957233848953594,0.21135593220338983,1.6613559322033897,0.14586705084745763,0.332271186440678,0.47813823728813565,6.971861762711865,34.00908176932617,2024-01
HV0003,B03404,B03404,2024-01-22 18:57:07,2024-01-22 18:59:55,2024-01-22 19:00:12,2024-01-22 19:20:44,112,37,3.08,1232,14.56,0.0,0.4,1.29,0.0,0.0,0.0,15.63,N,N,N,N,N,185.0,168.0,17.0,1417.0,19,Monday,Greenpoint,Brooklyn,Bushwick South,Brooklyn,-73.94953985600077,40.72950555799535,-73.9222368522579,40.694993402702586,3.073,14.96,14.56,0.4,-1.0700000000000003,-0.071524064171123,0.42,3.5,0.3073,0.7000000000000001,1.0073,14.6227,37.150119971771346,2024-01
HV0003,B03404,B03404,2024-01-08 23:09:54,2024-01-08 23:10:36,2024-01-08 23:12:38,2024-01-08 23:34:46,146,171,7.5,1328,25.52,0.0,0.7,2.26,0.0,0.0,0.0,23.35,N,N,N,N,N,164.0,42.0,122.0,1492.0,23,Monday,Long Island City/Queens Plaza,Queens,Murray Hill-Queens,Queens,-73.93482872612303,40.754241860637634,-73.80954545137605,40.768350879648686,3.073,26.22,25.52,0.7,2.169999999999998,0.08276125095347056,0.23719879518072287,7.737198795180723,0.6793260542168675,1.5474397590361448,2.2267658132530124,21.123234186746988,50.96758919054233,2024-01
HV0003,B03404,B03404,2024-01-27 13:30:29,2024-01-27 13:33:54,2024-01-27 13:35:06,2024-01-27 13:57:31,72,155,3.97,1345,17.79,0.0,0.49,1.58,0.0,0.0,0.0,17.86,N,N,N,N,N,277.0,205.0,72.0,1622.0,13,Saturday,East Flatbush/Remsen Village,Brooklyn,Marine Park/Mill Basin,Brooklyn,-73.92225109435532,40.65236395430748,-73.91527748073477,40.614590889869376,3.073,18.279999999999998,17.79,0.49,-0.07000000000000028,-0.0038293216630197096,0.6050929368029739,4.5750929368029745,0.4016931598513011,0.9150185873605949,1.316711747211896,16.543288252788102,36.7175324969403,2024-01
HV0003,B03404,B03404,2024-01-29 20:41:06,2024-01-29 20:42:19,2024-01-29 20:44:18,2024-01-29 20:56:16,231,211,1.2,718,12.85,0.0,0.35,1.14,2.75,0.0,3.0,8.33,N,N,N,N,N,192.0,73.0,119.0,910.0,20,Monday,TriBeCa/Civic Center,Manhattan,SoHo,Manhattan,-74.00787947243188,40.717772159208046,-74.00153738622468,40.72388757677251,3.073,18.95,12.85,3.1,7.52,0.39683377308707124,0.12200557103064066,1.3220055710306406,0.11607208913649025,0.26440111420612816,0.3804732033426184,7.9495267966573815,31.448677437325905,2024-01
HV0003,B03404,B03404,2024-01-31 12:17:52,2024-01-31 12:23:12,2024-01-31 12:24:15,2024-01-31 13:10:21,162,183,12.85,2766,48.76,0.0,1.34,4.33,2.75,0.0,5.71,43.88,N,N,N,N,N,383.0,320.0,63.0,3149.0,12,Wednesday,Midtown East,Manhattan,Pelham Bay,Bronx,-73.97235591714862,40.756686941672,-73.8315818648629,40.84917189594048,3.073,58.56,48.76,4.09,10.589999999999996,0.18084016393442615,1.4866232827187273,14.336623282718726,1.2587555242227042,2.8673246565437456,4.12608018076645,39.75391981923355,45.44747899309012,2024-01
HV0003,B03404,B03404,2024-01-26 07:56:28,2024-01-26 07:57:36,2024-01-26 07:57:48,2024-01-26 08:08:50,146,202,1.73,662,13.42,0.0,0.37,1.19,0.0,0.0,0.0,8.49,N,N,N,N,N,80.0,68.0,12.0,742.0,7,Friday,Long Island City/Queens Plaza,Queens,Roosevelt Island,Manhattan,-73.93482872612303,40.754241860637634,-73.94995250901245,40.76189870638557,3.073,13.79,13.42,0.37,4.93,0.3575054387237128,0.17770392749244715,1.9077039274924472,0.16749640483383688,0.38154078549848947,0.5490371903323263,7.940962809667674,38.52758236496446,2024-01
HV0003,B03404,B03404,2024-01-06 12:31:32,2024-01-06 12:35:33,2024-01-06 12:35:37,2024-01-06 13:08:56,17,155,6.91,1999,31.28,0.0,0.86,2.78,0.0,0.0,0.0,28.21,N,N,N,N,N,245.0,241.0,4.0,2244.0,12,Saturday,Bedford,Brooklyn,Marine Park/Mill Basin,Brooklyn,-73.94990474718477,40.69150649558427,-73.91527748073477,40.614590889869376,3.073,32.14,31.28,0.86,3.0700000000000003,0.09551960174237711,0.833071535767884,7.743071535767884,0.6798416808404202,1.548614307153577,2.228455987993997,25.981544012006005,41.681621409635305,2024-01
HV0003,B03404,B03404,2024-01-02 16:50:23,2024-01-02 16:56:37,2024-01-02 16:57:37,2024-01-02 17:05:27,23,23,2.69,470,12.46,0.0,0.34,1.11,0.0,0.0,3.0,7.95,N,N,N,N,N,434.0,374.0,60.0,904.0,16,Tuesday,Bloomfield/Emerson Hill,Staten Island,Bloomfield/Emerson Hill,Staten Island,-74.17088529675294,40.60644812566737,-74.17088529675294,40.60644812566737,3.073,15.8,12.46,0.34,7.510000000000001,0.47531645569620257,2.140553191489362,4.830553191489361,0.4241225702127659,0.9661106382978724,1.3902332085106384,6.559766791489362,26.12296509885144,2024-01
HV0003,B03404,B03404,2024-01-21 01:58:58,2024-01-21 02:00:32,2024-01-21 02:00:49,2024-01-21 02:09:04,134,95,1.98,495,14.04,0.0,0.39,1.25,0.0,0.0,0.0,7.25,N,N,N,N,N,111.0,94.0,17.0,606.0,2,Sunday,Kew Gardens,Queens,Forest Hills,Queens,-73.82871255016717,40.70805026272772,-73.84766918479201,40.72143087062858,3.073,14.43,14.04,0.39,6.789999999999999,0.4705474705474705,0.376,2.356,0.2068568,0.4712,0.6780568,6.5719432,39.041246732673265,2024-01
HV0003,B03404,B03404,2024-01-05 05:23:39,2024-01-05 05:25:44,2024-01-05 05:25:49,2024-01-05 05:39:54,92,7,6.29,845,20.53,0.0,0.56,1.82,0.0,0.0,0.0,16.21,N,N,N,N,N,130.0,125.0,5.0,975.0,5,Friday,Flushing,Queens,Astoria,Queens,-73.8288586430752,40.76110071120437,-73.91969416440043,40.761491926149866,3.073,21.09,20.53,0.56,4.32,0.20483641536273117,0.9304733727810651,7.220473372781065,0.6339575621301775,1.444094674556213,2.0780522366863905,14.13194776331361,52.17949943377333,2024-01
HV0003,B03404,B03404,2024-01-23 22:51:50,2024-01-23 22:54:40,2024-01-23 22:55:33,2024-01-23 23:10:15,248,174,4.37,882,16.09,0.0,0.44,1.43,0.0,0.0,0.0,14.03,N,N,N,N,N,223.0,170.0,53.0,1105.0,22,Tuesday,West Farms/Bronx River,Bronx,Norwood,Bronx,-73.87228952703794,40.83416474537906,-73.87902205824633,40.87713685159281,3.073,16.53,16.09,0.44,2.0600000000000005,0.12462189957652754,0.8422902494331066,5.2122902494331065,0.45763908390022673,1.0424580498866214,1.500097133786848,12.52990286621315,40.821403003047365,2024-01
HV0003,B03404,B03404,2024-01-15 00:28:06,2024-01-15 00:37:03,2024-01-15 00:37:19,2024-01-15 00:52:16,114,170,2.82,897,32.41,0.0,0.89,2.88,2.75,0.0,0.0,16.29,N,N,N,N,N,553.0,537.0,16.0,1450.0,0,Monday,Greenwich Village South,Manhattan,Murray Hill,Manhattan,-73.99737994674842,40.72833985411046,-73.97849134130094,40.74774513853527,3.073,36.05,32.41,3.64,16.119999999999997,0.4471567267683772,1.688227424749164,4.508227424749164,0.3958223678929766,0.9016454849498328,1.2974678528428094,14.99253214715719,37.2228384343213,2024-01
HV0003,B03404,B03404,2024-01-07 14:57:52,2024-01-07 15:01:42,2024-01-07 15:02:01,2024-01-07 15:16:52,140,170,2.42,891,15.03,0.0,0.41,1.33,0.75,0.0,0.0,11.56,Y,N,N,N,N,249.0,230.0,19.0,1140.0,15,Sunday,Lenox Hill East,Manhattan,Murray Hill,Manhattan,-73.9547388423982,40.76548333944988,-73.97849134130094,40.74774513853527,3.073,16.189999999999998,15.03,1.16,3.469999999999999,0.2143298332303891,0.6246913580246913,3.044691358024691,0.2673239012345679,0.6089382716049383,0.8762621728395061,10.683737827160494,33.738119454191036,2024-01
HV0003,B03404,B03404,2024-01-26 18:54:16,2024-01-26 18:57:06,2024-01-26 18:57:23,2024-01-26 19:08:48,129,260,1.43,685,12.5,0.0,0.34,1.11,0.0,0.0,0.0,8.32,N,N,N,N,N,187.0,170.0,17.0,872.0,18,Friday,Jackson Heights,Queens,Woodside,Queens,-73.88531716686686,40.7573109858269,-73.90630705433507,40.74423288564698,3.073,12.84,12.5,0.34,4.18,0.32554517133956384,0.3548905109489051,1.784890510948905,0.15671338686131386,0.35697810218978104,0.5136914890510949,7.806308510948906,32.22787917364227,2024-01
HV0003,B03404,B03404,2024-01-21 14:18:34,2024-01-21 14:22:40,2024-01-21 14:23:34,2024-01-21 14:40:39,35,61,3.1,1025,13.85,0.0,0.38,1.23,0.0,0.0,0.0,13.7,N,N,N,N,N,300.0,246.0,54.0,1325.0,14,Sunday,Brownsville,Brooklyn,Crown Heights North,Brooklyn,-73.91025783392547,40.66400239681814,-73.93928693646026,40.67446920571126,3.073,14.23,13.85,0.38,0.15000000000000036,0.010541110330288149,0.744,3.8440000000000003,0.33750320000000006,0.7688000000000001,1.1063032000000002,12.5936968,34.21683658867924,2024-01
HV0003,B03404,B03404,2024-01-23 07:01:33,2024-01-23 07:02:55,2024-01-23 07:03:21,2024-01-23 07:16:19,107,186,1.62,778,15.45,0.0,0.42,1.37,2.75,0.0,0.0,9.45,N,N,N,N,N,108.0,82.0,26.0,886.0,7,Tuesday,Gramercy,Manhattan,Penn Station/Madison Sq West,Manhattan,-73.98405192785955,40.73682342425488,-73.99243728054387,40.7484965983886,3.073,18.619999999999997,15.45,3.17,6.0,0.322234156820623,0.17074550128534705,1.7907455012853473,0.15722745501285348,0.3581491002570695,0.515376555269923,8.934623444730077,36.303210384907764,2024-01
HV0003,B03404,B03404,2024-01-09 20:55:45,2024-01-09 20:57:02,2024-01-09 20:57:23,2024-01-09 21:06:52,196,157,2.63,569,15.19,0.0,0.42,1.35,0.0,0.0,0.0,8.81,N,N,N,N,N,98.0,77.0,21.0,667.0,20,Tuesday,Rego Park,Queens,Maspeth,Queens,-73.86333842618821,40.72615456414307,-73.9023306735786,40.72399415934883,3.073,15.61,15.19,0.42,6.379999999999999,0.4087123638693145,0.3559050966608084,2.985905096660808,0.26216246748681893,0.5971810193321616,0.8593434868189805,7.95065651318102,42.9120891266142,2024-01
HV0003,B03404,B03404,2024-01-14 07:55:39,2024-01-14 07:59:07,2024-01-14 07:59:30,2024-01-14 08:12:33,224,68,2.27,783,13.18,0.0,0.36,1.17,0.75,0.0,0.0,10.34,Y,N,N,N,N,231.0,208.0,23.0,1014.0,7,Sunday,Stuy Town/Peter Cooper Village,Manhattan,East Chelsea,Manhattan,-73.97659739896895,40.73182002928329,-73.99991751678058,40.748426777755405,3.073,14.29,13.18,1.1099999999999999,2.84,0.198740377886634,0.6030140485312899,2.87301404853129,0.25225063346104726,0.574602809706258,0.8268534431673052,9.513146556832695,33.77448481715749,2024-01
HV0003,B03404,B03404,2024-01-11 12:45:57,2024-01-11 12:47:54,2024-01-11 12:48:17,2024-01-11 13:10:51,152,233,7.28,1354,33.35,0.0,0.92,2.96,2.75,0.0,5.99,22.3,N,N,N,N,N,140.0,117.0,23.0,1494.0,12,Thursday,Manhattanville,Manhattan,UN/Turtle Bay South,Manhattan,-73.95378198907079,40.81797460055961,-73.9704423734757,40.74991338603123,3.073,43.010000000000005,33.35,3.67,17.040000000000003,0.39618693327133225,0.6290694239290989,7.9090694239290995,0.6944162954209749,1.58181388478582,2.2762301802067952,20.023769819793205,48.250047758537846,2024-01
HV0003,B03404,B03404,2024-01-09 23:02:14,2024-01-09 23:10:12,2024-01-09 23:10:59,2024-01-09 23:26:59,234,262,3.87,960,26.12,0.0,0.72,2.32,2.75,0.0,0.0,14.11,N,N,N,N,N,525.0,478.0,47.0,1485.0,23,Tuesday,Union Sq,Manhattan,Yorkville East,Manhattan,-73.99045767416112,40.74033681887629,-73.94651027083967,40.77593169638859,3.073,29.59,26.12,3.4699999999999998,12.010000000000002,0.40588036498817176,1.9269375000000002,5.7969375,0.5089711124999999,1.1593875,1.6683586125,12.441641387499999,30.16155487878788,2024-01
HV0003,B03404,B03404,2024-01-19 05:23:12,2024-01-19 05:28:42,2024-01-19 05:31:04,2024-01-19 05:42:40,79,148,1.98,696,18.01,0.0,0.5,1.6,2.75,0.0,0.0,9.15,N,N,N,N,N,472.0,330.0,142.0,1168.0,5,Friday,East Village,Manhattan,Lower East Side,Manhattan,-73.98593725800136,40.72761958691338,-73.99089618330311,40.71893779448139,3.073,21.26,18.01,3.25,8.860000000000001,0.4167450611476952,0.9387931034482758,2.9187931034482757,0.2562700344827586,0.5837586206896551,0.8400286551724137,8.309971344827586,25.612925377893248,2024-01
HV0003,B03404,B03404,2024-01-14 11:42:48,2024-01-14 11:45:39,2024-01-14 11:47:16,2024-01-14 11:57:29,168,169,4.3,613,17.9,0.0,0.49,1.59,0.0,0.0,0.0,11.41,N,N,N,N,N,268.0,171.0,97.0,881.0,11,Sunday,Mott Haven/Port Morris,Bronx,Mount Hope,Bronx,-73.91682135545611,40.80734651795231,-73.90512230176171,40.849057751559215,3.073,18.389999999999997,17.9,0.49,6.489999999999998,0.3529091897770527,1.199510603588907,5.499510603588907,0.482857030995106,1.0999021207177815,1.5827591517128874,9.827240848287113,40.156716292660164,2024-01
HV0003,B03404,B03404,2024-01-27 11:24:11,2024-01-27 11:25:54,2024-01-27 11:25:54,2024-01-27 11:33:49,263,141,1.47,475,8.48,0.0,0.23,0.75,2.75,0.0,0.0,6.4,N,N,N,N,N,103.0,103.0,0.0,578.0,11,Saturday,Yorkville West,Manhattan,Lenox Hill West,Manhattan,-73.95100985225696,40.77876514921805,-73.95963478688095,40.76694745582751,3.073,11.46,8.48,2.98,2.08,0.18150087260034903,0.3187578947368421,1.788757894736842,0.15705294315789473,0.3577515789473684,0.5148045221052632,5.8851954778947375,36.655196748133314,2024-01
HV0003,B03404,B03404,2024-01-19 19:11:27,2024-01-19 19:15:18,2024-01-19 19:17:19,2024-01-19 19:21:40,67,14,0.94,261,9.95,0.0,0.27,0.88,0.0,0.0,0.0,5.52,N,N,N,N,N,352.0,231.0,121.0,613.0,19,Friday,Dyker Heights,Brooklyn,Bay Ridge,Brooklyn,-74.0138023583928,40.61961871573094,-74.02989257930119,40.62483341741767,3.073,10.219999999999999,9.95,0.27,4.43,0.4334637964774951,0.8319540229885057,1.7719540229885058,0.1555775632183908,0.35439080459770117,0.509968367816092,5.010031632183908,29.42269800303763,2024-01
HV0003,B03404,B03404,2024-01-11 08:05:53,2024-01-11 08:08:16,2024-01-11 08:08:29,2024-01-11 08:11:49,193,146,0.57,200,8.93,0.0,0.25,0.79,0.0,0.0,0.0,5.39,N,N,N,N,N,156.0,143.0,13.0,356.0,8,Thursday,Queensbridge/Ravenswood,Queens,Long Island City/Queens Plaza,Queens,-73.94199714485673,40.76031280805392,-73.93482872612303,40.754241860637634,3.073,9.18,8.93,0.25,3.54,0.38562091503267976,0.40754999999999997,0.9775499999999999,0.08582888999999999,0.19551,0.28133889,5.10866111,51.660617966292136,2024-01
HV0003,B03404,B03404,2024-01-10 08:24:04,2024-01-10 08:26:15,2024-01-10 08:28:15,2024-01-10 08:55:17,170,163,2.41,1622,24.55,0.0,0.68,2.18,2.75,0.0,0.0,18.41,N,N,N,N,N,251.0,131.0,120.0,1873.0,8,Wednesday,Murray Hill,Manhattan,Midtown North,Manhattan,-73.97849134130094,40.74774513853527,-73.97756832086549,40.764420870266285,3.073,27.98,24.55,3.43,6.140000000000001,0.21944245889921374,0.19464241676942048,2.6046424167694204,0.22868760419235512,0.5209284833538841,0.7496160875462392,17.66038391245376,33.944144199056886,2024-01
HV0003,B03404,B03404,2024-01-12 22:06:50,2024-01-12 22:07:34,2024-01-12 22:07:49,2024-01-12 22:14:01,227,227,0.89,372,9.83,0.0,0.27,0.87,0.0,0.0,0.0,6.4,N,N,N,N,N,59.0,44.0,15.0,431.0,22,Friday,Sunset Park East,Brooklyn,Sunset Park East,Brooklyn,-74.0046526133707,40.64188580330356,-74.0046526133707,40.64188580330356,3.073,10.1,9.83,0.27,3.4299999999999997,0.3396039603960396,0.10526881720430108,0.995268817204301,0.08738460215053763,0.19905376344086023,0.28643836559139785,6.113561634408603,51.064551934735434,2024-01
HV0003,B03404,B03404,2024-01-31 17:40:33,2024-01-31 17:40:41,2024-01-31 17:41:44,2024-01-31 17:55:45,43,100,1.67,841,32.56,0.0,0.9,2.89,2.75,0.0,0.0,17.48,N,N,N,N,N,71.0,8.0,63.0,912.0,17,Wednesday,Central Park,Manhattan,Garment District,Manhattan,-73.96555517265493,40.78247645954525,-73.98878634685092,40.75351217038599,3.073,36.21,32.56,3.65,15.080000000000002,0.41645954156310416,0.015885850178359095,1.6858858501783591,0.14802077764565993,0.3371771700356718,0.48519794768133173,16.99480205231867,67.08474494336316,2024-01
HV0003,B03404,B03404,2024-01-28 11:05:34,2024-01-28 11:09:01,2024-01-28 11:10:15,2024-01-28 11:25:17,3,213,5.57,902,20.59,0.0,0.57,1.83,0.0,0.0,0.0,15.8,N,N,N,N,N,281.0,207.0,74.0,1183.0,11,Sunday,Allerton/Pelham Gardens,Bronx,Soundview/Castle Hill,Bronx,-73.84742177366226,40.864473188810734,-73.85813492907864,40.81785812742239,3.073,21.16,20.59,0.57,4.789999999999999,0.2263705103969754,1.278259423503326,6.848259423503326,0.601277177383592,1.3696518847006653,1.9709290620842572,13.829070937915743,42.08339423203438,2024-01
HV0003,B03404,B03404,2024-01-09 11:06:09,2024-01-09 11:07:51,2024-01-09 11:08:33,2024-01-09 11:39:21,233,92,11.12,1848,37.95,6.94,1.23,3.98,2.75,0.0,0.0,33.23,N,N,N,N,N,144.0,102.0,42.0,1992.0,11,Tuesday,UN/Turtle Bay South,Manhattan,Flushing,Queens,-73.9704423734757,40.74991338603123,-73.8288586430752,40.76110071120437,3.073,48.87,37.95,10.92,4.720000000000006,0.09658277061591991,0.6137662337662337,11.733766233766232,1.030224675324675,2.3467532467532464,3.3769779220779217,29.853022077922077,53.951244719136284,2024-01
HV0003,B03404,B03404,2024-01-18 11:39:19,2024-01-18 11:42:12,2024-01-18 11:43:47,2024-01-18 11:48:21,221,221,0.87,274,8.92,0.0,0.25,0.79,0.0,0.0,0.0,5.4,N,N,N,N,N,268.0,173.0,95.0,542.0,11,Thursday,Stapleton,Staten Island,Stapleton,Staten Island,-74.07370346784535,40.61876794148682,-74.07370346784535,40.61876794148682,3.073,9.17,8.92,0.25,3.5199999999999996,0.3838604143947655,0.5493065693430657,1.4193065693430658,0.12461511678832117,0.2838613138686132,0.40847643065693434,4.991523569343066,33.154031087887525,2024-01
HV0003,B03404,B03404,2024-01-20 22:27:26,2024-01-20 22:29:07,2024-01-20 22:32:31,2024-01-20 23:04:36,90,25,5.4,1925,49.42,0.0,1.36,4.39,2.75,0.0,0.0,38.03,N,N,N,N,N,305.0,101.0,204.0,2230.0,22,Saturday,Flatiron,Manhattan,Boerum Hill,Brooklyn,-73.9969712245153,40.742278038328486,-73.98611365960022,40.685633257491546,3.073,53.53,49.42,4.11,11.39,0.21277788156174107,0.28332467532467537,5.683324675324676,0.49899590649350656,1.1366649350649352,1.6356608415584417,36.39433915844156,58.7531932602644,2024-01
HV0003,B03404,B03404,2024-01-20 20:47:36,2024-01-20 20:48:24,2024-01-20 20:49:18,2024-01-20 21:13:12,174,174,4.87,1434,25.5,0.0,0.7,2.26,0.0,0.0,0.0,19.88,N,N,N,N,N,102.0,48.0,54.0,1536.0,20,Saturday,Norwood,Bronx,Norwood,Bronx,-73.87902205824633,40.87713685159281,-73.87902205824633,40.87713685159281,3.073,26.2,25.5,0.7,5.620000000000001,0.2145038167938932,0.16301255230125522,5.033012552301256,0.4418985020920503,1.0066025104602512,1.4485010125523015,18.431498987447696,43.19882575183053,2024-01
HV0003,B03404,B03404,2024-01-14 13:30:26,2024-01-14 13:32:40,2024-01-14 13:32:59,2024-01-14 13:54:06,141,114,3.91,1267,27.58,0.0,0.76,2.45,2.75,0.0,0.0,17.05,N,N,N,N,N,153.0,134.0,19.0,1420.0,13,Sunday,Lenox Hill West,Manhattan,Greenwich Village South,Manhattan,-73.95963478688095,40.76694745582751,-73.99737994674842,40.72833985411046,3.073,31.09,27.58,3.51,10.529999999999998,0.3386941138629784,0.4135280189423836,4.323528018942384,0.37960576006314134,0.8647056037884768,1.2443113638516181,15.805688636148382,40.070759922629705,2024-01
HV0003,B03404,B03404,2024-01-15 15:53:50,2024-01-15 15:55:54,2024-01-15 15:57:55,2024-01-15 16:43:52,178,68,10.84,2757,35.26,6.94,1.16,3.75,2.75,0.0,0.0,40.16,N,N,N,N,N,245.0,124.0,121.0,3002.0,15,Monday,Ocean Parkway South,Brooklyn,East Chelsea,Manhattan,-73.9703257591723,40.61731435955054,-73.99991751678058,40.748426777755405,3.073,46.10999999999999,35.26,10.85,-4.899999999999999,-0.10626762090652786,0.48754443235400796,11.327544432354008,0.994558401160682,2.2655088864708017,3.260067287631484,36.89993271236851,44.25041897552519,2024-01
HV0003,B03404,B03404,2024-01-05 01:04:07,2024-01-05 01:05:57,2024-01-05 01:06:08,2024-01-05 01:12:16,131,205,1.73,368,8.95,0.0,0.25,0.79,0.0,0.0,0.0,6.34,N,N,N,N,N,121.0,110.0,11.0,489.0,1,Friday,Jamaica Estates,Queens,Saint Albans,Queens,-73.77610132903203,40.72065468341462,-73.76314638043442,40.69120002152517,3.073,9.2,8.95,0.25,2.6099999999999994,0.283695652173913,0.5171195652173913,2.247119565217391,0.19729709782608695,0.4494239130434783,0.6467210108695652,5.693278989130435,41.913710349426516,2024-01
HV0003,B03404,B03404,2024-01-10 23:19:32,2024-01-10 23:22:07,2024-01-10 23:22:48,2024-01-10 23:36:51,223,244,6.85,843,21.67,6.94,0.79,2.54,0.0,0.0,0.0,16.92,N,N,N,N,N,196.0,155.0,41.0,1039.0,23,Wednesday,Steinway,Queens,Washington Heights South,Manhattan,-73.90540723993595,40.77742599740797,-73.9413990935137,40.84170795917971,3.073,29.400000000000002,21.67,7.73,4.75,0.16156462585034012,1.2594899169632265,8.109489916963227,0.7120132147093713,1.6218979833926455,2.3339111981020166,14.586088801897985,50.538902489733154,2024-01
HV0003,B03404,B03404,2024-01-07 03:30:39,2024-01-07 03:32:18,2024-01-07 03:32:52,2024-01-07 03:40:20,164,142,2.05,448,12.71,0.0,0.35,1.13,2.75,0.0,1.0,7.2,N,N,N,N,N,133.0,99.0,34.0,581.0,3,Sunday,Midtown South,Manhattan,Lincoln Square East,Manhattan,-73.98515619423324,40.74857395489648,-73.98153210008745,40.77363265587896,3.073,16.810000000000002,12.71,3.1,6.510000000000001,0.3872694824509221,0.4530133928571428,2.5030133928571425,0.2197645758928571,0.5006026785714285,0.7203672544642856,6.4796327455357146,40.14918740779444,2024-01
HV0003,B03404,B03404,2024-01-19 19:13:03,2024-01-19 19:14:49,2024-01-19 19:15:14,2024-01-19 19:28:26,234,144,1.53,792,16.25,0.0,0.45,1.44,2.75,0.0,0.0,9.45,N,N,N,N,N,131.0,106.0,25.0,923.0,19,Friday,Union Sq,Manhattan,Little Italy/NoLiTa,Manhattan,-73.99045767416112,40.74033681887629,-73.99691839304907,40.72088834178079,3.073,19.45,16.25,3.2,6.800000000000001,0.34961439588688953,0.20477272727272727,1.7347727272727274,0.15231304545454546,0.3469545454545455,0.499267590909091,8.950732409090909,34.910765625923375,2024-01
HV0003,B03404,B03404,2024-01-19 12:26:42,2024-01-19 12:29:06,2024-01-19 12:29:18,2024-01-19 12:44:45,41,136,6.38,927,18.0,0.0,0.5,1.6,0.0,0.0,0.0,17.09,N,N,N,N,N,156.0,144.0,12.0,1083.0,12,Friday,Central Harlem,Manhattan,Kingsbridge Heights,Bronx,-73.95129182852196,40.804333323455445,-73.90591111534405,40.8652635680692,3.073,18.5,18.0,0.5,0.9100000000000001,0.0491891891891892,0.9910679611650485,7.371067961165048,0.6471797669902912,1.4742135922330097,2.121393359223301,14.968606640776699,49.75714118817739,2024-01
HV0003,B03404,B03404,2024-01-11 12:51:23,2024-01-11 12:51:37,2024-01-11 12:52:16,2024-01-11 13:12:15,142,233,2.05,1199,15.51,0.0,0.43,1.38,2.75,0.0,0.0,15.24,N,N,N,N,N,53.0,14.0,39.0,1252.0,12,Thursday,Lincoln Square East,Manhattan,UN/Turtle Bay South,Manhattan,-73.98153210008745,40.77363265587896,-73.9704423734757,40.74991338603123,3.073,18.689999999999998,15.51,3.18,0.2699999999999996,0.014446227929373976,0.02393661384487072,2.0739366138448707,0.18209163469557965,0.4147873227689742,0.5968789574645539,14.643121042535446,42.104820889079555,2024-01
HV0003,B03404,B03404,2024-01-14 02:54:50,2024-01-14 02:57:16,2024-01-14 02:58:02,2024-01-14 03:06:11,260,7,1.49,489,8.93,0.0,0.25,0.79,0.0,0.0,0.0,6.56,N,N,N,N,N,192.0,146.0,46.0,681.0,2,Sunday,Woodside,Queens,Astoria,Queens,-73.90630705433507,40.74423288564698,-73.91969416440043,40.761491926149866,3.073,9.18,8.93,0.25,2.37,0.2581699346405229,0.44486707566462164,1.9348670756646216,0.16988132924335375,0.3869734151329243,0.5568547443762781,6.003145255623721,31.73468857598443,2024-01
HV0003,B03404,B03404,2024-01-08 01:59:39,2024-01-08 02:06:21,2024-01-08 02:06:49,2024-01-08 02:13:08,252,171,1.44,379,5.1,0.0,0.14,0.45,0.0,0.0,0.0,5.45,Y,N,N,N,N,430.0,402.0,28.0,809.0,2,Monday,Whitestone,Queens,Murray Hill-Queens,Queens,-73.81565697470342,40.78819242797384,-73.80954545137605,40.768350879648686,3.073,5.239999999999999,5.1,0.14,-0.35000000000000053,-0.0667938931297711,1.5273878627968338,2.9673878627968335,0.260536654353562,0.5934775725593667,0.8540142269129287,4.5959857730870715,20.451852636728624,2024-01
HV0003,B03404,B03404,2024-01-18 21:26:36,2024-01-18 21:29:21,2024-01-18 21:29:42,2024-01-18 22:01:03,50,112,5.8,1881,44.31,0.0,1.22,3.93,2.75,0.0,0.0,25.3,N,N,N,N,N,186.0,165.0,21.0,2067.0,21,Thursday,Clinton West,Manhattan,Greenpoint,Brooklyn,-73.99513507723576,40.76623709408489,-73.94953985600077,40.72950555799535,3.073,48.28,44.31,3.9699999999999998,19.01,0.39374482187241094,0.5087719298245613,6.3087719298245615,0.5539101754385966,1.2617543859649123,1.815664561403509,23.484335438596492,40.90160018333206,2024-01
HV0003,B03404,B03404,2024-01-29 22:54:37,2024-01-29 22:55:55,2024-01-29 22:56:16,2024-01-29 23:04:55,171,92,1.68,519,7.99,0.0,0.22,0.71,0.0,0.0,0.0,7.09,N,N,N,N,N,99.0,78.0,21.0,618.0,22,Monday,Murray Hill-Queens,Queens,Flushing,Queens,-73.80954545137605,40.768350879648686,-73.8288586430752,40.76110071120437,3.073,8.21,7.99,0.22,0.9000000000000004,0.10962241169305728,0.25248554913294796,1.9324855491329478,0.16967223121387282,0.3864971098265896,0.5561693410404625,6.533830658959538,38.061149469667214,2024-01
HV0003,B03404,B03404,2024-01-31 09:52:58,2024-01-31 09:59:11,2024-01-31 09:59:32,2024-01-31 10:10:44,179,223,1.7,672,11.29,0.0,0.31,1.0,0.0,0.0,0.0,8.55,Y,N,N,N,N,394.0,373.0,21.0,1066.0,9,Wednesday,Old Astoria,Queens,Steinway,Queens,-73.92833280320959,40.77156956195687,-73.90540723993595,40.77742599740797,3.073,11.6,11.29,0.31,2.7399999999999984,0.236206896551724,0.9436011904761905,2.6436011904761907,0.23210818452380952,0.5287202380952382,0.7608284226190477,7.789171577380953,26.30489463280622,2024-01
HV0003,B03404,B03404,2024-01-24 09:23:36,2024-01-24 09:26:01,2024-01-24 09:26:31,2024-01-24 09:34:12,142,161,1.13,461,11.86,0.0,0.33,1.05,2.75,0.0,0.0,5.81,N,N,N,N,N,175.0,145.0,30.0,636.0,9,Wednesday,Lincoln Square East,Manhattan,Midtown Center,Manhattan,-73.98153210008745,40.77363265587896,-73.97769778229288,40.758027399461895,3.073,14.94,11.86,3.08,6.05,0.4049531459170013,0.3554229934924078,1.4854229934924077,0.1304201388286334,0.29708459869848153,0.42750473752711493,5.382495262472885,30.466954315884255,2024-01
HV0003,B03404,B03404,2024-01-15 07:51:06,2024-01-15 07:53:12,2024-01-15 07:54:55,2024-01-15 07:59:56,248,60,1.08,301,7.19,0.0,0.2,0.64,0.0,0.0,0.0,5.4,N,N,N,N,N,229.0,126.0,103.0,530.0,7,Monday,West Farms/Bronx River,Bronx,Crotona Park East,Bronx,-73.87228952703794,40.83416474537906,-73.88590012794502,40.83398980020464,3.073,7.390000000000001,7.19,0.2,1.79,0.24221921515561567,0.452093023255814,1.532093023255814,0.13451776744186048,0.30641860465116283,0.4409363720930233,4.959063627906977,33.684205774462484,2024-01
HV0003,B03404,B03404,2024-01-10 09:12:01,2024-01-10 09:12:51,2024-01-10 09:14:51,2024-01-10 09:40:00,68,163,3.4,1509,30.36,0.0,0.83,2.69,2.75,0.0,0.0,18.66,N,N,N,N,N,170.0,50.0,120.0,1679.0,9,Wednesday,East Chelsea,Manhattan,Midtown North,Manhattan,-73.99991751678058,40.748426777755405,-73.97756832086549,40.764420870266285,3.073,33.94,30.36,3.58,11.7,0.3447259870359458,0.1126573889993373,3.512657388999337,0.3084113187541418,0.7025314777998675,1.0109427965540092,17.64905720344599,37.84193325336842,2024-01
HV0003,B03404,B03404,2024-01-15 14:50:31,2024-01-15 14:55:29,2024-01-15 14:56:00,2024-01-15 15:07:21,161,143,1.87,681,16.3,0.0,0.45,1.45,2.75,0.0,0.0,9.86,N,N,N,N,N,329.0,298.0,31.0,1010.0,14,Monday,Midtown Center,Manhattan,Lincoln Square West,Manhattan,-73.97769778229288,40.758027399461895,-73.9876454292326,40.775964624542496,3.073,19.5,16.3,3.2,6.440000000000001,0.33025641025641034,0.8182966226138033,2.6882966226138034,0.23603244346549193,0.5376593245227607,0.7736917679882526,9.086308232011747,32.38684122301217,2024-01
HV0003,B03404,B03404,2024-01-25 17:48:39,2024-01-25 17:51:54,2024-01-25 17:52:08,2024-01-25 18:14:33,49,181,2.3,1345,19.09,0.0,0.52,1.69,0.0,0.0,0.0,15.66,N,N,N,N,N,209.0,195.0,14.0,1554.0,17,Thursday,Clinton Hill,Brooklyn,Park Slope,Brooklyn,-73.96236330714036,40.68796671165343,-73.98141426627474,40.67037356101699,3.073,19.61,19.09,0.52,3.4299999999999997,0.17491075981642018,0.33345724907063196,2.6334572490706316,0.23121754646840145,0.5266914498141263,0.7579089962825277,14.902091003717473,34.52221854143044,2024-01
HV0003,B03404,B03404,2024-01-23 23:15:50,2024-01-23 23:18:07,2024-01-23 23:18:12,2024-01-23 23:28:45,249,164,2.26,633,18.4,0.0,0.51,1.63,2.75,0.0,3.49,9.07,N,N,N,N,N,142.0,137.0,5.0,775.0,23,Tuesday,West Village,Manhattan,Midtown South,Manhattan,-74.00287478437944,40.73457538224023,-73.98515619423324,40.74857395489648,3.073,25.15,18.4,3.26,12.82,0.509741550695825,0.48913112164296996,2.7491311216429697,0.24137371248025272,0.549826224328594,0.7911999368088467,8.278800063191154,38.45636158385568,2024-01
HV0003,B03404,B03404,2024-01-17 09:46:43,2024-01-17 09:47:22,2024-01-17 09:49:00,2024-01-17 09:56:22,112,145,1.34,442,9.8,0.0,0.27,0.87,0.0,0.0,0.0,5.92,N,N,N,N,N,137.0,39.0,98.0,579.0,9,Wednesday,Greenpoint,Brooklyn,Long Island City/Hunters Point,Queens,-73.94953985600077,40.72950555799535,-73.94889136420674,40.74537869757109,3.073,10.07,9.8,0.27,3.880000000000001,0.3853028798411123,0.11823529411764708,1.458235294117647,0.12803305882352942,0.2916470588235294,0.4196801176470588,5.500319882352941,34.198880097531244,2024-01
HV0003,B03404,B03404,2024-01-08 07:56:30,2024-01-08 07:58:39,2024-01-08 08:00:39,2024-01-08 08:08:50,240,200,2.11,491,9.02,0.0,0.25,0.8,0.0,0.0,0.0,7.38,N,N,N,N,N,249.0,129.0,120.0,740.0,8,Monday,Van Cortlandt Park,Bronx,Riverdale/North Riverdale/Fieldston,Bronx,-73.88197726427191,40.8945982201158,-73.90698736246745,40.89952795847699,3.073,9.27,9.02,0.25,1.6399999999999997,0.1769147788565264,0.5543584521384929,2.664358452138493,0.2339306720977597,0.5328716904276986,0.7668023625254583,6.613197637474542,32.17231283095723,2024-01
HV0003,B03404,B03404,2024-01-08 19:15:08,2024-01-08 19:17:49,2024-01-08 19:18:37,2024-01-08 19:32:09,142,170,1.99,812,18.11,0.0,0.5,1.61,2.75,0.0,3.44,10.24,N,N,N,N,N,209.0,161.0,48.0,1021.0,19,Monday,Lincoln Square East,Manhattan,Murray Hill,Manhattan,-73.98153210008745,40.77363265587896,-73.97849134130094,40.74774513853527,3.073,24.8,18.11,3.25,11.31,0.4560483870967742,0.3945689655172414,2.3845689655172415,0.2093651551724138,0.47691379310344834,0.6862789482758621,9.553721051724137,33.68598999628492,2024-01
HV0003,B03404,B03404,2024-01-06 21:03:53,2024-01-06 21:09:41,2024-01-06 21:09:53,2024-01-06 21:20:47,139,203,2.53,654,12.49,0.0,0.34,1.11,0.0,0.0,0.0,11.96,N,N,N,N,N,360.0,348.0,12.0,1014.0,21,Saturday,Laurelton,Queens,Rosedale,Queens,-73.74423510970438,40.67709672027596,-73.73947426605032,40.65785159348383,3.073,12.83,12.49,0.34,0.5299999999999994,0.041309431021044375,1.3462385321100918,3.876238532110092,0.34033374311926606,0.7752477064220185,1.1155814495412846,10.844418550458716,38.5008942619836,2024-01
HV0003,B03404,B03404,2024-01-21 20:17:02,2024-01-21 20:18:32,2024-01-21 20:20:40,2024-01-21 20:30:18,256,17,0.84,578,8.47,0.0,0.23,0.75,0.0,0.0,0.0,6.55,N,N,N,N,N,218.0,90.0,128.0,796.0,20,Sunday,Williamsburg (South Side),Brooklyn,Bedford,Brooklyn,-73.95990445316505,40.71087946812129,-73.94990474718477,40.69150649558427,3.073,8.700000000000001,8.47,0.23,1.9200000000000008,0.22068965517241387,0.13079584775086506,0.970795847750865,0.08523587543252595,0.194159169550173,0.27939504498269896,6.270604955017301,28.35951989706317,2024-01
HV0003,B03404,B03404,2024-01-18 21:35:33,2024-01-18 21:37:18,2024-01-18 21:37:31,2024-01-18 21:56:14,97,88,3.58,1123,20.77,0.0,0.57,1.84,2.75,0.0,0.0,15.26,N,N,N,N,N,118.0,105.0,13.0,1241.0,21,Thursday,Fort Greene,Brooklyn,Financial District South,Manhattan,-73.97488192727519,40.69078610719341,-74.01151486998491,40.70335745268971,3.073,24.09,20.77,3.32,5.51,0.2287256122872561,0.3347284060552093,3.914728406055209,0.3437131540516474,0.7829456812110419,1.1266588352626892,14.13334116473731,40.999216916240385,2024-01
HV0003,B03404,B03404,2024-01-30 18:41:31,2024-01-30 18:45:35,2024-01-30 18:47:25,2024-01-30 18:57:39,25,49,1.27,614,11.63,0.0,0.32,1.03,0.0,0.0,3.0,8.44,N,N,N,N,N,354.0,244.0,110.0,968.0,18,Tuesday,Boerum Hill,Brooklyn,Clinton Hill,Brooklyn,-73.98611365960022,40.685633257491546,-73.96236330714036,40.68796671165343,3.073,14.950000000000001,11.63,0.32,6.190000000000001,0.41404682274247495,0.5046905537459283,1.7746905537459283,0.1558178306188925,0.3549381107491857,0.5107559413680782,7.929244058631921,29.488924184994747,2024-01
HV0003,B03404,B03404,2024-01-18 17:04:32,2024-01-18 17:07:05,2024-01-18 17:09:06,2024-01-18 18:46:42,75,55,22.07,5856,83.94,6.94,2.5,8.07,2.75,0.0,0.0,84.05,N,N,N,N,N,274.0,153.0,121.0,6130.0,17,Thursday,East Harlem South,Manhattan,Coney Island,Brooklyn,-73.94575002008068,40.79001009948004,-73.98794380632961,40.57696110526678,3.073,96.13,83.94,12.190000000000001,-0.10999999999999943,-0.001144283782378024,0.5766239754098361,22.646623975409838,1.9883735850409836,4.529324795081968,6.517698380122952,77.53230161987705,45.53283618785601,2024-01
HV0003,B03404,B03404,2024-01-27 22:39:18,2024-01-27 22:41:45,2024-01-27 22:42:48,2024-01-27 22:50:11,152,42,1.42,443,10.68,0.0,0.29,0.95,0.0,0.0,0.0,6.03,N,N,N,N,N,210.0,147.0,63.0,653.0,22,Saturday,Manhattanville,Manhattan,Central Harlem North,Manhattan,-73.95378198907079,40.81797460055961,-73.9407718835631,40.81825672430646,3.073,10.969999999999999,10.68,0.29,4.6499999999999995,0.4238833181403829,0.471196388261851,1.891196388261851,0.1660470428893905,0.3782392776523702,0.5442863205417607,5.4857136794582395,30.242831923506376,2024-01
HV0003,B03404,B03404,2024-01-02 23:09:03,2024-01-02 23:11:33,2024-01-02 23:13:34,2024-01-02 23:16:41,247,247,0.39,187,8.26,0.0,0.23,0.73,0.0,0.0,0.0,6.07,N,N,N,N,N,271.0,150.0,121.0,458.0,23,Tuesday,West Concourse,Bronx,West Concourse,Bronx,-73.92440974289835,40.82898691319468,-73.92440974289835,40.82898691319468,3.073,8.49,8.26,0.23,2.1899999999999995,0.25795053003533563,0.3128342245989305,0.7028342245989305,0.06170884491978609,0.1405668449197861,0.2022756898395722,5.867724310160428,46.12185047287673,2024-01
HV0003,B03404,B03404,2024-01-08 20:16:53,2024-01-08 20:18:21,2024-01-08 20:20:21,2024-01-08 20:28:15,158,158,0.78,474,7.9,0.0,0.22,0.7,2.75,0.0,0.0,5.92,N,N,N,N,N,208.0,88.0,120.0,682.0,20,Monday,Meatpacking/West Village West,Manhattan,Meatpacking/West Village West,Manhattan,-74.00898395410488,40.73503468604606,-74.00898395410488,40.73503468604606,3.073,10.870000000000001,7.9,2.97,1.9800000000000004,0.18215271389144436,0.1448101265822785,0.9248101265822786,0.08119832911392406,0.18496202531645572,0.2661603544303798,5.6538396455696205,29.844314844649023,2024-01
HV0003,B03404,B03404,2024-01-19 19:21:55,2024-01-19 19:24:13,2024-01-19 19:26:13,2024-01-19 19:47:08,250,42,7.43,1255,22.15,0.0,0.61,1.97,0.0,0.0,0.0,21.56,N,N,N,N,N,258.0,138.0,120.0,1513.0,19,Friday,Westchester Village/Unionport,Bronx,Central Harlem North,Manhattan,-73.848640882231,40.83210078158579,-73.9407718835631,40.81825672430646,3.073,22.759999999999998,22.15,0.61,0.5899999999999999,0.025922671353251315,0.817003984063745,8.247003984063745,0.7240869498007968,1.649400796812749,2.373487746613546,19.186512253386454,45.65197892411847,2024-01
HV0003,B03404,B03404,2024-01-09 06:53:28,2024-01-09 06:54:54,2024-01-09 06:55:17,2024-01-09 07:08:32,146,233,2.79,795,17.38,0.0,0.48,1.54,2.75,0.0,2.21,11.14,N,N,N,N,N,109.0,86.0,23.0,904.0,6,Tuesday,Long Island City/Queens Plaza,Queens,UN/Turtle Bay South,Manhattan,-73.93482872612303,40.754241860637634,-73.9704423734757,40.74991338603123,3.073,22.82,17.38,3.23,8.45,0.3702892199824715,0.301811320754717,3.091811320754717,0.2714610339622641,0.6183622641509434,0.8898232981132075,10.250176701886794,40.81928775087661,2024-01
HV0003,B03404,B03404,2024-01-22 15:10:27,2024-01-22 15:14:08,2024-01-22 15:15:12,2024-01-22 15:18:12,220,220,0.31,180,8.89,0.0,0.24,0.79,0.0,0.0,2.0,5.39,N,N,N,N,N,285.0,221.0,64.0,465.0,15,Monday,Spuyten Duyvil/Kingsbridge,Bronx,Spuyten Duyvil/Kingsbridge,Bronx,-73.91066473993713,40.88240269359515,-73.91066473993713,40.88240269359515,3.073,11.13,8.89,0.24,5.500000000000001,0.49415992812219234,0.3806111111111111,0.6906111111111111,0.06063565555555555,0.13812222222222223,0.19875787777777779,5.191242122222222,40.19026159139784,2024-01
HV0003,B03404,B03404,2024-01-25 17:37:27,2024-01-25 17:40:54,2024-01-25 17:41:30,2024-01-25 17:54:08,7,179,1.36,758,11.61,0.0,0.32,1.03,0.0,0.0,0.0,8.91,N,N,N,N,N,243.0,207.0,36.0,1001.0,17,Thursday,Astoria,Queens,Old Astoria,Queens,-73.91969416440043,40.761491926149866,-73.92833280320959,40.77156956195687,3.073,11.93,11.61,0.32,2.6999999999999993,0.2263202011735121,0.37139841688654357,1.7313984168865437,0.15201678100263855,0.34627968337730874,0.4982964643799473,8.411703535620052,30.251880847384804,2024-01
HV0003,B03404,B03404,2024-01-19 14:21:51,2024-01-19 14:25:30,2024-01-19 14:26:21,2024-01-19 14:34:40,37,198,1.36,499,8.79,0.0,0.24,0.78,0.0,0.0,0.0,6.48,N,N,N,N,N,270.0,219.0,51.0,769.0,14,Friday,Bushwick South,Brooklyn,Ridgewood,Queens,-73.9222368522579,40.694993402702586,-73.90170912961153,40.706526169337856,3.073,9.03,8.79,0.24,2.3099999999999987,0.255813953488372,0.59687374749499,1.9568737474949902,0.17181351503006015,0.3913747494989981,0.5631882645290582,5.916811735470942,27.698988618589585,2024-01
HV0003,B03404,B03404,2024-01-11 07:39:09,2024-01-11 07:43:31,2024-01-11 07:43:48,2024-01-11 08:12:07,89,61,3.41,1699,22.54,0.0,0.62,2.0,0.0,0.0,0.0,21.45,N,N,N,N,N,279.0,262.0,17.0,1978.0,7,Thursday,Flatbush/Ditmas Park,Brooklyn,Crown Heights North,Brooklyn,-73.96096812758745,40.637899248043546,-73.93928693646026,40.67446920571126,3.073,23.16,22.54,0.62,1.0899999999999999,0.04706390328151985,0.5258505002942907,3.9358505002942907,0.34556767392583876,0.7871701000588582,1.1327377739846969,20.317262226015302,36.977828116104696,2024-01
HV0003,B03404,B03404,2024-01-19 12:39:55,2024-01-19 12:42:11,2024-01-19 12:42:56,2024-01-19 13:00:14,7,145,2.18,1038,17.9,0.0,0.49,1.59,0.0,0.0,4.0,13.62,N,N,N,N,N,181.0,136.0,45.0,1219.0,12,Friday,Astoria,Queens,Long Island City/Hunters Point,Queens,-73.91969416440043,40.761491926149866,-73.94889136420674,40.74537869757109,3.073,22.389999999999997,17.9,0.49,8.28,0.36980794997766864,0.28562620423892104,2.465626204238921,0.21648198073217728,0.49312524084778425,0.7096072215799616,12.910392778420038,38.12749302896812,2024-01
HV0003,B03404,B03404,2024-01-07 00:07:31,2024-01-07 00:08:47,2024-01-07 00:10:47,2024-01-07 00:36:49,28,225,9.96,1562,31.34,0.0,0.86,2.78,0.0,0.0,0.0,29.11,N,N,N,N,N,196.0,76.0,120.0,1758.0,0,Sunday,Briarwood/Jamaica Hills,Queens,Stuyvesant Heights,Brooklyn,-73.80872941622545,40.71159574889735,-73.93188774325893,40.68816752944304,3.073,32.2,31.34,0.86,2.2300000000000004,0.06925465838509318,0.4846094750320103,10.444609475032012,0.9170367119078107,2.0889218950064024,3.005958606914213,26.104041393085787,53.455374866387274,2024-01
HV0003,B03404,B03404,2024-01-14 22:29:12,2024-01-14 22:36:32,2024-01-14 22:36:39,2024-01-14 22:51:08,259,78,5.71,869,18.76,0.0,0.52,1.66,0.0,0.0,0.0,15.67,N,N,N,N,N,447.0,440.0,7.0,1316.0,22,Sunday,Woodlawn/Wakefield,Bronx,East Tremont,Bronx,-73.85221507735194,40.89793162870983,-73.88552139857157,40.844959817621785,3.073,19.28,18.76,0.52,3.0900000000000016,0.16026970954356853,2.8911392405063294,8.60113924050633,0.7551800253164558,1.720227848101266,2.475407873417722,13.194592126582279,36.09462891770228,2024-01
HV0003,B03404,B03404,2024-01-01 01:20:37,2024-01-01 01:43:31,2024-01-01 01:43:59,2024-01-01 01:56:42,72,39,2.47,763,18.8,0.0,0.52,1.67,0.0,0.0,0.0,14.62,N,N,N,N,N,1402.0,1374.0,28.0,2165.0,1,Monday,East Flatbush/Remsen Village,Brooklyn,Canarsie,Brooklyn,-73.92225109435532,40.65236395430748,-73.89973483047997,40.63803639656562,3.073,19.32,18.8,0.52,4.1800000000000015,0.21635610766045557,4.447942332896462,6.917942332896462,0.6073953368283094,1.3835884665792926,1.990983803407602,12.629016196592397,20.99974979571946,2024-01
HV0003,B03404,B03404,2024-01-20 11:08:17,2024-01-20 11:09:16,2024-01-20 11:09:45,2024-01-20 11:14:33,48,246,0.95,288,9.13,0.0,0.25,0.81,2.75,0.0,1.0,5.4,N,N,N,N,N,88.0,59.0,29.0,376.0,11,Saturday,Clinton East,Manhattan,West Chelsea/Hudson Yards,Manhattan,-73.98984463380468,40.762252049908085,-74.00401522931482,40.75330822391948,3.073,13.13,9.13,3.0,4.73,0.3602437166793603,0.19461805555555553,1.1446180555555554,0.10049746527777777,0.2289236111111111,0.32942107638888884,5.070578923611111,48.54809607712766,2024-01
HV0003,B03404,B03404,2024-01-07 14:16:21,2024-01-07 14:24:16,2024-01-07 14:24:16,2024-01-07 14:48:30,59,68,11.8,1454,34.24,0.0,0.94,3.04,2.75,0.0,0.0,29.18,N,N,N,N,N,475.0,475.0,0.0,1929.0,14,Sunday,Crotona Park,Bronx,East Chelsea,Manhattan,-73.89498578088298,40.83854969810147,-73.99991751678058,40.748426777755405,3.073,37.93,34.24,3.69,5.060000000000002,0.1334036382810441,3.854883081155433,15.654883081155434,1.3744987345254471,3.130976616231087,4.505475350756534,24.674524649243466,46.048879594233526,2024-01
HV0003,B03404,B03404,2024-01-25 16:57:00,2024-01-25 16:57:40,2024-01-25 16:59:41,2024-01-25 17:17:25,71,35,3.12,1064,14.4,0.0,0.4,1.28,0.0,0.0,0.0,14.12,N,N,N,N,N,161.0,40.0,121.0,1225.0,16,Thursday,East Flatbush/Farragut,Brooklyn,Brownsville,Brooklyn,-73.93796628102253,40.64428722355921,-73.91025783392547,40.66400239681814,3.073,14.8,14.4,0.4,0.28000000000000114,0.018918918918918996,0.11729323308270677,3.2372932330827067,0.2842343458646617,0.6474586466165414,0.9316929924812031,13.188307007518796,38.75747365474911,2024-01
HV0003,B03404,B03404,2024-01-13 16:07:35,2024-01-13 16:12:44,2024-01-13 16:14:45,2024-01-13 16:32:12,126,20,4.94,1047,16.2,0.0,0.45,1.44,0.0,0.0,0.0,16.33,N,N,N,N,N,430.0,309.0,121.0,1477.0,16,Saturday,Hunts Point,Bronx,Belmont,Bronx,-73.88553690148994,40.81207355275024,-73.88586731138831,40.857778885275984,3.073,16.65,16.2,0.45,-0.129999999999999,-0.007807807807807749,1.4579369627507166,6.397936962750717,0.5617388653295129,1.2795873925501435,1.8413262578796563,14.488673742120342,35.31430295980584,2024-01
HV0003,B03404,B03404,2024-01-24 17:14:38,2024-01-24 17:20:36,2024-01-24 17:20:36,2024-01-24 17:24:37,7,7,0.57,241,8.89,0.0,0.24,0.79,0.0,0.0,0.0,5.4,N,N,N,N,N,358.0,358.0,0.0,599.0,17,Wednesday,Astoria,Queens,Astoria,Queens,-73.91969416440043,40.761491926149866,-73.91969416440043,40.761491926149866,3.073,9.13,8.89,0.24,3.49,0.3822562979189485,0.8467219917012447,1.4167219917012446,0.12438819087136928,0.28334439834024894,0.4077325892116182,4.992267410788382,30.003610482200624,2024-01
HV0003,B03404,B03404,2024-01-03 16:48:05,2024-01-03 16:48:19,2024-01-03 16:52:40,2024-01-03 17:07:39,13,114,2.1,899,31.4,0.0,0.86,2.79,2.75,0.0,0.0,19.43,N,N,N,N,N,275.0,14.0,261.0,1174.0,16,Wednesday,Battery Park City,Manhattan,Greenwich Village South,Manhattan,-74.01607908770592,40.71203749145812,-73.99737994674842,40.72833985411046,3.073,35.01,31.4,3.61,11.969999999999999,0.34190231362467866,0.03270300333704116,2.132703003337041,0.18725132369299222,0.42654060066740823,0.6137919243604004,18.8162080756396,57.69876411610099,2024-01
HV0003,B03404,B03404,2024-01-18 16:08:31,2024-01-18 16:13:13,2024-01-18 16:16:21,2024-01-18 16:37:50,162,100,2.01,1289,40.89,0.0,1.12,3.63,2.75,0.0,0.0,22.88,N,N,N,N,N,470.0,282.0,188.0,1759.0,16,Thursday,Midtown East,Manhattan,Garment District,Manhattan,-73.97235591714862,40.756686941672,-73.98878634685092,40.75351217038599,3.073,44.76,40.89,3.87,18.01,0.40236818588025025,0.43973622963537623,2.449736229635376,0.21508684096198602,0.4899472459270753,0.7050340868890613,22.17496591311094,45.383670998976335,2024-01
HV0003,B03404,B03404,2024-01-17 17:40:28,2024-01-17 17:41:24,2024-01-17 17:43:25,2024-01-17 18:15:13,239,170,4.75,1908,23.49,0.0,0.65,2.08,2.75,0.0,5.63,24.18,N,N,N,N,N,177.0,56.0,121.0,2085.0,17,Wednesday,Upper West Side South,Manhattan,Murray Hill,Manhattan,-73.97863166507607,40.783960878966745,-73.97849134130094,40.74774513853527,3.073,32.519999999999996,23.49,3.4,4.939999999999998,0.1519065190651906,0.13941299790356396,4.889412997903564,0.4292904612159329,0.9778825995807129,1.4071730607966457,22.772826939203355,39.31998895977557,2024-01
HV0003,B03404,B03404,2024-01-05 04:47:13,2024-01-05 04:52:34,2024-01-05 04:54:34,2024-01-05 05:01:39,130,215,0.88,425,7.43,0.0,0.2,0.66,0.0,0.0,0.0,6.35,N,N,N,N,N,441.0,321.0,120.0,866.0,4,Friday,Jamaica,Queens,South Jamaica,Queens,-73.79398135276409,40.70436829225682,-73.79096502686893,40.69442676074992,3.073,7.63,7.43,0.2,1.08,0.1415465268676278,0.6646588235294117,1.5446588235294119,0.13562104470588235,0.3089317647058824,0.4445528094117648,5.905447190588235,24.54920310175248,2024-01
HV0003,B03404,B03404,2024-01-11 08:45:49,2024-01-11 08:50:01,2024-01-11 08:50:12,2024-01-11 08:54:05,143,48,0.68,233,8.19,0.0,0.23,0.73,2.75,0.0,0.0,5.39,N,N,N,N,N,263.0,252.0,11.0,496.0,8,Thursday,Lincoln Square West,Manhattan,Clinton East,Manhattan,-73.9876454292326,40.775964624542496,-73.98984463380468,40.762252049908085,3.073,11.17,8.19,2.98,2.8,0.2506714413607878,0.7354506437768241,1.4154506437768242,0.12427656652360516,0.2830901287553648,0.40736669527896996,4.98263330472103,36.16427398587844,2024-01
HV0003,B03404,B03404,2024-01-11 11:21:29,2024-01-11 11:21:57,2024-01-11 11:23:45,2024-01-11 11:42:09,224,162,2.48,1104,18.08,0.0,0.5,1.6,2.75,0.0,0.0,13.64,N,N,N,N,N,136.0,28.0,108.0,1240.0,11,Thursday,Stuy Town/Peter Cooper Village,Manhattan,Midtown East,Manhattan,-73.97659739896895,40.73182002928329,-73.97235591714862,40.756686941672,3.073,21.33,18.08,3.25,4.439999999999998,0.20815752461322073,0.06289855072463768,2.5428985507246376,0.22326649275362317,0.5085797101449275,0.7318462028985507,12.90815379710145,37.47528521739131,2024-01
HV0003,B03404,B03404,2024-01-17 21:25:47,2024-01-17 21:27:12,2024-01-17 21:28:54,2024-01-17 21:40:59,160,258,2.96,725,16.07,0.0,0.44,1.43,0.0,0.0,0.0,10.7,N,N,N,N,N,187.0,85.0,102.0,912.0,21,Wednesday,Middle Village,Queens,Woodhaven,Queens,-73.880051202423,40.71833605673999,-73.85576684520184,40.68872054521105,3.073,16.51,16.07,0.44,5.370000000000001,0.32525741974560873,0.3470344827586207,3.3070344827586204,0.29035762758620687,0.6614068965517241,0.951764524137931,9.748235475862069,38.4798768784029,2024-01
HV0003,B03404,B03404,2024-01-09 22:57:06,2024-01-09 22:59:25,2024-01-09 22:59:41,2024-01-09 23:09:00,7,223,1.72,559,10.73,0.0,0.3,0.95,0.0,0.0,5.0,7.98,N,N,N,N,N,155.0,139.0,16.0,714.0,22,Tuesday,Astoria,Queens,Steinway,Queens,-73.91969416440043,40.761491926149866,-73.90540723993595,40.77742599740797,3.073,16.03,10.73,0.3,7.75,0.4834684965689332,0.42769230769230765,2.147692307692308,0.1885673846153846,0.4295384615384616,0.6181058461538462,7.361894153846154,37.11879405300582,2024-01
HV0003,B03404,B03404,2024-01-14 20:20:42,2024-01-14 20:23:35,2024-01-14 20:23:49,2024-01-14 20:30:17,171,16,1.61,388,9.79,0.0,0.27,0.87,0.0,0.0,0.0,5.77,N,N,N,N,N,187.0,173.0,14.0,575.0,20,Sunday,Murray Hill-Queens,Queens,Bayside,Queens,-73.80954545137605,40.768350879648686,-73.7734213430122,40.76273674166779,3.073,10.059999999999999,9.79,0.27,4.02,0.3996023856858847,0.7178608247422681,2.327860824742268,0.2043861804123711,0.46557216494845366,0.6699583453608248,5.100041654639175,31.930695576871358,2024-01
HV0003,B03404,B03404,2024-01-06 15:13:23,2024-01-06 15:13:33,2024-01-06 15:15:27,2024-01-06 15:28:45,79,90,1.33,798,14.52,0.0,0.4,1.29,2.75,0.0,0.0,9.73,N,N,N,N,N,124.0,10.0,114.0,922.0,15,Saturday,East Village,Manhattan,Flatiron,Manhattan,-73.98593725800136,40.72761958691338,-73.9969712245153,40.742278038328486,3.073,17.67,14.52,3.15,4.789999999999999,0.2710809281267685,0.016666666666666666,1.3466666666666667,0.11823733333333333,0.26933333333333337,0.38757066666666673,9.342429333333333,36.478032104121475,2024-01
HV0003,B03404,B03404,2024-01-18 05:23:27,2024-01-18 05:27:42,2024-01-18 05:29:43,2024-01-18 05:52:51,26,49,5.25,1388,26.78,0.0,0.74,2.38,0.0,0.0,0.0,19.95,N,N,N,N,N,376.0,255.0,121.0,1764.0,5,Thursday,Borough Park,Brooklyn,Clinton Hill,Brooklyn,-73.9886606263467,40.63094893241426,-73.96236330714036,40.68796671165343,3.073,27.52,26.78,0.74,6.830000000000002,0.2481831395348838,0.9645172910662825,6.214517291066283,0.5456346181556196,1.2429034582132568,1.7885380763688765,18.161461923631123,37.06420800741046,2024-01
HV0003,B03404,B03404,2024-01-12 23:40:40,2024-01-12 23:42:54,2024-01-12 23:43:30,2024-01-12 23:50:39,91,39,1.31,429,8.94,0.0,0.25,0.79,0.0,0.0,0.0,5.75,N,N,N,N,N,170.0,134.0,36.0,599.0,23,Friday,Flatlands,Brooklyn,Canarsie,Brooklyn,-73.93009732098176,40.62627204277785,-73.89973483047997,40.63803639656562,3.073,9.19,8.94,0.25,3.1899999999999995,0.3471164309031556,0.40918414918414925,1.7191841491841493,0.1509443682983683,0.3438368298368299,0.49478119813519816,5.255218801864801,31.58395273240949,2024-01
HV0003,B03404,B03404,2024-01-31 22:57:04,2024-01-31 22:57:44,2024-01-31 22:58:54,2024-01-31 23:09:11,231,249,1.67,617,10.06,0.0,0.28,0.89,2.75,0.0,0.0,7.99,N,N,N,N,N,110.0,40.0,70.0,727.0,22,Wednesday,TriBeCa/Civic Center,Manhattan,West Village,Manhattan,-74.00787947243188,40.717772159208046,-74.00287478437944,40.73457538224023,3.073,13.09,10.06,3.0300000000000002,2.0700000000000003,0.15813598166539344,0.10826580226904375,1.7782658022690436,0.15613173743922204,0.35565316045380874,0.5117848978930308,7.47821510210697,37.03105139970439,2024-01
HV0003,B03404,B03404,2024-01-27 20:24:44,2024-01-27 20:27:45,2024-01-27 20:28:04,2024-01-27 20:34:34,262,141,0.9,390,8.4,0.0,0.23,0.75,2.75,0.0,0.0,5.39,N,N,N,N,N,200.0,181.0,19.0,590.0,20,Saturday,Yorkville East,Manhattan,Lenox Hill West,Manhattan,-73.94651027083967,40.77593169638859,-73.95963478688095,40.76694745582751,3.073,11.38,8.4,2.98,3.0100000000000007,0.2644991212653779,0.4176923076923077,1.3176923076923077,0.11569338461538461,0.26353846153846155,0.3792318461538462,5.010768153846153,30.574178565840935,2024-01
HV0003,B03404,B03404,2024-01-03 14:52:19,2024-01-03 14:56:10,2024-01-03 14:56:58,2024-01-03 15:18:53,39,55,8.77,1315,28.66,0.0,0.79,2.54,0.0,0.0,0.0,23.88,N,N,N,N,N,279.0,231.0,48.0,1594.0,14,Wednesday,Canarsie,Brooklyn,Coney Island,Brooklyn,-73.89973483047997,40.63803639656562,-73.98794380632961,40.57696110526678,3.073,29.45,28.66,0.79,4.780000000000001,0.16230899830220719,1.5405855513307984,10.310585551330798,0.905269411406844,2.0621171102661595,2.9673865216730038,20.912613478326996,47.23049468129058,2024-01
HV0003,B03404,B03404,2024-01-08 08:32:35,2024-01-08 08:33:53,2024-01-08 08:34:47,2024-01-08 08:48:23,63,177,1.82,816,9.84,0.0,0.27,0.87,0.0,0.0,1.0,10.06,N,N,N,N,N,132.0,78.0,54.0,948.0,8,Monday,Cypress Hills,Brooklyn,Ocean Hill,Brooklyn,-73.87817291227658,40.68383923597394,-73.91363235241506,40.67664341763747,3.073,11.11,9.84,0.27,0.7799999999999994,0.07020702070207015,0.1739705882352941,1.9939705882352943,0.17507061764705883,0.39879411764705885,0.5738647352941177,9.486135264705883,36.02329847356665,2024-01
HV0003,B03404,B03404,2024-01-16 21:44:17,2024-01-16 21:48:24,2024-01-16 21:48:38,2024-01-16 22:06:13,161,114,3.24,1055,25.22,0.0,0.69,2.24,2.75,0.0,0.0,15.43,N,N,N,N,N,261.0,247.0,14.0,1316.0,21,Tuesday,Midtown Center,Manhattan,Greenwich Village South,Manhattan,-73.97769778229288,40.758027399461895,-73.99737994674842,40.72833985411046,3.073,28.66,25.22,3.44,9.79,0.34159106769016045,0.7585592417061612,3.9985592417061615,0.35107350142180094,0.7997118483412323,1.1507853497630331,14.279214650236966,39.0616814140221,2024-01
HV0003,B03404,B03404,2024-01-19 21:11:55,2024-01-19 21:15:25,2024-01-19 21:17:25,2024-01-19 21:41:38,234,106,4.7,1453,45.33,0.0,1.25,4.02,2.75,0.0,8.0,22.9,N,N,N,N,N,330.0,210.0,120.0,1783.0,21,Friday,Union Sq,Manhattan,Gowanus,Brooklyn,-73.99045767416112,40.74033681887629,-73.99064748886755,40.67351226923787,3.073,57.33,45.33,4.0,30.43,0.5307866736438165,0.6792842395044736,5.379284239504473,0.4723011562284928,1.0758568479008948,1.5481580041293874,21.35184199587061,43.110841943429165,2024-01
HV0003,B03404,B03404,2024-01-01 07:16:10,2024-01-01 07:22:58,2024-01-01 07:23:12,2024-01-01 07:49:01,143,256,8.85,1549,44.08,0.0,1.21,3.91,2.75,0.0,0.0,26.5,N,N,N,N,N,422.0,408.0,14.0,1971.0,7,Monday,Lincoln Square West,Manhattan,Williamsburg (South Side),Brooklyn,-73.9876454292326,40.775964624542496,-73.95990445316505,40.71087946812129,3.073,48.04,44.08,3.96,17.58,0.3659450457951707,2.331052291801162,11.181052291801162,0.9816963912201421,2.2362104583602327,3.2179068495803747,23.282093150419627,42.52437105099475,2024-01
HV0003,B03404,B03404,2024-01-10 20:13:12,2024-01-10 20:15:52,2024-01-10 20:16:22,2024-01-10 20:23:44,249,144,1.22,442,35.81,0.0,0.98,3.18,2.75,0.0,8.54,19.41,N,N,N,N,N,190.0,160.0,30.0,632.0,20,Wednesday,West Village,Manhattan,Little Italy/NoLiTa,Manhattan,-74.00287478437944,40.73457538224023,-73.99691839304907,40.72088834178079,3.073,48.08,35.81,3.73,24.94,0.5187188019966723,0.4416289592760181,1.661628959276018,0.14589102262443437,0.3323257918552036,0.478216814479638,18.931783185520363,107.83927130992612,2024-01
HV0003,B03404,B03404,2024-01-06 21:05:50,2024-01-06 21:07:49,2024-01-06 21:08:53,2024-01-06 21:25:45,137,186,2.41,1012,19.91,0.0,0.55,1.77,2.75,0.0,0.0,14.04,N,N,N,N,N,183.0,119.0,64.0,1195.0,21,Saturday,Kips Bay,Manhattan,Penn Station/Madison Sq West,Manhattan,-73.97649447841282,40.74043833958882,-73.99243728054387,40.7484965983886,3.073,23.21,19.91,3.3,5.870000000000001,0.25290822921154676,0.28338932806324113,2.6933893280632413,0.23647958300395258,0.5386778656126483,0.7751574486166009,13.2648425513834,39.96103195395836,2024-01
HV0003,B03404,B03404,2024-01-28 15:18:53,2024-01-28 15:19:10,2024-01-28 15:21:11,2024-01-28 15:36:47,231,209,2.71,936,16.55,0.0,0.46,1.47,2.75,0.0,0.0,12.36,N,N,N,N,N,138.0,17.0,121.0,1074.0,15,Sunday,TriBeCa/Civic Center,Manhattan,Seaport,Manhattan,-74.00787947243188,40.717772159208046,-74.00366431896066,40.7090722607075,3.073,19.76,16.55,3.21,4.190000000000001,0.2120445344129555,0.049220085470085474,2.7592200854700852,0.2422595235042735,0.5518440170940171,0.7941035405982906,11.565896459401708,38.76836802034092,2024-01
HV0003,B03404,B03404,2024-01-26 00:03:33,2024-01-26 00:07:59,2024-01-26 00:08:17,2024-01-26 00:14:45,81,32,1.31,388,8.91,0.0,0.25,0.79,0.0,0.0,0.0,5.39,N,N,N,N,N,284.0,266.0,18.0,672.0,0,Friday,Eastchester,Bronx,Bronxdale,Bronx,-73.83664438560328,40.88093458369951,-73.86490087169818,40.86400152279616,3.073,9.16,8.91,0.25,3.5200000000000005,0.3842794759825328,0.8980927835051546,2.2080927835051547,0.19387054639175258,0.44161855670103095,0.6354891030927835,4.754510896907216,25.47059409057437,2024-01
HV0003,B03404,B03404,2024-01-18 08:54:47,2024-01-18 08:56:40,2024-01-18 08:57:19,2024-01-18 09:26:58,148,237,4.08,1779,38.71,0.0,1.06,3.44,2.75,0.0,0.0,25.58,N,N,N,N,N,152.0,113.0,39.0,1931.0,8,Thursday,Lower East Side,Manhattan,Upper East Side South,Manhattan,-73.99089618330311,40.71893779448139,-73.96563449518534,40.76861447337675,3.073,42.52,38.71,3.81,13.130000000000003,0.30879586077140175,0.25915682967959525,4.339156829679595,0.38097796964586844,0.8678313659359191,1.2488093355817875,24.331190664418212,45.36110118690086,2024-01
HV0003,B03404,B03404,2024-01-20 20:27:54,2024-01-20 20:29:37,2024-01-20 20:29:49,2024-01-20 20:44:09,112,260,4.17,860,14.02,0.0,0.39,1.24,0.0,0.0,3.0,13.56,N,N,N,N,N,115.0,103.0,12.0,975.0,20,Saturday,Greenpoint,Brooklyn,Woodside,Queens,-73.94953985600077,40.72950555799535,-73.90630705433507,40.74423288564698,3.073,17.41,14.02,0.39,3.459999999999999,0.19873635841470413,0.4994302325581395,4.669430232558139,0.4099759744186046,0.9338860465116279,1.3438620209302325,12.216137979069767,45.10574023041145,2024-01
HV0003,B03404,B03404,2024-01-04 16:28:31,2024-01-04 16:34:07,2024-01-04 16:35:37,2024-01-04 16:38:28,197,197,0.52,171,8.02,0.0,0.22,0.71,0.0,0.0,0.0,5.4,N,N,N,N,N,426.0,336.0,90.0,597.0,16,Thursday,Richmond Hill,Queens,Richmond Hill,Queens,-73.83092448484014,40.69454169265697,-73.83092448484014,40.69454169265697,3.073,8.24,8.02,0.22,2.619999999999999,0.3179611650485436,1.0217543859649123,1.5417543859649123,0.1353660350877193,0.3083508771929825,0.44371691228070176,4.9562830877192985,29.887134197302302,2024-01
HV0003,B03404,B03404,2024-01-09 07:14:30,2024-01-09 07:20:00,2024-01-09 07:20:29,2024-01-09 07:31:58,76,63,2.64,689,14.25,0.0,0.39,1.26,0.0,0.0,0.0,9.94,N,N,N,N,N,359.0,330.0,29.0,1048.0,7,Tuesday,East New York,Brooklyn,Cypress Hills,Brooklyn,-73.87682032859912,40.66093356035302,-73.87817291227658,40.68383923597394,3.073,14.64,14.25,0.39,4.3100000000000005,0.29439890710382516,1.2644412191582004,3.9044412191582003,0.34280993904209,0.7808882438316401,1.12369818287373,8.81630181712627,30.285006242036808,2024-01
HV0003,B03404,B03404,2024-01-26 04:32:24,2024-01-26 04:38:20,2024-01-26 04:39:20,2024-01-26 04:45:52,91,89,1.38,392,8.94,0.0,0.25,0.79,0.0,0.0,1.0,5.49,N,N,N,N,N,416.0,356.0,60.0,808.0,4,Friday,Flatlands,Brooklyn,Flatbush/Ditmas Park,Brooklyn,-73.93009732098176,40.62627204277785,-73.96096812758745,40.637899248043546,3.073,10.19,8.94,0.25,4.449999999999999,0.43670264965652594,1.2532653061224488,2.633265306122449,0.23120069387755102,0.5266530612244898,0.7578537551020409,4.732146244897959,21.08381990301071,2024-01
HV0003,B03404,B03404,2024-01-03 07:08:48,2024-01-03 07:14:07,2024-01-03 07:16:07,2024-01-03 07:35:45,159,42,2.48,1178,18.52,0.0,0.51,1.64,0.0,0.0,0.0,16.34,N,N,N,N,N,439.0,319.0,120.0,1617.0,7,Wednesday,Melrose South,Bronx,Central Harlem North,Manhattan,-73.9128491499624,40.81825923634175,-73.9407718835631,40.81825672430646,3.073,19.03,18.52,0.51,2.1799999999999997,0.1145559642669469,0.671578947368421,3.151578947368421,0.2767086315789474,0.6303157894736842,0.9070244210526315,15.432975578947369,34.35912930377893,2024-01
HV0003,B03404,B03404,2024-01-14 04:13:37,2024-01-14 04:14:25,2024-01-14 04:14:36,2024-01-14 04:22:06,229,234,1.93,450,12.74,0.0,0.35,1.13,2.75,0.0,0.0,6.77,N,N,N,N,N,59.0,48.0,11.0,509.0,4,Sunday,Sutton Place/Turtle Bay North,Manhattan,Union Sq,Manhattan,-73.96514558738956,40.75672829786632,-73.99045767416112,40.74033681887629,3.073,15.84,12.74,3.1,5.970000000000001,0.37689393939393945,0.20586666666666667,2.135866666666667,0.18752909333333334,0.4271733333333334,0.6147024266666667,6.155297573333333,43.53452114734773,2024-01
HV0003,B03404,B03404,2024-01-13 13:29:44,2024-01-13 13:34:34,2024-01-13 13:34:45,2024-01-13 13:47:31,68,186,1.13,766,8.53,0.0,0.23,0.76,0.75,0.0,0.0,8.9,Y,N,N,N,N,301.0,290.0,11.0,1067.0,13,Saturday,East Chelsea,Manhattan,Penn Station/Madison Sq West,Manhattan,-73.99991751678058,40.748426777755405,-73.99243728054387,40.7484965983886,3.073,9.51,8.53,0.98,-0.370000000000001,-0.03890641430073617,0.4278067885117493,1.5578067885117493,0.13677543603133158,0.3115613577023499,0.44833679373368146,8.45166320626632,28.515452242323104,2024-01
HV0003,B03404,B03404,2024-01-31 11:43:27,2024-01-31 11:48:48,2024-01-31 11:48:49,2024-01-31 12:00:53,108,149,1.94,724,10.11,0.0,0.28,0.9,0.0,0.0,0.0,9.36,N,N,N,N,N,322.0,321.0,1.0,1046.0,11,Wednesday,Gravesend,Brooklyn,Madison,Brooklyn,-73.98143160455264,40.58840336656386,-73.94813579159555,40.604913128039314,3.073,10.389999999999999,10.11,0.28,0.75,0.07218479307025988,0.8601381215469613,2.8001381215469614,0.24585212707182322,0.5600276243093923,0.8058797513812156,8.554120248618784,29.440566821250115,2024-01
HV0003,B03404,B03404,2024-01-04 07:37:15,2024-01-04 07:41:59,2024-01-04 07:42:26,2024-01-04 08:00:39,167,20,2.51,1093,19.69,0.0,0.54,1.75,0.0,0.0,0.0,17.58,N,N,N,N,N,311.0,284.0,27.0,1404.0,7,Thursday,Morrisania/Melrose,Bronx,Belmont,Bronx,-73.90235192494784,40.827512011036994,-73.88586731138831,40.857778885275984,3.073,20.23,19.69,0.54,2.110000000000003,0.10430054374691067,0.6521866422689844,3.162186642268984,0.2776399871912168,0.6324373284537969,0.9100773156450137,16.669922684354983,42.74339149834611,2024-01
HV0003,B03404,B03404,2024-01-24 19:58:49,2024-01-24 20:03:54,2024-01-24 20:04:44,2024-01-24 20:20:07,254,20,3.31,923,14.32,0.0,0.39,1.27,0.0,0.0,0.0,13.02,N,N,N,N,N,355.0,305.0,50.0,1278.0,20,Wednesday,Williamsbridge/Olinville,Bronx,Belmont,Bronx,-73.85894858301965,40.88215615951764,-73.88586731138831,40.857778885275984,3.073,14.71,14.32,0.39,1.3000000000000007,0.08837525492862003,1.0937703141928494,4.403770314192849,0.3866510335861321,0.8807540628385699,1.2674050964247021,11.752594903575297,33.105901136831825,2024-01
HV0003,B03404,B03404,2024-01-21 19:51:59,2024-01-21 19:52:35,2024-01-21 19:53:02,2024-01-21 20:03:51,163,142,1.55,649,10.91,0.0,0.3,0.97,2.75,0.0,0.0,8.14,N,N,N,N,N,63.0,36.0,27.0,712.0,19,Sunday,Midtown North,Manhattan,Lincoln Square East,Manhattan,-73.97756832086549,40.764420870266285,-73.98153210008745,40.77363265587896,3.073,13.96,10.91,3.05,2.7699999999999996,0.19842406876790827,0.08597842835130971,1.6359784283513097,0.14363890600924498,0.32719568567026197,0.4708345916795069,7.669165408320493,38.776679030833954,2024-01
HV0003,B03404,B03404,2024-01-14 00:31:24,2024-01-14 00:34:35,2024-01-14 00:34:51,2024-01-14 00:41:29,76,76,1.55,398,8.91,0.0,0.25,0.79,0.0,0.0,0.0,5.78,N,N,N,N,N,207.0,191.0,16.0,605.0,0,Sunday,East New York,Brooklyn,East New York,Brooklyn,-73.87682032859912,40.66093356035302,-73.87682032859912,40.66093356035302,3.073,9.16,8.91,0.25,3.13,0.34170305676855894,0.7438442211055277,2.2938442211055277,0.20139952261306532,0.45876884422110553,0.6601683668341709,5.11983163316583,30.46511385024295,2024-01
HV0003,B03404,B03404,2024-01-03 07:13:33,2024-01-03 07:17:17,2024-01-03 07:17:58,2024-01-03 07:47:04,108,72,6.38,1746,33.99,0.0,0.93,3.02,0.0,0.0,0.0,25.79,N,N,N,N,N,265.0,224.0,41.0,2011.0,7,Wednesday,Gravesend,Brooklyn,East Flatbush/Remsen Village,Brooklyn,-73.98143160455264,40.58840336656386,-73.92225109435532,40.65236395430748,3.073,34.92,33.99,0.93,8.200000000000003,0.23482245131729676,0.8185108820160366,7.198510882016037,0.6320292554410081,1.4397021764032074,2.0717314318442153,23.718268568155786,42.4593569594037,2024-01
HV0003,B03404,B03404,2024-01-19 22:59:43,2024-01-19 23:03:12,2024-01-19 23:04:17,2024-01-19 23:22:30,100,249,1.82,1093,22.06,0.0,0.61,1.96,2.75,0.0,2.73,13.04,N,N,N,N,N,274.0,209.0,65.0,1367.0,23,Friday,Garment District,Manhattan,West Village,Manhattan,-73.98878634685092,40.75351217038599,-74.00287478437944,40.73457538224023,3.073,28.15,22.06,3.36,11.75,0.4174067495559503,0.3480146386093321,2.168014638609332,0.19035168526989935,0.4336029277218664,0.6239546129917658,12.416045387008234,32.697705481514,2024-01
HV0003,B03404,B03404,2024-01-20 16:59:52,2024-01-20 17:03:18,2024-01-20 17:03:51,2024-01-20 17:15:10,168,235,4.07,679,16.04,0.0,0.44,1.42,0.0,0.0,0.0,14.73,N,N,N,N,N,239.0,206.0,33.0,918.0,17,Saturday,Mott Haven/Port Morris,Bronx,University Heights/Morris Heights,Bronx,-73.91682135545611,40.80734651795231,-73.91597563385105,40.85252046623772,3.073,16.48,16.04,0.44,1.3099999999999987,0.07949029126213585,1.2347864506627393,5.304786450662739,0.4657602503681885,1.060957290132548,1.5267175405007365,13.203282459499263,51.77757827254613,2024-01
HV0003,B03404,B03404,2024-01-29 16:13:25,2024-01-29 16:16:05,2024-01-29 16:18:06,2024-01-29 16:40:45,131,139,4.79,1359,18.16,0.0,0.5,1.61,0.0,0.0,0.0,19.07,N,N,N,N,N,281.0,160.0,121.0,1640.0,16,Monday,Jamaica Estates,Queens,Laurelton,Queens,-73.77610132903203,40.72065468341462,-73.74423510970438,40.67709672027596,3.073,18.66,18.16,0.5,-0.9100000000000001,-0.048767416934619515,0.563944076526858,5.353944076526858,0.47007628991905814,1.0707888153053717,1.5408651052244298,17.52913489477557,38.47858879340979,2024-01
HV0003,B03404,B03404,2024-01-08 08:19:20,2024-01-08 08:24:11,2024-01-08 08:25:55,2024-01-08 08:31:18,234,161,0.95,323,24.92,0.0,0.69,2.21,2.75,0.0,0.0,12.52,N,N,N,N,N,395.0,291.0,104.0,718.0,8,Monday,Union Sq,Manhattan,Midtown Center,Manhattan,-73.99045767416112,40.74033681887629,-73.97769778229288,40.758027399461895,3.073,28.360000000000003,24.92,3.44,12.400000000000002,0.4372355430183357,0.8558823529411764,1.8058823529411763,0.15855647058823527,0.36117647058823527,0.5197329411764705,12.000267058823528,60.16846993281992,2024-01
HV0003,B03404,B03404,2024-01-10 22:13:57,2024-01-10 22:14:38,2024-01-10 22:15:07,2024-01-10 22:27:51,256,112,2.27,764,11.62,0.0,0.32,1.03,0.0,0.0,3.0,10.32,N,N,N,N,N,70.0,41.0,29.0,834.0,22,Wednesday,Williamsburg (South Side),Brooklyn,Greenpoint,Brooklyn,-73.95990445316505,40.71087946812129,-73.94953985600077,40.72950555799535,3.073,14.94,11.62,0.32,4.299999999999999,0.287817938420348,0.12181937172774869,2.3918193717277485,0.2100017408376963,0.4783638743455497,0.688365615183246,9.631634384816754,41.5754002222306,2024-01
HV0003,B03404,B03404,2024-01-09 14:11:46,2024-01-09 14:17:54,2024-01-09 14:18:03,2024-01-09 14:47:11,259,42,10.95,1748,33.07,6.94,1.1,3.55,0.0,0.0,0.0,30.82,N,N,N,N,N,377.0,368.0,9.0,2125.0,14,Tuesday,Woodlawn/Wakefield,Bronx,Central Harlem North,Manhattan,-73.85221507735194,40.89793162870983,-73.9407718835631,40.81825672430646,3.073,41.11,33.07,8.040000000000001,2.25,0.05473120895159329,2.3052631578947365,13.255263157894735,1.1638121052631576,2.6510526315789473,3.8148647368421047,27.005135263157896,45.74987621052632,2024-01
HV0003,B03404,B03404,2024-01-24 07:57:25,2024-01-24 08:02:34,2024-01-24 08:03:18,2024-01-24 08:41:55,143,143,5.31,2317,83.64,0.0,2.3,7.42,2.75,0.0,0.0,60.84,N,N,N,N,N,353.0,309.0,44.0,2670.0,8,Wednesday,Lincoln Square West,Manhattan,Lincoln Square West,Manhattan,-73.9876454292326,40.775964624542496,-73.9876454292326,40.775964624542496,3.073,88.69,83.64,5.05,22.799999999999997,0.25707520577291687,0.7081527837721191,6.018152783772119,0.5283938144151921,1.2036305567544239,1.732024371169616,59.10797562883039,79.69614691527693,2024-01
HV0003,B03404,B03404,2024-01-18 17:52:50,2024-01-18 17:56:40,2024-01-18 17:56:51,2024-01-18 18:04:29,236,75,1.03,458,8.24,0.0,0.23,0.73,2.75,0.0,0.0,5.65,N,N,N,N,N,241.0,230.0,11.0,699.0,17,Thursday,Upper East Side North,Manhattan,East Harlem South,Manhattan,-73.957011704106,40.78043571518905,-73.94575002008068,40.79001009948004,3.073,11.22,8.24,2.98,2.59,0.23083778966131904,0.5172489082969431,1.5472489082969432,0.1358484541484716,0.30944978165938863,0.4452982358078602,5.20470176419214,26.80533097438012,2024-01
HV0003,B03404,B03404,2024-01-11 14:54:45,2024-01-11 14:58:23,2024-01-11 14:59:18,2024-01-11 15:20:59,170,144,2.87,1301,26.17,0.0,0.72,2.32,2.75,0.0,6.39,16.0,N,N,N,N,N,273.0,218.0,55.0,1574.0,14,Thursday,Murray Hill,Manhattan,Little Italy/NoLiTa,Manhattan,-73.97849134130094,40.74774513853527,-73.99691839304907,40.72088834178079,3.073,36.03,26.17,3.4699999999999998,16.560000000000002,0.4596169858451291,0.48090699461952346,3.350906994619524,0.29420963412759416,0.6701813989239048,0.964391033051499,15.035608966948502,34.38894045807789,2024-01
HV0003,B03404,B03404,2024-01-14 15:24:32,2024-01-14 15:28:12,2024-01-14 15:28:54,2024-01-14 15:34:34,242,242,1.15,340,8.87,0.0,0.24,0.79,0.0,0.0,0.0,5.4,N,N,N,N,N,262.0,220.0,42.0,602.0,15,Sunday,Van Nest/Morris Park,Bronx,Van Nest/Morris Park,Bronx,-73.85067119492659,40.84678260105803,-73.85067119492659,40.84678260105803,3.073,9.11,8.87,0.24,3.469999999999999,0.38090010976948396,0.7441176470588236,1.8941176470588235,0.16630352941176468,0.3788235294117647,0.5451270588235294,4.854872941176471,29.03246277115498,2024-01
HV0003,B03404,B03404,2024-01-15 11:55:46,2024-01-15 11:59:53,2024-01-15 12:00:07,2024-01-15 12:09:38,80,255,1.24,571,11.55,0.0,0.32,1.03,0.0,0.0,0.0,7.0,N,N,N,N,N,261.0,247.0,14.0,832.0,12,Monday,East Williamsburg,Brooklyn,Williamsburg (North Side),Brooklyn,-73.93679348509205,40.71536904490185,-73.95741799903575,40.71880332024791,3.073,11.870000000000001,11.55,0.32,4.550000000000001,0.38331929233361417,0.5363922942206655,1.7763922942206656,0.15596724343257445,0.3552784588441331,0.5112457022767076,6.488754297723292,28.07634071130271,2024-01
HV0003,B03404,B03404,2024-01-13 19:34:02,2024-01-13 19:36:55,2024-01-13 19:37:21,2024-01-13 20:05:55,233,42,5.78,1714,31.53,0.0,0.87,2.8,2.75,0.0,0.0,23.7,N,N,N,N,N,199.0,173.0,26.0,1913.0,19,Saturday,UN/Turtle Bay South,Manhattan,Central Harlem North,Manhattan,-73.9704423734757,40.74991338603123,-73.9407718835631,40.81825672430646,3.073,35.15,31.53,3.62,7.830000000000002,0.22275960170697018,0.5833955659276546,6.363395565927655,0.5587061306884481,1.272679113185531,1.8313852438739793,21.86861475612602,41.15369217044102,2024-01
HV0003,B03404,B03404,2024-01-19 16:23:14,2024-01-19 16:24:14,2024-01-19 16:24:41,2024-01-19 16:50:59,63,62,3.79,1578,21.47,0.0,0.59,1.91,0.0,0.0,0.0,19.81,N,N,N,N,N,87.0,60.0,27.0,1665.0,16,Friday,Cypress Hills,Brooklyn,Crown Heights South,Brooklyn,-73.87817291227658,40.68383923597394,-73.94878831329727,40.66654019759787,3.073,22.06,21.47,0.59,1.6600000000000001,0.07524932003626475,0.14410646387832698,3.934106463878327,0.3454145475285171,0.7868212927756655,1.1322358403041826,18.677764159695815,40.38435493988284,2024-01
HV0003,B03404,B03404,2024-01-06 15:58:53,2024-01-06 16:01:02,2024-01-06 16:01:02,2024-01-06 16:33:53,145,73,9.49,1971,29.48,0.0,0.81,2.62,0.0,0.0,0.0,31.0,N,N,N,N,N,129.0,129.0,0.0,2100.0,16,Saturday,Long Island City/Hunters Point,Queens,East Flushing,Queens,-73.94889136420674,40.74537869757109,-73.80729425651334,40.75410814212103,3.073,30.29,29.48,0.81,-1.5199999999999996,-0.05018157807857378,0.6211111111111111,10.11111111111111,0.8877555555555554,2.022222222222222,2.9099777777777778,28.090022222222224,48.15432380952381,2024-01
HV0003,B03404,B03404,2024-01-24 08:41:11,2024-01-24 08:44:02,2024-01-24 08:44:36,2024-01-24 09:23:40,231,212,13.67,2344,43.22,0.0,1.19,3.84,2.75,0.0,0.0,40.0,N,N,N,N,N,205.0,171.0,34.0,2549.0,8,Wednesday,TriBeCa/Civic Center,Manhattan,Soundview/Bruckner,Bronx,-74.00787947243188,40.717772159208046,-73.86967995832318,40.82790176764516,3.073,47.16,43.22,3.94,3.219999999999999,0.06827820186598811,0.9972568259385666,14.667256825938566,1.287785149317406,2.933451365187713,4.221236514505119,35.77876348549488,50.53101159191117,2024-01
HV0003,B03404,B03404,2024-01-22 07:49:17,2024-01-22 08:04:51,2024-01-22 08:06:23,2024-01-22 08:28:35,31,120,4.68,1332,24.07,0.0,0.66,2.14,0.0,0.0,0.0,21.42,N,N,N,N,N,1026.0,934.0,92.0,2358.0,8,Monday,Bronx Park,Bronx,Highbridge Park,Manhattan,-73.87547596096849,40.85774514357254,-73.9301830388628,40.84666645895204,3.073,24.73,24.07,0.66,2.6499999999999986,0.10715729882733516,3.2816216216216216,7.961621621621621,0.6990303783783783,1.5923243243243244,2.291354702702703,19.1286452972973,29.204038621827937,2024-01
HV0003,B03404,B03404,2024-01-18 12:39:08,2024-01-18 12:40:58,2024-01-18 12:41:16,2024-01-18 12:52:57,236,237,0.75,701,9.11,0.0,0.25,0.81,2.75,0.0,0.0,7.58,N,N,N,N,N,128.0,110.0,18.0,829.0,12,Thursday,Upper East Side North,Manhattan,Upper East Side South,Manhattan,-73.957011704106,40.78043571518905,-73.96563449518534,40.76861447337675,3.073,12.11,9.11,3.0,1.5299999999999994,0.12634186622625923,0.11768901569186875,0.8676890156918687,0.07618309557774608,0.17353780313837375,0.24972089871611983,7.33027910128388,31.832333853585002,2024-01
HV0003,B03404,B03404,2024-01-18 23:34:32,2024-01-18 23:35:54,2024-01-18 23:36:28,2024-01-18 23:45:45,75,168,2.06,557,10.59,0.0,0.29,0.94,0.0,0.0,0.0,7.94,N,N,N,N,N,116.0,82.0,34.0,673.0,23,Thursday,East Harlem South,Manhattan,Mott Haven/Port Morris,Bronx,-73.94575002008068,40.79001009948004,-73.91682135545611,40.80734651795231,3.073,10.879999999999999,10.59,0.29,2.6499999999999995,0.2435661764705882,0.30326750448833034,2.3632675044883302,0.20749488689407541,0.47265350089766606,0.6801483877917415,7.259851612208259,38.83427311136661,2024-01
HV0003,B03404,B03404,2024-01-08 17:34:33,2024-01-08 17:36:16,2024-01-08 17:36:40,2024-01-08 18:06:44,168,129,5.98,1804,19.02,6.94,0.71,2.3,0.0,0.0,0.0,24.82,N,N,N,N,N,127.0,103.0,24.0,1931.0,17,Monday,Mott Haven/Port Morris,Bronx,Jackson Heights,Queens,-73.91682135545611,40.80734651795231,-73.88531716686686,40.7573109858269,3.073,26.67,19.02,7.65,-5.800000000000001,-0.21747281589801276,0.34143015521064307,6.321430155210644,0.5550215676274945,1.2642860310421289,1.8193075986696234,23.000692401330376,42.880627987979985,2024-01
HV0003,B03404,B03404,2024-01-30 08:46:20,2024-01-30 08:47:40,2024-01-30 08:47:47,2024-01-30 08:56:43,94,169,1.31,536,10.28,0.0,0.28,0.91,0.0,0.0,1.0,6.76,N,N,N,N,N,87.0,80.0,7.0,623.0,8,Tuesday,Fordham South,Bronx,Mount Hope,Bronx,-73.89953579023309,40.858154663426106,-73.90512230176171,40.849057751559215,3.073,11.559999999999999,10.28,0.28,4.52,0.39100346020761245,0.19552238805970149,1.5055223880597015,0.1321848656716418,0.3011044776119403,0.43328934328358215,6.3267106567164175,36.55884167604993,2024-01
HV0003,B03404,B03404,2024-01-31 00:59:40,2024-01-31 01:01:47,2024-01-31 01:03:37,2024-01-31 01:17:55,161,4,4.14,858,23.47,0.0,0.65,2.08,2.75,0.0,2.89,14.51,N,N,N,N,N,237.0,127.0,110.0,1095.0,1,Wednesday,Midtown Center,Manhattan,Alphabet City,Manhattan,-73.97769778229288,40.758027399461895,-73.97696809691621,40.723751540194456,3.073,29.759999999999998,23.47,3.4,11.85,0.39818548387096775,0.6127972027972028,4.752797202797202,0.4172955944055944,0.9505594405594405,1.367855034965035,13.142144965034966,43.20705193984099,2024-01
HV0003,B03404,B03404,2024-01-09 07:31:58,2024-01-09 07:33:53,2024-01-09 07:35:53,2024-01-09 08:23:20,163,195,13.71,2847,48.57,0.0,1.34,4.31,2.75,0.0,9.59,55.31,N,N,N,N,N,235.0,115.0,120.0,3082.0,7,Tuesday,Midtown North,Manhattan,Red Hook,Brooklyn,-73.97756832086549,40.764420870266285,-74.0091783484519,40.675548268957854,3.073,62.25,48.57,4.09,2.8499999999999943,0.04578313253012039,0.5537934668071655,14.263793466807167,1.2523610663856692,2.8527586933614337,4.105119759747103,51.2048802402529,59.81102169529864,2024-01
HV0003,B03404,B03404,2024-01-03 09:48:25,2024-01-03 09:53:48,2024-01-03 09:53:52,2024-01-03 10:11:30,157,129,3.44,1058,19.67,0.0,0.54,1.75,0.0,0.0,0.0,14.46,N,N,N,N,N,327.0,323.0,4.0,1385.0,9,Wednesday,Maspeth,Queens,Jackson Heights,Queens,-73.9023306735786,40.72399415934883,-73.88531716686686,40.7573109858269,3.073,20.21,19.67,0.54,5.210000000000001,0.25779317169717963,1.0502079395085064,4.490207939508506,0.39424025708884686,0.8980415879017013,1.2922818449905482,13.167718155009453,34.226559825295325,2024-01
HV0003,B03404,B03404,2024-01-13 05:43:29,2024-01-13 05:46:38,2024-01-13 05:47:27,2024-01-13 06:03:52,243,174,5.6,985,25.93,0.0,0.71,2.3,0.0,0.0,0.0,16.62,N,N,N,N,N,238.0,189.0,49.0,1223.0,5,Saturday,Washington Heights North,Manhattan,Norwood,Bronx,-73.93283150973461,40.85710754449232,-73.87902205824633,40.87713685159281,3.073,26.64,25.93,0.71,9.309999999999999,0.34947447447447444,1.074517766497462,6.674517766497462,0.5860226598984771,1.3349035532994924,1.9209262131979696,14.699073786802032,43.26791956867319,2024-01
HV0003,B03404,B03404,2024-01-22 21:35:36,2024-01-22 21:37:58,2024-01-22 21:39:38,2024-01-22 21:55:32,187,23,6.05,954,14.59,0.0,0.4,1.29,0.0,0.0,0.0,17.92,N,N,N,N,N,242.0,142.0,100.0,1196.0,21,Monday,Port Richmond,Staten Island,Bloomfield/Emerson Hill,Staten Island,-74.1407887613835,40.62816579457658,-74.17088529675294,40.60644812566737,3.073,14.99,14.59,0.4,-3.330000000000002,-0.22214809873248845,0.9005241090146751,6.950524109014675,0.6102560167714886,1.390104821802935,2.000360838574424,15.919639161425579,47.91864630529439,2024-01
HV0003,B03404,B03404,2024-01-25 07:04:51,2024-01-25 07:10:13,2024-01-25 07:10:13,2024-01-25 07:54:37,181,237,7.52,2664,47.95,0.0,1.32,4.26,2.75,0.0,8.44,34.92,N,N,N,N,N,322.0,322.0,0.0,2986.0,7,Thursday,Park Slope,Brooklyn,Upper East Side South,Manhattan,-73.98141426627474,40.67037356101699,-73.96563449518534,40.76861447337675,3.073,60.46,47.95,4.07,21.47,0.3551108170691366,0.9089489489489488,8.428948948948948,0.7400617177177177,1.6857897897897898,2.4258515075075073,32.49414849249249,39.175798584384786,2024-01
HV0003,B03404,B03404,2024-01-25 21:18:15,2024-01-25 21:19:13,2024-01-25 21:21:14,2024-01-25 21:56:14,236,13,9.54,2100,55.11,0.0,1.52,4.89,2.75,0.0,0.0,32.28,N,N,N,N,N,179.0,58.0,121.0,2279.0,21,Thursday,Upper East Side North,Manhattan,Battery Park City,Manhattan,-73.957011704106,40.78043571518905,-74.01607908770592,40.71203749145812,3.073,59.38,55.11,4.27,22.83,0.3844728864937689,0.26348571428571427,9.803485714285713,0.8607460457142856,1.9606971428571427,2.821443188571428,29.458556811428572,46.533920369084186,2024-01
HV0003,B03404,B03404,2024-01-01 00:45:03,2024-01-01 00:50:52,2024-01-01 00:51:48,2024-01-01 01:11:14,33,118,10.79,1166,58.64,13.88,1.99,6.44,0.0,0.0,0.0,35.14,N,N,N,N,N,405.0,349.0,56.0,1571.0,0,Monday,Brooklyn Heights,Brooklyn,Heartland Village/Todt Hill,Staten Island,-73.99524997291579,40.69579763638819,-74.13298478352195,40.58655467832247,3.073,74.50999999999999,58.64,15.870000000000001,23.5,0.3153939068581399,3.2295969125214405,14.01959691252144,1.2309206089193823,2.8039193825042883,4.03483999142367,31.10516000857633,71.27853343785792,2024-01
HV0003,B03404,B03404,2024-01-06 12:20:52,2024-01-06 12:23:05,2024-01-06 12:24:25,2024-01-06 12:30:38,83,157,1.11,373,8.87,0.0,0.24,0.79,0.0,0.0,0.0,5.41,N,N,N,N,N,213.0,133.0,80.0,586.0,12,Saturday,Elmhurst/Maspeth,Queens,Maspeth,Queens,-73.89217328348057,40.738323179532586,-73.9023306735786,40.72399415934883,3.073,9.11,8.87,0.24,3.459999999999999,0.37980241492864975,0.3957908847184987,1.5057908847184989,0.1322084396782842,0.3011581769436998,0.43336661662198395,4.976633383378016,30.573174368875186,2024-01
HV0003,B03404,B03404,2024-01-06 22:01:29,2024-01-06 22:01:55,2024-01-06 22:04:40,2024-01-06 22:49:32,163,61,10.66,2692,60.54,0.0,1.66,5.37,2.75,0.0,0.0,55.4,N,N,N,N,N,191.0,26.0,165.0,2883.0,22,Saturday,Midtown North,Manhattan,Crown Heights North,Brooklyn,-73.97756832086549,40.764420870266285,-73.93928693646026,40.67446920571126,3.073,64.94999999999999,60.54,4.41,5.140000000000001,0.07913779830638955,0.10295690936106984,10.76295690936107,0.944987616641902,2.1525913818722144,3.097578998514116,52.30242100148588,65.30999500705833,2024-01
HV0003,B03404,B03404,2024-01-19 22:34:13,2024-01-19 22:35:17,2024-01-19 22:37:17,2024-01-19 23:11:04,39,117,13.71,2027,38.8,5.2,1.21,3.91,0.0,0.0,0.0,37.06,N,N,N,N,N,184.0,64.0,120.0,2211.0,22,Friday,Canarsie,Brooklyn,Hammels/Arverne,Queens,-73.89973483047997,40.63803639656562,-73.7896236798251,40.594058457192666,3.073,45.21,38.8,6.41,1.7399999999999949,0.03848706038487049,0.43287617168228915,14.14287617168229,1.2417445278737052,2.8285752343364585,4.070319762210164,32.98968023778984,53.71454041431182,2024-01
HV0003,B03404,B03404,2024-01-09 18:30:16,2024-01-09 18:33:36,2024-01-09 18:35:48,2024-01-09 19:18:25,65,188,4.92,2557,36.23,0.0,1.0,3.22,0.0,0.0,0.0,31.5,N,N,N,N,N,332.0,200.0,132.0,2889.0,18,Tuesday,Downtown Brooklyn/MetroTech,Brooklyn,Prospect-Lefferts Gardens,Brooklyn,-73.98608580922685,40.69533700725102,-73.94744189565975,40.65874424163321,3.073,37.23,36.23,1.0,4.729999999999997,0.12704807950577485,0.38482596793116935,5.304825967931169,0.46576371998435667,1.0609651935862339,1.5267289135705906,29.97327108642941,37.349870512684625,2024-01
HV0003,B03404,B03404,2024-01-15 21:14:42,2024-01-15 21:16:07,2024-01-15 21:16:55,2024-01-15 21:23:35,162,164,1.24,400,20.18,0.0,0.55,1.79,2.75,0.0,0.0,11.97,N,N,N,N,N,133.0,85.0,48.0,533.0,21,Monday,Midtown East,Manhattan,Midtown South,Manhattan,-73.97235591714862,40.756686941672,-73.98515619423324,40.74857395489648,3.073,23.48,20.18,3.3,8.209999999999999,0.3496592844974446,0.2635,1.5035,0.13200730000000002,0.3007,0.4327073,11.5372927,77.92542911819888,2024-01
HV0003,B03404,B03404,2024-01-21 14:24:08,2024-01-21 14:30:08,2024-01-21 14:30:17,2024-01-21 15:02:23,89,232,9.2,1926,31.52,0.0,0.87,2.8,2.75,0.0,0.0,30.19,N,N,N,N,N,369.0,360.0,9.0,2295.0,14,Sunday,Flatbush/Ditmas Park,Brooklyn,Two Bridges/Seward Park,Manhattan,-73.96096812758745,40.637899248043546,-73.98302452983464,40.71473195717586,3.073,35.14,31.52,3.62,1.3299999999999983,0.037848605577689196,1.7196261682242988,10.919626168224298,0.9587431775700933,2.18392523364486,3.142668411214953,27.04733158878505,42.42718680593733,2024-01
HV0003,B03404,B03404,2024-01-25 08:27:49,2024-01-25 08:30:39,2024-01-25 08:32:11,2024-01-25 08:45:28,165,26,1.62,797,15.21,0.0,0.42,1.35,0.0,0.0,3.0,9.62,N,N,N,N,N,262.0,170.0,92.0,1059.0,8,Thursday,Midwood,Brooklyn,Borough Park,Brooklyn,-73.95682451037044,40.620923471324446,-73.9886606263467,40.63094893241426,3.073,18.630000000000003,15.21,0.42,8.590000000000002,0.4610842726784756,0.34554579673776664,1.9655457967377667,0.1725749209535759,0.39310915934755336,0.5656840803011293,9.05431591969887,30.779544202942336,2024-01
HV0003,B03404,B03404,2024-01-19 00:44:59,2024-01-19 00:47:02,2024-01-19 00:49:04,2024-01-19 01:00:08,35,39,2.5,664,14.35,0.0,0.39,1.27,0.0,0.0,0.0,11.26,N,N,N,N,N,245.0,123.0,122.0,909.0,0,Friday,Brownsville,Brooklyn,Canarsie,Brooklyn,-73.91025783392547,40.66400239681814,-73.89973483047997,40.63803639656562,3.073,14.74,14.35,0.39,3.09,0.20963364993215738,0.4631024096385542,2.9631024096385543,0.260160391566265,0.5926204819277109,0.8527808734939759,10.407219126506025,41.21670941190505,2024-01
HV0003,B03404,B03404,2024-01-29 11:34:09,2024-01-29 11:37:48,2024-01-29 11:38:21,2024-01-29 12:00:06,186,233,1.52,1305,13.4,0.0,0.37,1.19,0.75,0.0,0.0,14.27,Y,N,N,N,N,252.0,219.0,33.0,1557.0,11,Monday,Penn Station/Madison Sq West,Manhattan,UN/Turtle Bay South,Manhattan,-73.99243728054387,40.7484965983886,-73.9704423734757,40.74991338603123,3.073,14.52,13.4,1.12,-0.8699999999999992,-0.05991735537190077,0.25508045977011495,1.7750804597701149,0.1558520643678161,0.355016091954023,0.5108681563218391,13.75913184367816,31.813021603880138,2024-01
HV0003,B03404,B03404,2024-01-23 23:50:56,2024-01-23 23:53:25,2024-01-23 23:53:25,2024-01-23 23:56:36,164,90,0.71,191,9.17,0.0,0.25,0.81,2.75,0.0,0.0,5.39,N,N,N,N,N,149.0,149.0,0.0,340.0,23,Tuesday,Midtown South,Manhattan,Flatiron,Manhattan,-73.98515619423324,40.74857395489648,-73.9969712245153,40.742278038328486,3.073,12.17,9.17,3.0,3.7800000000000002,0.31059983566146265,0.5538743455497381,1.263874345549738,0.110968167539267,0.2527748691099476,0.3637430366492146,5.026256963350785,53.219191376655374,2024-01
HV0003,B03404,B03404,2024-01-30 23:47:21,2024-01-30 23:49:33,2024-01-30 23:51:33,2024-01-31 00:15:53,163,33,7.53,1460,45.59,0.0,1.25,4.05,2.75,0.0,0.0,24.75,N,N,N,N,N,252.0,132.0,120.0,1712.0,23,Tuesday,Midtown North,Manhattan,Brooklyn Heights,Brooklyn,-73.97756832086549,40.764420870266285,-73.99524997291579,40.69579763638819,3.073,49.59,45.59,4.0,20.840000000000003,0.4202460173422061,0.6807945205479452,8.210794520547946,0.7209077589041096,1.6421589041095892,2.363066663013699,22.386933336986303,47.07532711048521,2024-01
HV0003,B03404,B03404,2024-01-06 18:16:00,2024-01-06 18:18:48,2024-01-06 18:19:22,2024-01-06 18:55:32,219,80,14.06,2170,45.59,0.0,1.25,4.05,0.0,0.0,0.0,39.25,N,N,N,N,N,202.0,168.0,34.0,2372.0,18,Saturday,Springfield Gardens South,Queens,East Williamsburg,Brooklyn,-73.76450535543216,40.66218473801039,-73.93679348509205,40.71536904490185,3.073,46.84,45.59,1.25,6.340000000000003,0.13535439795046975,1.0885161290322583,15.14851612903226,1.3300397161290323,3.0297032258064522,4.359742941935485,34.89025705806451,52.953172600772454,2024-01
HV0003,B03404,B03404,2024-01-14 09:51:23,2024-01-14 09:52:27,2024-01-14 09:55:37,2024-01-14 10:04:28,113,125,1.41,531,21.34,0.0,0.59,1.89,2.75,0.0,0.0,13.7,N,N,N,N,N,254.0,64.0,190.0,785.0,9,Sunday,Greenwich Village North,Manhattan,Hudson Sq,Manhattan,-73.99430449266352,40.73257849687629,-74.00748558750799,40.72628992015588,3.073,24.68,21.34,3.34,7.640000000000001,0.3095623987034036,0.16994350282485873,1.5799435028248587,0.1387190395480226,0.31598870056497175,0.4547077401129943,13.245292259887005,60.7427415740041,2024-01
HV0003,B03404,B03404,2024-01-12 20:15:50,2024-01-12 20:20:08,2024-01-12 20:22:09,2024-01-12 20:38:17,87,137,4.86,968,23.82,0.0,0.66,2.11,2.75,0.0,0.0,16.5,N,N,N,N,N,379.0,258.0,121.0,1347.0,20,Friday,Financial District North,Manhattan,Kips Bay,Manhattan,-74.0074957883342,40.70680798106304,-73.97649447841282,40.74043833958882,3.073,27.23,23.82,3.41,7.32,0.2688211531399192,1.2953305785123967,6.155330578512397,0.5404380247933885,1.2310661157024796,1.771504140495868,14.728495859504132,39.36346332161461,2024-01
HV0003,B03404,B03404,2024-01-20 16:30:17,2024-01-20 16:34:10,2024-01-20 16:35:39,2024-01-20 16:54:51,130,197,3.42,1152,17.0,0.0,0.47,1.51,0.0,0.0,0.0,15.32,N,N,N,N,N,322.0,233.0,89.0,1474.0,16,Saturday,Jamaica,Queens,Richmond Hill,Queens,-73.79398135276409,40.70436829225682,-73.83092448484014,40.69454169265697,3.073,17.47,17.0,0.47,1.6799999999999997,0.0961648540354894,0.69171875,4.11171875,0.36100890625,0.8223437499999999,1.1833526562499999,14.13664734375,34.52641142299864,2024-01
HV0003,B03404,B03404,2024-01-14 12:40:46,2024-01-14 12:47:35,2024-01-14 12:48:07,2024-01-14 13:03:41,61,25,2.42,934,12.48,0.0,0.34,1.11,0.0,0.0,0.0,11.96,N,N,N,N,N,441.0,409.0,32.0,1375.0,12,Sunday,Crown Heights North,Brooklyn,Boerum Hill,Brooklyn,-73.93928693646026,40.67446920571126,-73.98611365960022,40.685633257491546,3.073,12.82,12.48,0.34,0.5199999999999996,0.04056162246489856,1.0597216274089936,3.4797216274089937,0.3055195588865096,0.6959443254817987,1.0014638843683084,10.958536115631693,28.69144001183571,2024-01
HV0003,B03404,B03404,2024-01-07 00:52:59,2024-01-07 00:55:03,2024-01-07 00:56:13,2024-01-07 01:23:11,17,216,14.35,1618,30.17,0.0,0.83,2.68,0.0,0.0,0.0,34.36,N,N,N,N,N,194.0,124.0,70.0,1812.0,0,Sunday,Bedford,Brooklyn,South Ozone Park,Queens,-73.94990474718477,40.69150649558427,-73.81945966887841,40.6761529751015,3.073,31.0,30.17,0.83,-4.189999999999998,-0.13516129032258056,1.0997527812113719,15.449752781211371,1.3564882941903584,3.0899505562422744,4.446438850432633,29.913561149567364,59.43091619119344,2024-01
HV0003,B03404,B03404,2024-01-15 10:53:37,2024-01-15 10:53:48,2024-01-15 10:56:31,2024-01-15 11:08:11,48,246,1.05,700,21.37,0.0,0.59,1.9,2.75,0.0,0.0,14.73,N,N,N,N,N,174.0,11.0,163.0,874.0,10,Monday,Clinton East,Manhattan,West Chelsea/Hudson Yards,Manhattan,-73.98984463380468,40.762252049908085,-74.00401522931482,40.75330822391948,3.073,24.71,21.37,3.34,6.640000000000001,0.26871711857547553,0.0165,1.0665,0.0936387,0.21330000000000002,0.3069387,14.4230613,59.4084904805492,2024-01
HV0003,B03404,B03404,2024-01-17 09:58:47,2024-01-17 10:00:33,2024-01-17 10:01:21,2024-01-17 10:21:28,81,174,2.55,1207,18.81,0.0,0.52,1.67,0.0,0.0,0.0,14.7,N,N,N,N,N,154.0,106.0,48.0,1361.0,10,Wednesday,Eastchester,Bronx,Norwood,Bronx,-73.83664438560328,40.88093458369951,-73.87902205824633,40.87713685159281,3.073,19.33,18.81,0.52,4.109999999999999,0.21262286601138125,0.22394366197183097,2.7739436619718307,0.24355225352112672,0.5547887323943662,0.798340985915493,13.901659014084506,36.7714713083793,2024-01
HV0003,B03404,B03404,2024-01-13 16:29:25,2024-01-13 16:30:58,2024-01-13 16:32:16,2024-01-13 16:43:11,181,49,1.72,655,13.38,0.0,0.37,1.19,0.0,0.0,0.0,8.42,N,N,N,N,N,171.0,93.0,78.0,826.0,16,Saturday,Park Slope,Brooklyn,Clinton Hill,Brooklyn,-73.98141426627474,40.67037356101699,-73.96236330714036,40.68796671165343,3.073,13.75,13.38,0.37,4.960000000000001,0.3607272727272728,0.24421374045801525,1.9642137404580153,0.17245796641221375,0.3928427480916031,0.5653007145038168,7.854699285496183,34.23355620797368,2024-01
HV0003,B03404,B03404,2024-01-04 15:58:13,2024-01-04 16:01:48,2024-01-04 16:01:58,2024-01-04 16:16:58,226,112,1.44,900,10.7,0.0,0.29,0.95,0.0,0.0,0.0,10.35,N,N,N,N,N,225.0,215.0,10.0,1125.0,16,Thursday,Sunnyside,Queens,Greenpoint,Brooklyn,-73.92467262943985,40.73769725609221,-73.94953985600077,40.72950555799535,3.073,10.989999999999998,10.7,0.29,0.34999999999999964,0.031847133757961756,0.34400000000000003,1.784,0.1566352,0.3568,0.5134352,9.8365648,31.477007359999998,2024-01
HV0003,B03404,B03404,2024-01-26 18:47:28,2024-01-26 18:48:31,2024-01-26 18:50:13,2024-01-26 18:57:17,17,225,1.49,424,10.0,0.0,0.28,0.89,0.0,0.0,1.0,5.95,N,N,N,N,N,165.0,63.0,102.0,589.0,18,Friday,Bedford,Brooklyn,Stuyvesant Heights,Brooklyn,-73.94990474718477,40.69150649558427,-73.93188774325893,40.68816752944304,3.073,11.28,10.0,0.28,5.05,0.44769503546099293,0.22139150943396224,1.7113915094339622,0.15026017452830187,0.3422783018867925,0.49253847641509435,5.4574615235849055,33.35630133260723,2024-01
HV0003,B03404,B03404,2024-01-23 12:07:00,2024-01-23 12:07:15,2024-01-23 12:11:02,2024-01-23 12:27:56,263,166,3.09,1014,22.04,0.0,0.61,1.96,2.75,0.0,0.0,13.59,N,N,N,N,N,242.0,15.0,227.0,1256.0,12,Tuesday,Yorkville West,Manhattan,Morningside Heights,Manhattan,-73.95100985225696,40.77876514921805,-73.96176346467264,40.809456315241775,3.073,25.4,22.04,3.36,8.45,0.3326771653543307,0.04571005917159763,3.1357100591715974,0.27531534319526624,0.6271420118343195,0.9024573550295858,12.687542644970414,36.365568090679524,2024-01
HV0003,B03404,B03404,2024-01-18 13:35:51,2024-01-18 13:38:36,2024-01-18 13:41:23,2024-01-18 13:53:53,142,237,1.57,750,27.11,0.0,0.75,2.41,2.75,0.0,0.0,16.33,N,N,N,N,N,332.0,165.0,167.0,1082.0,13,Thursday,Lincoln Square East,Manhattan,Upper East Side South,Manhattan,-73.98153210008745,40.77363265587896,-73.96563449518534,40.76861447337675,3.073,30.61,27.11,3.5,10.780000000000001,0.352172492649461,0.34540000000000004,1.9154,0.16817212,0.38308000000000003,0.55125212,15.778747879999997,52.49860662476893,2024-01
HV0003,B03404,B03404,2024-01-13 10:22:37,2024-01-13 10:23:55,2024-01-13 10:25:22,2024-01-13 10:41:42,248,127,5.21,980,16.32,0.0,0.45,1.45,0.0,0.0,0.0,16.06,N,N,N,N,N,165.0,78.0,87.0,1145.0,10,Saturday,West Farms/Bronx River,Bronx,Inwood,Manhattan,-73.87228952703794,40.83416474537906,-73.91930824408637,40.86607442573871,3.073,16.77,16.32,0.45,0.26000000000000156,0.015503875968992342,0.41467346938775507,5.624673469387755,0.49384633061224487,1.124934693877551,1.618781024489796,14.441218975510203,45.40470594920239,2024-01
HV0003,B03404,B03404,2024-01-13 20:20:29,2024-01-13 20:21:32,2024-01-13 20:23:08,2024-01-13 20:37:51,238,42,3.68,883,19.85,0.0,0.55,1.76,2.75,0.0,0.0,13.14,N,N,N,N,N,159.0,63.0,96.0,1042.0,20,Saturday,Upper West Side North,Manhattan,Central Harlem North,Manhattan,-73.97304858188282,40.79170437688446,-73.9407718835631,40.81825672430646,3.073,23.150000000000002,19.85,3.3,6.710000000000001,0.2898488120950324,0.262559456398641,3.9425594563986412,0.3461567202718007,0.7885118912797283,1.134668611551529,12.005331388448472,41.47715258964923,2024-01
HV0003,B03404,B03404,2024-01-04 12:15:00,2024-01-04 12:25:25,2024-01-04 12:25:25,2024-01-04 12:44:53,137,152,7.58,1168,50.09,0.0,1.38,4.45,2.75,0.0,8.8,36.06,N,N,N,N,N,625.0,625.0,0.0,1793.0,12,Thursday,Kips Bay,Manhattan,Manhattanville,Manhattan,-73.97649447841282,40.74043833958882,-73.95378198907079,40.81797460055961,3.073,63.02000000000001,50.09,4.13,22.83,0.3622659473183116,4.056078767123288,11.636078767123287,1.0216477157534247,2.3272157534246576,3.3488634691780823,32.71113653082192,65.67768628608974,2024-01
HV0003,B03404,B03404,2024-01-20 01:21:41,2024-01-20 01:24:15,2024-01-20 01:25:01,2024-01-20 01:31:25,66,65,0.96,384,8.88,0.0,0.24,0.79,0.0,0.0,0.0,5.4,N,N,N,N,N,200.0,154.0,46.0,584.0,1,Saturday,DUMBO/Vinegar Hill,Brooklyn,Downtown Brooklyn/MetroTech,Brooklyn,-73.98570143908047,40.70225846444536,-73.98608580922685,40.69533700725102,3.073,9.120000000000001,8.88,0.24,3.4800000000000004,0.3815789473684211,0.385,1.345,0.118091,0.269,0.387091,5.0129090000000005,30.901493835616442,2024-01
HV0003,B03404,B03404,2024-01-26 08:19:01,2024-01-26 08:21:53,2024-01-26 08:22:45,2024-01-26 08:29:30,168,159,0.86,405,8.88,0.0,0.24,0.79,0.0,0.0,0.0,5.39,N,N,N,N,N,224.0,172.0,52.0,629.0,8,Friday,Mott Haven/Port Morris,Bronx,Melrose South,Bronx,-73.91682135545611,40.80734651795231,-73.9128491499624,40.81825923634175,3.073,9.120000000000001,8.88,0.24,3.490000000000001,0.3826754385964913,0.3652345679012346,1.2252345679012346,0.1075755950617284,0.24504691358024694,0.3526225086419753,5.037377491358025,28.83077737502208,2024-01
HV0003,B03404,B03404,2024-01-04 01:22:51,2024-01-04 01:25:05,2024-01-04 01:27:07,2024-01-04 01:40:18,92,173,2.74,791,10.99,0.0,0.3,0.98,0.0,0.0,0.0,11.05,N,N,N,N,N,256.0,134.0,122.0,1047.0,1,Thursday,Flushing,Queens,North Corona,Queens,-73.8288586430752,40.76110071120437,-73.86303760148317,40.7525784829494,3.073,11.290000000000001,10.99,0.3,-0.0600000000000005,-0.0053144375553587685,0.4641719342604299,3.20417193426043,0.28132629582806573,0.640834386852086,0.9221606826801518,10.127839317319848,34.82351627731753,2024-01
HV0003,B03404,B03404,2024-01-23 05:41:51,2024-01-23 05:46:00,2024-01-23 05:46:08,2024-01-23 05:58:52,188,106,3.62,764,16.53,0.0,0.45,1.47,0.0,0.0,0.0,11.94,N,N,N,N,N,257.0,249.0,8.0,1021.0,5,Tuesday,Prospect-Lefferts Gardens,Brooklyn,Gowanus,Brooklyn,-73.94744189565975,40.65874424163321,-73.99064748886755,40.67351226923787,3.073,16.98,16.53,0.45,4.590000000000002,0.2703180212014135,1.1798167539267015,4.799816753926701,0.4214239109947644,0.9599633507853403,1.3813872617801048,10.558612738219894,37.2291928086108,2024-01
HV0003,B03404,B03404,2024-01-17 07:35:46,2024-01-17 07:41:46,2024-01-17 07:42:52,2024-01-17 08:28:49,171,145,8.88,2757,38.73,0.0,1.07,3.44,0.0,0.0,0.0,37.59,N,N,N,N,N,426.0,360.0,66.0,3183.0,7,Wednesday,Murray Hill-Queens,Queens,Long Island City/Hunters Point,Queens,-73.80954545137605,40.768350879648686,-73.94889136420674,40.74537869757109,3.073,39.8,38.73,1.07,1.1399999999999935,0.028643216080401847,1.1595212187159958,10.039521218715997,0.8814699630032646,2.0079042437431993,2.889374206746464,34.700625793253536,39.24670212243567,2024-01
HV0003,B03404,B03404,2024-01-24 16:34:47,2024-01-24 16:38:03,2024-01-24 16:38:25,2024-01-24 16:45:48,102,160,1.31,443,12.48,0.0,0.34,1.11,0.0,0.0,0.0,5.88,N,N,N,N,N,218.0,196.0,22.0,661.0,16,Wednesday,Glendale,Queens,Middle Village,Queens,-73.87573709634573,40.70354544399082,-73.880051202423,40.71833605673999,3.073,12.82,12.48,0.34,6.6000000000000005,0.514820592823713,0.5795936794582394,1.8895936794582395,0.16590632505643343,0.37791873589164793,0.5438250609480814,5.336174939051919,29.062374857166272,2024-01
HV0003,B03404,B03404,2024-01-26 16:06:56,2024-01-26 16:08:34,2024-01-26 16:10:35,2024-01-26 16:36:31,113,237,3.29,1556,25.88,0.0,0.71,2.3,2.75,0.0,0.0,19.14,N,N,N,N,N,219.0,98.0,121.0,1775.0,16,Friday,Greenwich Village North,Manhattan,Upper East Side South,Manhattan,-73.99430449266352,40.73257849687629,-73.96563449518534,40.76861447337675,3.073,29.34,25.88,3.46,6.739999999999998,0.22972051806407628,0.20721079691516708,3.497210796915167,0.3070551079691517,0.6994421593830334,1.0064972673521853,18.133502732647816,36.77780835917304,2024-01
HV0003,B03404,B03404,2024-01-11 23:07:17,2024-01-11 23:09:51,2024-01-11 23:10:47,2024-01-11 23:36:03,256,223,6.22,1516,25.03,0.0,0.69,2.22,0.0,0.0,0.0,22.42,N,N,N,N,N,210.0,154.0,56.0,1726.0,23,Thursday,Williamsburg (South Side),Brooklyn,Steinway,Queens,-73.95990445316505,40.71087946812129,-73.90540723993595,40.77742599740797,3.073,25.720000000000002,25.03,0.69,2.6099999999999994,0.10147744945567648,0.6318469656992084,6.851846965699208,0.6015921635883905,1.3703693931398417,1.9719615567282323,20.44803844327177,42.64944287125051,2024-01
HV0003,B03404,B03404,2024-01-05 10:51:16,2024-01-05 10:54:00,2024-01-05 10:55:00,2024-01-05 10:58:27,216,216,0.81,207,8.93,0.0,0.25,0.79,0.0,0.0,0.0,5.4,N,N,N,N,N,224.0,164.0,60.0,431.0,10,Friday,South Ozone Park,Queens,South Ozone Park,Queens,-73.81945966887841,40.6761529751015,-73.81945966887841,40.6761529751015,3.073,9.18,8.93,0.25,3.5299999999999994,0.3845315904139433,0.6417391304347826,1.4517391304347826,0.1274626956521739,0.29034782608695653,0.41781052173913047,4.98218947826087,41.614575688489865,2024-01
HV0003,B03404,B03404,2024-01-31 12:31:18,2024-01-31 12:32:41,2024-01-31 12:33:20,2024-01-31 12:47:55,185,250,3.5,875,13.37,0.0,0.37,1.19,0.0,0.0,0.0,12.82,N,N,N,N,N,122.0,83.0,39.0,997.0,12,Wednesday,Pelham Parkway,Bronx,Westchester Village/Unionport,Bronx,-73.85439388215148,40.85440439427695,-73.848640882231,40.83210078158579,3.073,13.739999999999998,13.37,0.37,0.5499999999999989,0.04002911208151375,0.332,3.832,0.3364496,0.7664,1.1028495999999999,11.717150400000001,42.308667442326986,2024-01
HV0003,B03404,B03404,2024-01-03 09:38:37,2024-01-03 09:43:04,2024-01-03 09:44:57,2024-01-03 09:59:07,163,233,1.22,850,12.7,0.0,0.35,1.13,2.75,0.0,0.0,9.59,N,N,N,N,N,380.0,267.0,113.0,1230.0,9,Wednesday,Midtown North,Manhattan,UN/Turtle Bay South,Manhattan,-73.97756832086549,40.764420870266285,-73.9704423734757,40.74991338603123,3.073,15.799999999999999,12.7,3.1,3.1099999999999994,0.19683544303797465,0.38322352941176474,1.6032235294117647,0.14076302588235293,0.32064470588235294,0.46140773176470584,9.128592268235295,26.71783102898135,2024-01
HV0003,B03404,B03404,2024-01-06 15:29:31,2024-01-06 15:30:28,2024-01-06 15:30:45,2024-01-06 15:42:57,161,164,1.62,732,16.33,0.0,0.45,1.45,2.75,0.0,0.0,9.3,N,N,N,N,N,74.0,57.0,17.0,806.0,15,Saturday,Midtown Center,Manhattan,Midtown South,Manhattan,-73.97769778229288,40.758027399461895,-73.98515619423324,40.74857395489648,3.073,19.529999999999998,16.33,3.2,7.029999999999998,0.35995903737839213,0.12614754098360656,1.7461475409836067,0.15331175409836065,0.3492295081967214,0.502541262295082,8.797458737704918,39.29386036692023,2024-01
HV0003,B03404,B03404,2024-01-08 16:49:56,2024-01-08 16:50:56,2024-01-08 16:52:56,2024-01-08 17:05:01,49,181,1.52,725,12.17,0.0,0.33,1.08,0.0,0.0,0.0,8.82,N,N,N,N,N,180.0,60.0,120.0,905.0,16,Monday,Clinton Hill,Brooklyn,Park Slope,Brooklyn,-73.96236330714036,40.68796671165343,-73.98141426627474,40.67037356101699,3.073,12.5,12.17,0.33,3.3499999999999996,0.26799999999999996,0.12579310344827585,1.6457931034482758,0.1445006344827586,0.3291586206896552,0.4736592551724138,8.346340744827586,33.200913460087634,2024-01
HV0003,B03404,B03404,2024-01-30 18:17:00,2024-01-30 18:18:24,2024-01-30 18:19:50,2024-01-30 18:39:55,17,181,2.35,1205,19.22,0.0,0.53,1.71,0.0,0.0,0.0,14.42,N,N,N,N,N,170.0,84.0,86.0,1375.0,18,Tuesday,Bedford,Brooklyn,Park Slope,Brooklyn,-73.94990474718477,40.69150649558427,-73.98141426627474,40.67037356101699,3.073,19.75,19.22,0.53,4.799999999999999,0.24303797468354424,0.16381742738589214,2.5138174273858924,0.22071317012448133,0.5027634854771785,0.7234766556016599,13.69652334439834,35.85998839260657,2024-01
HV0003,B03404,B03404,2024-01-22 20:44:30,2024-01-22 20:49:12,2024-01-22 20:50:04,2024-01-22 20:53:42,25,33,0.8,218,8.94,0.0,0.25,0.79,0.0,0.0,0.0,5.4,N,N,N,N,N,334.0,282.0,52.0,552.0,20,Monday,Boerum Hill,Brooklyn,Brooklyn Heights,Brooklyn,-73.98611365960022,40.685633257491546,-73.99524997291579,40.69579763638819,3.073,9.19,8.94,0.25,3.539999999999999,0.3852013057671381,1.034862385321101,1.834862385321101,0.16110091743119268,0.3669724770642202,0.5280733944954129,4.871926605504587,31.773434383725572,2024-01
HV0003,B03404,B03404,2024-01-06 20:37:18,2024-01-06 20:39:12,2024-01-06 20:41:23,2024-01-06 21:02:08,261,230,5.04,1245,29.85,0.0,0.82,2.65,2.75,0.0,0.0,18.33,N,N,N,N,N,245.0,114.0,131.0,1490.0,20,Saturday,World Trade Center,Manhattan,Times Sq/Theatre District,Manhattan,-74.01302266265675,40.7091384408997,-73.98419629996178,40.7598170009371,3.073,33.42,29.85,3.57,11.520000000000003,0.3447037701974866,0.46149397590361446,5.501493975903615,0.48303117108433735,1.100298795180723,1.5833299662650604,16.746670033734937,40.46175310164146,2024-01
HV0003,B03404,B03404,2024-01-18 14:57:14,2024-01-18 15:00:17,2024-01-18 15:02:18,2024-01-18 15:23:24,33,181,2.11,1266,32.05,0.0,0.88,2.84,0.0,0.0,5.0,15.11,N,N,N,N,N,304.0,183.0,121.0,1570.0,15,Thursday,Brooklyn Heights,Brooklyn,Park Slope,Brooklyn,-73.99524997291579,40.69579763638819,-73.98141426627474,40.67037356101699,3.073,37.93,32.05,0.88,21.939999999999998,0.5784339572897442,0.305,2.415,0.212037,0.48300000000000004,0.695037,14.414963,33.05341834394905,2024-01
HV0003,B03404,B03404,2024-01-28 16:10:57,2024-01-28 16:13:56,2024-01-28 16:15:58,2024-01-28 16:34:28,35,76,3.66,1110,19.03,0.0,0.52,1.69,0.0,0.0,0.0,15.24,N,N,N,N,N,301.0,179.0,122.0,1411.0,16,Sunday,Brownsville,Brooklyn,East New York,Brooklyn,-73.91025783392547,40.66400239681814,-73.87682032859912,40.66093356035302,3.073,19.55,19.03,0.52,3.790000000000001,0.19386189258312025,0.5902162162162162,4.2502162162162165,0.3731689837837838,0.8500432432432433,1.2232122270270271,14.016787772972974,35.76218000191545,2024-01
HV0003,B03404,B03404,2024-01-16 17:59:46,2024-01-16 18:06:05,2024-01-16 18:06:17,2024-01-16 18:25:54,254,69,7.69,1177,24.6,0.0,0.68,2.18,0.0,0.0,0.0,21.17,N,N,N,N,N,391.0,379.0,12.0,1568.0,18,Tuesday,Williamsbridge/Olinville,Bronx,East Concourse/Concourse Village,Bronx,-73.85894858301965,40.88215615951764,-73.9150298985607,40.83141570129418,3.073,25.28,24.6,0.68,3.4299999999999997,0.13568037974683542,2.4762192013593887,10.16621920135939,0.8925940458793543,2.033243840271878,2.9258378861512324,18.24416211384877,41.88710689404054,2024-01
HV0003,B03404,B03404,2024-01-16 16:56:41,2024-01-16 17:00:28,2024-01-16 17:01:37,2024-01-16 17:07:56,95,95,0.91,379,9.8,0.0,0.27,0.87,0.0,0.0,3.0,5.4,N,N,N,N,N,296.0,227.0,69.0,675.0,17,Tuesday,Forest Hills,Queens,Forest Hills,Queens,-73.84766918479201,40.72143087062858,-73.84766918479201,40.72143087062858,3.073,13.07,9.8,0.27,7.4,0.5661820964039785,0.5450395778364117,1.4550395778364118,0.12775247493403696,0.2910079155672824,0.41876039050131936,4.981239609498681,26.566611250659633,2024-01
HV0003,B03404,B03404,2024-01-25 13:54:55,2024-01-25 13:56:57,2024-01-25 13:57:10,2024-01-25 14:14:10,231,261,3.06,1020,24.38,0.0,0.67,2.16,2.75,0.0,0.0,13.61,N,N,N,N,N,135.0,122.0,13.0,1155.0,13,Thursday,TriBeCa/Civic Center,Manhattan,World Trade Center,Manhattan,-74.00787947243188,40.717772159208046,-74.01302266265675,40.7091384408997,3.073,27.8,24.38,3.42,10.77,0.38741007194244603,0.36600000000000005,3.426,0.3008028,0.6852,0.9860028000000001,12.6239972,39.34752374025974,2024-01
HV0003,B03404,B03404,2024-01-15 22:29:02,2024-01-15 22:37:31,2024-01-15 22:37:54,2024-01-15 22:44:30,249,68,1.13,396,8.23,0.0,0.23,0.73,2.75,0.0,0.0,5.39,N,N,N,N,N,532.0,509.0,23.0,928.0,22,Monday,West Village,Manhattan,East Chelsea,Manhattan,-74.00287478437944,40.73457538224023,-73.99991751678058,40.748426777755405,3.073,11.21,8.23,2.98,2.8400000000000007,0.2533452274754684,1.4524494949494946,2.5824494949494943,0.22673906565656562,0.5164898989898988,0.7432289646464645,4.646771035353535,18.026266947492164,2024-01
HV0003,B03404,B03404,2024-01-21 10:04:24,2024-01-21 10:06:22,2024-01-21 10:06:25,2024-01-21 10:15:05,119,220,4.32,520,18.74,0.0,0.52,1.66,0.0,0.0,0.0,10.57,N,N,N,N,N,121.0,118.0,3.0,641.0,10,Sunday,Highbridge,Bronx,Spuyten Duyvil/Kingsbridge,Bronx,-73.92615739281834,40.83782626996652,-73.91066473993713,40.88240269359515,3.073,19.259999999999998,18.74,0.52,8.169999999999998,0.4241952232606438,0.9803076923076923,5.300307692307692,0.46536701538461533,1.0600615384615384,1.5254285538461536,9.044571446153846,50.796345095403815,2024-01
HV0003,B03404,B03404,2024-01-26 21:01:44,2024-01-26 21:04:36,2024-01-26 21:04:55,2024-01-26 21:23:53,171,7,6.74,1138,25.02,0.0,0.69,2.22,0.0,0.0,0.0,19.56,N,N,N,N,N,191.0,172.0,19.0,1329.0,21,Friday,Murray Hill-Queens,Queens,Astoria,Queens,-73.80954545137605,40.768350879648686,-73.91969416440043,40.761491926149866,3.073,25.71,25.02,0.69,5.460000000000001,0.21236872812135357,1.0186994727592267,7.758699472759227,0.6812138137082602,1.5517398945518455,2.232953708260106,17.327046291739894,46.935565575819126,2024-01
HV0003,B03404,B03404,2024-01-21 14:16:48,2024-01-21 14:21:33,2024-01-21 14:23:33,2024-01-21 15:04:19,129,261,12.15,2446,25.85,6.94,0.9,2.91,2.75,0.0,0.0,38.96,N,N,N,N,N,405.0,285.0,120.0,2851.0,14,Sunday,Jackson Heights,Queens,World Trade Center,Manhattan,-73.88531716686686,40.7573109858269,-74.01302266265675,40.7091384408997,3.073,36.44,25.85,10.59,-13.11,-0.3597694840834248,1.4156786590351595,13.56567865903516,1.1910665862632872,2.713135731807032,3.904202318070319,35.05579768192968,44.26547585231388,2024-01
HV0003,B03404,B03404,2024-01-31 11:51:18,2024-01-31 11:56:17,2024-01-31 11:57:22,2024-01-31 12:13:38,56,175,7.37,976,21.55,0.0,0.59,1.91,0.0,0.0,0.0,18.86,Y,N,N,N,N,364.0,299.0,65.0,1340.0,11,Wednesday,Corona,Queens,Oakland Gardens,Queens,-73.85884532361277,40.7414060161842,-73.75462204743864,40.74267030986663,3.073,22.14,21.55,0.59,2.6900000000000013,0.12149954832881668,2.25781762295082,9.62781762295082,0.8453223872950819,1.925563524590164,2.7708859118852462,16.089114088114755,43.22448560986054,2024-01
HV0003,B03404,B03404,2024-01-09 12:04:40,2024-01-09 12:05:47,2024-01-09 12:07:48,2024-01-09 12:17:06,42,166,1.15,558,10.11,0.0,0.28,0.9,0.0,0.0,0.0,6.76,N,N,N,N,N,188.0,67.0,121.0,746.0,12,Tuesday,Central Harlem North,Manhattan,Morningside Heights,Manhattan,-73.9407718835631,40.81825672430646,-73.96176346467264,40.809456315241775,3.073,10.389999999999999,10.11,0.28,3.3499999999999996,0.3224254090471607,0.13808243727598565,1.2880824372759856,0.11309363799283152,0.2576164874551971,0.3707101254480286,6.389289874551971,30.83303424716769,2024-01
HV0003,B03404,B03404,2024-01-12 14:10:43,2024-01-12 14:12:07,2024-01-12 14:12:31,2024-01-12 15:04:31,25,239,8.43,3120,52.24,0.0,1.44,4.64,2.75,0.0,0.0,43.41,N,N,N,N,N,108.0,84.0,24.0,3228.0,14,Friday,Boerum Hill,Brooklyn,Upper West Side South,Manhattan,-73.98611365960022,40.685633257491546,-73.97863166507607,40.783960878966745,3.073,56.43,52.24,4.1899999999999995,8.830000000000005,0.1564770512138934,0.22696153846153846,8.656961538461537,0.760081223076923,1.7313923076923077,2.491473530769231,40.91852646923076,45.63404438947669,2024-01
HV0003,B03404,B03404,2024-01-18 19:15:20,2024-01-18 19:17:27,2024-01-18 19:17:27,2024-01-18 19:29:19,242,254,2.71,712,16.93,0.0,0.47,1.5,0.0,0.0,0.0,10.25,N,N,N,N,N,127.0,127.0,0.0,839.0,19,Thursday,Van Nest/Morris Park,Bronx,Williamsbridge/Olinville,Bronx,-73.85067119492659,40.84678260105803,-73.85894858301965,40.88215615951764,3.073,17.4,16.93,0.47,6.68,0.3839080459770115,0.4833848314606741,3.193384831460674,0.28037918820224716,0.6386769662921349,0.919056154494382,9.330943845505619,40.03742293661529,2024-01
HV0003,B03404,B03404,2024-01-26 16:12:32,2024-01-26 16:12:55,2024-01-26 16:13:00,2024-01-26 16:41:04,232,74,7.11,1684,31.75,0.0,0.87,2.82,2.75,0.0,0.0,25.17,N,N,N,N,N,28.0,23.0,5.0,1712.0,16,Friday,Two Bridges/Seward Park,Manhattan,East Harlem North,Manhattan,-73.98302452983464,40.71473195717586,-73.93734546230694,40.80116855904873,3.073,35.37,31.75,3.62,6.579999999999998,0.18603336160588066,0.09710807600950119,7.207108076009502,0.6327840890736343,1.4414216152019004,2.074205704275535,23.095794295724467,48.56592258446734,2024-01
HV0003,B03404,B03404,2024-01-17 12:39:04,2024-01-17 12:43:18,2024-01-17 12:44:38,2024-01-17 13:08:48,141,231,8.72,1450,35.07,0.0,0.96,3.11,2.75,0.0,0.0,25.09,N,N,N,N,N,334.0,254.0,80.0,1784.0,12,Wednesday,Lenox Hill West,Manhattan,TriBeCa/Civic Center,Manhattan,-73.95963478688095,40.76694745582751,-74.00787947243188,40.717772159208046,3.073,38.78,35.07,3.71,9.98,0.25734914904589995,1.527503448275862,10.247503448275863,0.8997308027586207,2.0495006896551726,2.9492314924137935,22.140768507586206,44.678680844904896,2024-01
HV0003,B03404,B03404,2024-01-11 11:48:33,2024-01-11 11:55:48,2024-01-11 11:58:17,2024-01-11 12:22:54,174,81,2.82,1477,17.9,0.0,0.49,1.59,0.0,0.0,0.0,17.6,Y,N,N,N,N,584.0,435.0,149.0,2061.0,11,Thursday,Norwood,Bronx,Eastchester,Bronx,-73.87902205824633,40.87713685159281,-73.83664438560328,40.88093458369951,3.073,18.389999999999997,17.9,0.49,0.29999999999999716,0.01631321370309936,0.8305348679756263,3.650534867975626,0.32051696140825997,0.7301069735951252,1.0506239350033852,16.549376064996615,28.907207100430767,2024-01
HV0003,B03404,B03404,2024-01-08 19:47:46,2024-01-08 19:49:44,2024-01-08 19:51:00,2024-01-08 20:04:05,142,229,2.1,785,17.19,0.0,0.47,1.53,2.75,0.0,3.0,10.14,N,N,N,N,N,194.0,118.0,76.0,979.0,19,Monday,Lincoln Square East,Manhattan,Sutton Place/Turtle Bay North,Manhattan,-73.98153210008745,40.77363265587896,-73.96514558738956,40.75672829786632,3.073,23.41,17.19,3.2199999999999998,10.05,0.4293037163605297,0.3156687898089172,2.415668789808917,0.21209571974522293,0.4831337579617834,0.6952294777070064,9.444770522292995,34.73051468871786,2024-01
HV0003,B03404,B03404,2024-01-18 17:33:27,2024-01-18 17:37:38,2024-01-18 17:39:13,2024-01-18 17:49:05,112,112,1.03,592,9.22,0.0,0.25,0.82,0.0,0.0,0.0,6.92,N,N,N,N,N,346.0,251.0,95.0,938.0,17,Thursday,Greenpoint,Brooklyn,Greenpoint,Brooklyn,-73.94953985600077,40.72950555799535,-73.94953985600077,40.72950555799535,3.073,9.47,9.22,0.25,2.3000000000000007,0.2428722280887012,0.4367060810810811,1.4667060810810812,0.12877679391891894,0.2933412162162163,0.4221180101351352,6.497881989864864,24.938566272402465,2024-01
HV0003,B03404,B03404,2024-01-12 19:23:38,2024-01-12 19:25:24,2024-01-12 19:26:00,2024-01-12 19:48:08,176,14,7.77,1328,25.24,0.0,0.69,2.24,0.0,0.0,2.81,22.69,N,N,N,N,N,142.0,106.0,36.0,1470.0,19,Friday,Oakwood,Staten Island,Bay Ridge,Brooklyn,-74.12258340624484,40.56199391185881,-74.02989257930119,40.62483341741767,3.073,28.74,25.24,0.69,5.359999999999996,0.18649965205288782,0.62019578313253,8.39019578313253,0.7366591897590361,1.678039156626506,2.414698346385542,20.27530165361446,49.653799968035415,2024-01
HV0003,B03404,B03404,2024-01-24 17:15:50,2024-01-24 17:18:05,2024-01-24 17:18:05,2024-01-24 17:32:57,179,260,1.98,892,16.95,0.0,0.47,1.5,0.0,0.0,0.0,10.99,N,N,N,N,N,135.0,135.0,0.0,1027.0,17,Wednesday,Old Astoria,Queens,Woodside,Queens,-73.92833280320959,40.77156956195687,-73.90630705433507,40.74423288564698,3.073,17.419999999999998,16.95,0.47,5.959999999999999,0.34213547646383463,0.2996636771300448,2.2796636771300447,0.20015447085201793,0.455932735426009,0.656087206278027,10.333912793721973,36.22403705686378,2024-01
HV0003,B03404,B03404,2024-01-10 15:57:37,2024-01-10 15:57:44,2024-01-10 15:59:45,2024-01-10 16:31:16,237,179,3.88,1891,37.94,0.0,1.04,3.37,2.75,0.0,0.0,22.89,N,N,N,N,N,128.0,7.0,121.0,2019.0,15,Wednesday,Upper East Side South,Manhattan,Old Astoria,Queens,-73.96563449518534,40.76861447337675,-73.92833280320959,40.77156956195687,3.073,41.73,37.94,3.79,15.049999999999997,0.36065180924994006,0.014362771020624008,3.894362771020624,0.3419250512956108,0.7788725542041248,1.1207976054997357,21.769202394500265,38.81581407637492,2024-01
HV0003,B03404,B03404,2024-01-25 00:38:20,2024-01-25 00:45:01,2024-01-25 00:45:01,2024-01-25 00:54:30,89,71,1.19,569,8.86,0.0,0.24,0.79,0.0,0.0,1.0,6.91,N,N,N,N,N,401.0,401.0,0.0,970.0,0,Thursday,Flatbush/Ditmas Park,Brooklyn,East Flatbush/Farragut,Brooklyn,-73.96096812758745,40.637899248043546,-73.93796628102253,40.64428722355921,3.073,10.1,8.86,0.24,2.9499999999999993,0.292079207920792,0.838646748681898,2.028646748681898,0.17811518453427064,0.40572934973637964,0.5838445342706503,6.32615546572935,23.47851513054192,2024-01
HV0003,B03404,B03404,2024-01-10 20:11:48,2024-01-10 20:13:31,2024-01-10 20:14:41,2024-01-10 20:33:08,162,211,2.76,1107,29.83,0.0,0.82,2.65,2.75,0.0,0.0,22.51,N,N,N,N,N,173.0,103.0,70.0,1280.0,20,Wednesday,Midtown East,Manhattan,SoHo,Manhattan,-73.97235591714862,40.756686941672,-74.00153738622468,40.72388757677251,3.073,33.4,29.83,3.57,7.319999999999997,0.2191616766467065,0.2568021680216802,3.01680216802168,0.2648752303523035,0.603360433604336,0.8682356639566395,21.641764336043362,60.86746219512195,2024-01
HV0003,B03404,B03404,2024-01-24 08:28:50,2024-01-24 08:35:27,2024-01-24 08:35:43,2024-01-24 08:49:42,188,177,1.58,839,13.38,0.0,0.37,1.19,0.0,0.0,0.0,9.96,N,N,N,N,N,413.0,397.0,16.0,1252.0,8,Wednesday,Prospect-Lefferts Gardens,Brooklyn,Ocean Hill,Brooklyn,-73.94744189565975,40.65874424163321,-73.91363235241506,40.67664341763747,3.073,13.75,13.38,0.37,3.42,0.2487272727272727,0.7476281287246723,2.3276281287246725,0.20436574970202623,0.4655256257449345,0.6698913754469608,9.29010862455304,26.712772402868165,2024-01
HV0003,B03404,B03404,2024-01-30 20:54:02,2024-01-30 20:59:25,2024-01-30 20:59:25,2024-01-30 21:17:21,153,32,6.78,1076,16.06,0.0,0.44,1.43,0.0,0.0,3.0,19.02,N,N,N,N,N,323.0,323.0,0.0,1399.0,20,Tuesday,Marble Hill,Manhattan,Bronxdale,Bronx,-73.91037847684808,40.87596732674075,-73.86490087169818,40.86400152279616,3.073,19.5,16.06,0.44,0.03999999999999915,0.0020512820512820075,2.035260223048327,8.815260223048327,0.7739798475836431,1.7630520446096654,2.5370318921933084,16.48296810780669,42.415071614084404,2024-01
HV0003,B03404,B03404,2024-01-14 00:16:29,2024-01-14 00:21:31,2024-01-14 00:22:02,2024-01-14 00:39:29,245,5,9.38,1047,55.68,0.0,1.53,4.94,0.0,0.0,6.21,27.99,N,N,N,N,N,333.0,302.0,31.0,1380.0,0,Sunday,West Brighton,Staten Island,Arden Heights,Staten Island,-74.10286029241341,40.63004903591536,-74.18848507307743,40.5526586209353,3.073,63.42,55.68,1.53,33.900000000000006,0.534531693472091,2.7055969436485197,12.08559694364852,1.06111541165234,2.417119388729704,3.478234800382044,24.511765199617955,63.94373530335118,2024-01
HV0003,B03404,B03404,2024-01-05 00:02:10,2024-01-05 00:04:32,2024-01-05 00:06:00,2024-01-05 00:25:14,177,181,5.06,1154,23.23,0.0,0.64,2.06,0.0,0.0,0.0,18.5,N,N,N,N,N,230.0,142.0,88.0,1384.0,0,Friday,Ocean Hill,Brooklyn,Park Slope,Brooklyn,-73.91363235241506,40.67664341763747,-73.98141426627474,40.67037356101699,3.073,23.87,23.23,0.64,4.73,0.19815668202764977,0.62263431542461,5.682634315424609,0.4989352928942807,1.136526863084922,1.6354621559792026,16.8645378440208,43.8672949699963,2024-01
HV0003,B03404,B03404,2024-01-13 12:10:39,2024-01-13 12:12:25,2024-01-13 12:13:21,2024-01-13 12:26:42,228,181,1.98,801,14.25,0.0,0.39,1.26,0.0,0.0,0.0,11.13,N,N,N,N,N,162.0,106.0,56.0,963.0,12,Saturday,Sunset Park West,Brooklyn,Park Slope,Brooklyn,-74.01127289375856,40.652353822117504,-73.98141426627474,40.67037356101699,3.073,14.64,14.25,0.39,3.119999999999999,0.2131147540983606,0.26202247191011235,2.2420224719101123,0.19684957303370787,0.44840449438202246,0.6452540674157303,10.484745932584271,39.195311897511296,2024-01
HV0003,B03404,B03404,2024-01-12 20:33:58,2024-01-12 20:36:35,2024-01-12 20:36:53,2024-01-12 20:55:31,229,48,1.66,1118,17.9,0.0,0.49,1.59,2.75,0.0,0.0,12.69,N,N,N,N,N,175.0,157.0,18.0,1293.0,20,Friday,Sutton Place/Turtle Bay North,Manhattan,Clinton East,Manhattan,-73.96514558738956,40.75672829786632,-73.98984463380468,40.762252049908085,3.073,21.139999999999997,17.9,3.24,5.209999999999999,0.24645222327341532,0.23311270125223613,1.893112701252236,0.16621529516994632,0.3786225402504472,0.5448378354203935,12.145162164579606,33.81483665312187,2024-01
HV0003,B03404,B03404,2024-01-14 12:25:45,2024-01-14 12:27:23,2024-01-14 12:27:35,2024-01-14 12:45:15,107,238,4.25,1060,27.9,0.0,0.77,2.48,2.75,0.0,0.0,15.55,N,N,N,N,N,110.0,98.0,12.0,1170.0,12,Sunday,Gramercy,Manhattan,Upper West Side North,Manhattan,-73.98405192785955,40.73682342425488,-73.97304858188282,40.79170437688446,3.073,31.419999999999998,27.9,3.52,12.349999999999998,0.3930617441120305,0.3929245283018868,4.6429245283018865,0.40764877358490564,0.9285849056603773,1.336233679245283,14.213766320754718,43.73466560232221,2024-01
HV0003,B03404,B03404,2024-01-18 14:55:14,2024-01-18 14:55:24,2024-01-18 14:57:13,2024-01-18 15:09:52,92,73,1.51,759,12.47,0.0,0.34,1.11,0.0,0.0,0.0,9.11,N,N,N,N,N,119.0,10.0,109.0,878.0,14,Thursday,Flushing,Queens,East Flushing,Queens,-73.8288586430752,40.76110071120437,-73.80729425651334,40.75410814212103,3.073,12.81,12.47,0.34,3.360000000000001,0.2622950819672132,0.01989459815546772,1.5298945981554677,0.13432474571805006,0.3059789196310936,0.44030366534914367,8.669696334650856,35.547729845948844,2024-01
HV0003,B03404,B03404,2024-01-12 12:08:52,2024-01-12 12:09:44,2024-01-12 12:11:44,2024-01-12 12:28:25,61,17,1.87,1001,15.43,0.0,0.42,1.37,0.0,0.0,0.0,12.31,N,N,N,N,N,172.0,52.0,120.0,1173.0,12,Friday,Crown Heights North,Brooklyn,Bedford,Brooklyn,-73.93928693646026,40.67446920571126,-73.94990474718477,40.69150649558427,3.073,15.85,15.43,0.42,3.119999999999999,0.19684542586750783,0.09714285714285716,1.9671428571428573,0.17271514285714287,0.39342857142857146,0.5661437142857143,11.743856285714287,36.04252568505664,2024-01
HV0003,B03404,B03404,2024-01-30 16:02:00,2024-01-30 16:03:03,2024-01-30 16:03:51,2024-01-30 16:55:49,37,42,12.79,3118,46.56,6.94,1.47,4.75,0.0,0.0,0.0,46.12,N,N,N,N,N,111.0,63.0,48.0,3229.0,16,Tuesday,Bushwick South,Brooklyn,Central Harlem North,Manhattan,-73.9222368522579,40.694993402702586,-73.9407718835631,40.81825672430646,3.073,54.97,46.56,8.41,0.44000000000000483,0.008004366017827995,0.25842527261064785,13.048425272610647,1.1456517389352148,2.6096850545221297,3.7553367934573445,42.36466320654265,47.23220425628787,2024-01
HV0003,B03404,B03404,2024-01-22 12:04:25,2024-01-22 12:07:00,2024-01-22 12:08:23,2024-01-22 12:26:17,231,234,3.66,1074,27.05,0.0,0.74,2.4,2.75,0.0,0.0,14.91,N,N,N,N,N,238.0,155.0,83.0,1312.0,12,Monday,TriBeCa/Civic Center,Manhattan,Union Sq,Manhattan,-74.00787947243188,40.717772159208046,-73.99045767416112,40.74033681887629,3.073,30.54,27.05,3.49,12.14,0.39751146037982976,0.5282122905027933,4.188212290502793,0.3677250391061453,0.8376424581005587,1.205367497206704,13.704632502793295,37.60417455034745,2024-01
HV0003,B03404,B03404,2024-01-25 12:00:57,2024-01-25 12:02:48,2024-01-25 12:03:14,2024-01-25 12:17:11,226,157,3.06,837,17.84,0.0,0.49,1.58,0.0,0.0,0.0,12.89,N,N,N,N,N,137.0,111.0,26.0,974.0,12,Thursday,Sunnyside,Queens,Maspeth,Queens,-73.92467262943985,40.73769725609221,-73.9023306735786,40.72399415934883,3.073,18.33,17.84,0.49,4.949999999999999,0.27004909983633385,0.40580645161290324,3.4658064516129032,0.3042978064516129,0.6931612903225807,0.9974590967741936,11.892540903225807,43.95600333841161,2024-01
HV0003,B03404,B03404,2024-01-25 23:57:39,2024-01-26 00:00:54,2024-01-26 00:02:55,2024-01-26 00:12:15,198,36,1.19,560,13.45,0.0,0.37,1.19,0.0,0.0,0.0,7.24,N,N,N,N,N,316.0,195.0,121.0,876.0,0,Friday,Ridgewood,Queens,Bushwick North,Brooklyn,-73.90170912961153,40.706526169337856,-73.9177095234613,40.700521468719735,3.073,13.819999999999999,13.45,0.37,6.209999999999999,0.44934876989869754,0.41437499999999994,1.6043749999999999,0.140864125,0.320875,0.46173912500000003,6.778260875,27.85586660958904,2024-01
HV0003,B03404,B03404,2024-01-28 19:28:31,2024-01-28 19:33:51,2024-01-28 19:34:15,2024-01-28 19:55:11,196,261,10.59,1256,33.24,0.0,0.91,2.95,2.75,0.0,0.0,25.72,N,N,N,N,N,344.0,320.0,24.0,1600.0,19,Sunday,Rego Park,Queens,World Trade Center,Manhattan,-73.86333842618821,40.72615456414307,-74.01302266265675,40.7091384408997,3.073,36.9,33.24,3.66,7.520000000000003,0.2037940379403795,2.698089171974522,13.288089171974523,1.166694229299363,2.657617834394905,3.8243120636942676,21.89568793630573,49.265297856687894,2024-01
HV0003,B03404,B03404,2024-01-13 23:56:46,2024-01-14 00:00:05,2024-01-14 00:02:05,2024-01-14 00:10:00,189,61,1.06,475,9.68,0.0,0.27,0.86,0.0,0.0,0.0,10.47,N,N,N,N,N,319.0,199.0,120.0,794.0,0,Sunday,Prospect Heights,Brooklyn,Crown Heights North,Brooklyn,-73.96758660822772,40.67763488015176,-73.93928693646026,40.67446920571126,3.073,9.95,9.68,0.27,-0.7900000000000009,-0.07939698492462322,0.4440842105263158,1.504084210526316,0.13205859368421055,0.3008168421052632,0.43287543578947374,10.037124564210528,45.5083733389898,2024-01
HV0003,B03404,B03404,2024-01-13 07:09:22,2024-01-13 07:12:38,2024-01-13 07:12:53,2024-01-13 07:18:25,160,82,1.11,332,8.87,0.0,0.24,0.79,0.0,0.0,5.0,9.4,N,N,N,N,N,211.0,196.0,15.0,543.0,7,Saturday,Middle Village,Queens,Elmhurst,Queens,-73.880051202423,40.71833605673999,-73.8771182418676,40.73949455225884,3.073,14.11,8.87,0.24,4.469999999999999,0.31679659815733513,0.6553012048192772,1.7653012048192773,0.15499344578313257,0.35306024096385547,0.508053686746988,8.891946313253012,58.952130253611124,2024-01
HV0003,B03404,B03404,2024-01-10 15:32:24,2024-01-10 15:36:16,2024-01-10 15:36:24,2024-01-10 15:56:48,246,161,2.48,1224,21.69,0.0,0.6,1.92,2.75,0.0,0.0,14.77,N,N,N,N,N,240.0,232.0,8.0,1464.0,15,Wednesday,West Chelsea/Hudson Yards,Manhattan,Midtown Center,Manhattan,-74.00401522931482,40.75330822391948,-73.97769778229288,40.758027399461895,3.073,25.040000000000003,21.69,3.35,6.920000000000002,0.2763578274760384,0.47006535947712413,2.950065359477124,0.2590157385620915,0.5900130718954248,0.8490288104575163,13.920971189542483,34.231896367727416,2024-01
HV0003,B03404,B03404,2024-01-14 19:23:59,2024-01-14 19:29:06,2024-01-14 19:29:59,2024-01-14 19:45:07,123,26,3.23,908,17.9,0.0,0.49,1.59,0.0,0.0,0.0,12.77,N,N,N,N,N,360.0,307.0,53.0,1268.0,19,Sunday,Homecrest,Brooklyn,Borough Park,Brooklyn,-73.96433371333775,40.59995356501545,-73.9886606263467,40.63094893241426,3.073,18.389999999999997,17.9,0.49,5.129999999999999,0.27895595432300163,1.092081497797357,4.322081497797357,0.3794787555066079,0.8644162995594714,1.2438950550660794,11.52610494493392,32.72395725691018,2024-01
HV0003,B03404,B03404,2024-01-04 23:01:21,2024-01-04 23:03:58,2024-01-04 23:06:00,2024-01-04 23:58:06,219,219,19.87,3126,62.21,0.0,1.71,5.52,0.0,0.0,0.0,61.96,N,N,N,N,N,279.0,157.0,122.0,3405.0,23,Thursday,Springfield Gardens South,Queens,Springfield Gardens South,Queens,-73.76450535543216,40.66218473801039,-73.76450535543216,40.66218473801039,3.073,63.92,62.21,1.71,0.25,0.003911138923654568,0.9979494561740243,20.867949456174024,1.8322059622520794,4.173589891234805,6.005795853486884,55.95420414651312,59.15862993463942,2024-01
HV0003,B03404,B03404,2024-01-04 18:31:25,2024-01-04 18:34:33,2024-01-04 18:35:03,2024-01-04 18:41:07,76,76,0.89,364,8.05,0.0,0.22,0.71,0.0,0.0,0.0,5.39,N,N,N,N,N,218.0,188.0,30.0,582.0,18,Thursday,East New York,Brooklyn,East New York,Brooklyn,-73.87682032859912,40.66093356035302,-73.87682032859912,40.66093356035302,3.073,8.270000000000001,8.05,0.22,2.660000000000001,0.3216444981862153,0.4596703296703297,1.3496703296703298,0.11850105494505496,0.269934065934066,0.38843512087912097,5.001564879120878,30.937514716211624,2024-01
HV0003,B03404,B03404,2024-01-06 22:39:18,2024-01-06 22:45:09,2024-01-06 22:46:04,2024-01-06 22:57:34,160,95,1.64,690,9.83,0.0,0.27,0.87,0.0,0.0,0.0,8.64,N,N,N,N,N,406.0,351.0,55.0,1096.0,22,Saturday,Middle Village,Queens,Forest Hills,Queens,-73.880051202423,40.71833605673999,-73.84766918479201,40.72143087062858,3.073,10.1,9.83,0.27,1.1899999999999995,0.11782178217821777,0.8342608695652173,2.4742608695652173,0.21724010434782606,0.4948521739130435,0.7120922782608695,7.927907721739131,26.04057280863218,2024-01
HV0003,B03404,B03404,2024-01-06 19:45:52,2024-01-06 19:47:36,2024-01-06 19:49:37,2024-01-06 20:02:51,225,17,1.34,794,13.23,0.0,0.36,1.17,0.0,0.0,0.0,9.23,N,N,N,N,N,225.0,104.0,121.0,1019.0,19,Saturday,Stuyvesant Heights,Brooklyn,Bedford,Brooklyn,-73.93188774325893,40.68816752944304,-73.94990474718477,40.69150649558427,3.073,13.59,13.23,0.36,4.0,0.29433406916850624,0.17551637279596977,1.51551637279597,0.13306233753148616,0.303103274559194,0.43616561209068017,8.793834387909321,31.067520899385237,2024-01
HV0003,B03404,B03404,2024-01-21 10:13:33,2024-01-21 10:18:05,2024-01-21 10:20:05,2024-01-21 10:59:17,86,198,14.55,2352,41.68,0.0,1.15,3.7,0.0,0.0,0.0,43.73,N,N,N,N,N,392.0,272.0,120.0,2744.0,10,Sunday,Far Rockaway,Queens,Ridgewood,Queens,-73.75524367121405,40.60243189212709,-73.90170912961153,40.706526169337856,3.073,42.83,41.68,1.15,-2.049999999999997,-0.04786364697641833,1.6826530612244899,16.23265306122449,1.42522693877551,3.2465306122448983,4.671757551020408,39.05824244897959,51.24259213422978,2024-01
HV0003,B03404,B03404,2024-01-28 15:02:41,2024-01-28 15:06:51,2024-01-28 15:07:34,2024-01-28 15:15:14,141,229,1.04,460,12.71,0.0,0.35,1.13,2.75,0.0,0.0,5.7,N,N,N,N,N,293.0,250.0,43.0,753.0,15,Sunday,Lenox Hill West,Manhattan,Sutton Place/Turtle Bay North,Manhattan,-73.95963478688095,40.76694745582751,-73.96514558738956,40.75672829786632,3.073,15.81,12.71,3.1,7.010000000000001,0.4433902593295383,0.5652173913043478,1.6052173913043477,0.14093808695652174,0.32104347826086954,0.4619815652173913,5.238018434782608,25.042319210116055,2024-01
HV0003,B03404,B03404,2024-01-14 18:45:23,2024-01-14 18:48:37,2024-01-14 18:50:38,2024-01-14 18:56:08,37,36,0.77,330,8.33,0.0,0.23,0.74,0.0,0.0,0.0,5.6,N,N,N,N,N,315.0,194.0,121.0,645.0,18,Sunday,Bushwick South,Brooklyn,Bushwick North,Brooklyn,-73.9222368522579,40.694993402702586,-73.9177095234613,40.700521468719735,3.073,8.56,8.33,0.23,2.7300000000000004,0.31892523364485986,0.45266666666666666,1.2226666666666666,0.10735013333333332,0.24453333333333332,0.35188346666666664,5.248116533333333,29.291813209302322,2024-01
HV0003,B03404,B03404,2024-01-03 12:27:19,2024-01-03 12:29:56,2024-01-03 12:29:56,2024-01-03 13:07:50,85,228,6.31,2274,28.57,0.0,0.79,2.54,0.0,0.0,3.19,29.67,N,N,N,N,N,157.0,157.0,0.0,2431.0,12,Wednesday,Erasmus,Brooklyn,Sunset Park West,Brooklyn,-73.9516233279193,40.64611573218299,-74.01127289375856,40.652353822117504,3.073,32.55,28.57,0.79,2.09,0.0642089093701997,0.435650835532102,6.745650835532102,0.5922681433597186,1.3491301671064204,1.941398310466139,27.728601689533864,41.062511757433946,2024-01
HV0003,B03404,B03404,2024-01-31 08:59:49,2024-01-31 09:02:06,2024-01-31 09:02:27,2024-01-31 09:20:10,155,89,3.45,1063,21.47,0.0,0.59,1.91,0.0,0.0,0.0,14.52,N,N,N,N,N,158.0,137.0,21.0,1221.0,9,Wednesday,Marine Park/Mill Basin,Brooklyn,Flatbush/Ditmas Park,Brooklyn,-73.91527748073477,40.614590889869376,-73.96096812758745,40.637899248043546,3.073,22.06,21.47,0.59,6.949999999999999,0.31504986400725293,0.44463781749764814,3.894637817497648,0.3419492003762935,0.7789275634995296,1.120876763875823,13.399123236124176,39.506014455402976,2024-01
HV0003,B03404,B03404,2024-01-17 08:32:15,2024-01-17 08:33:52,2024-01-17 08:36:14,2024-01-17 08:44:54,167,247,1.65,520,17.05,0.0,0.47,1.51,0.0,0.0,0.0,8.58,N,N,N,N,N,239.0,97.0,142.0,759.0,8,Wednesday,Morrisania/Melrose,Bronx,West Concourse,Bronx,-73.90235192494784,40.827512011036994,-73.92440974289835,40.82898691319468,3.073,17.52,17.05,0.47,8.47,0.48344748858447495,0.3077884615384615,1.9577884615384615,0.17189382692307692,0.39155769230769233,0.5634515192307692,8.01654848076923,38.023154849498326,2024-01
HV0003,B03404,B03404,2024-01-01 06:44:05,2024-01-01 06:56:18,2024-01-01 06:56:47,2024-01-01 07:17:34,198,189,4.5,1247,48.29,0.0,1.33,4.29,0.0,0.0,0.0,24.27,N,N,N,N,N,762.0,733.0,29.0,2009.0,6,Monday,Ridgewood,Queens,Prospect Heights,Brooklyn,-73.90170912961153,40.706526169337856,-73.96758660822772,40.67763488015176,3.073,49.62,48.29,1.33,24.02,0.4840790004030633,2.645148356054531,7.145148356054531,0.6273440256615878,1.4290296712109063,2.056373696872494,22.213626303127505,39.80540303198558,2024-01
HV0003,B03404,B03404,2024-01-19 09:15:00,2024-01-19 09:15:45,2024-01-19 09:17:46,2024-01-19 09:28:58,90,170,1.2,672,15.25,0.0,0.42,1.35,2.75,0.0,0.0,7.9,N,N,N,N,N,166.0,45.0,121.0,838.0,9,Friday,Flatiron,Manhattan,Murray Hill,Manhattan,-73.9969712245153,40.742278038328486,-73.97849134130094,40.74774513853527,3.073,18.42,15.25,3.17,7.35,0.39902280130293155,0.08035714285714285,1.2803571428571427,0.11241535714285712,0.25607142857142856,0.36848678571428567,7.531513214285715,32.354949369246505,2024-01
HV0003,B03404,B03404,2024-01-18 21:32:29,2024-01-18 21:37:36,2024-01-18 21:37:39,2024-01-18 21:47:47,229,164,1.43,608,12.74,0.0,0.35,1.13,2.75,0.0,0.0,7.59,N,N,N,N,N,310.0,307.0,3.0,918.0,21,Thursday,Sutton Place/Turtle Bay North,Manhattan,Midtown South,Manhattan,-73.96514558738956,40.75672829786632,-73.98515619423324,40.74857395489648,3.073,15.84,12.74,3.1,5.15,0.32512626262626265,0.7220559210526316,2.1520559210526313,0.18895050986842102,0.43041118421052627,0.6193616940789473,6.970638305921053,27.33583649380805,2024-01
HV0003,B03404,B03404,2024-01-11 19:48:04,2024-01-11 19:49:25,2024-01-11 19:49:48,2024-01-11 20:10:42,87,161,6.55,1254,39.8,0.0,1.09,3.53,2.75,0.0,7.07,25.69,N,N,N,N,N,104.0,81.0,23.0,1358.0,19,Thursday,Financial District North,Manhattan,Midtown Center,Manhattan,-74.0074957883342,40.70680798106304,-73.97769778229288,40.758027399461895,3.073,50.71,39.8,3.84,21.179999999999996,0.41766909879708136,0.4230861244019139,6.973086124401914,0.6122369617224881,1.394617224880383,2.006854186602871,23.68314581339713,62.783008047297244,2024-01
HV0003,B03404,B03404,2024-01-16 16:44:08,2024-01-16 16:46:01,2024-01-16 16:47:34,2024-01-16 16:51:50,212,212,0.49,256,8.93,0.0,0.25,0.79,0.0,0.0,0.0,5.39,N,N,N,N,N,206.0,113.0,93.0,462.0,16,Tuesday,Soundview/Bruckner,Bronx,Soundview/Bruckner,Bronx,-73.86967995832318,40.82790176764516,-73.86967995832318,40.82790176764516,3.073,9.18,8.93,0.25,3.54,0.38562091503267976,0.2162890625,0.7062890625,0.0620121796875,0.1412578125,0.2032699921875,5.1867300078125,40.41607798295455,2024-01
HV0003,B03404,B03404,2024-01-25 21:01:10,2024-01-25 21:02:16,2024-01-25 21:02:31,2024-01-25 21:08:36,130,205,1.44,365,8.91,0.0,0.25,0.79,0.0,0.0,0.0,6.4,N,N,N,N,N,81.0,66.0,15.0,446.0,21,Thursday,Jamaica,Queens,Saint Albans,Queens,-73.79398135276409,40.70436829225682,-73.76314638043442,40.69120002152517,3.073,9.16,8.91,0.25,2.51,0.27401746724890824,0.26038356164383564,1.7003835616438356,0.14929367671232877,0.34007671232876713,0.48937038904109587,5.910629610958905,47.70911793599116,2024-01
HV0003,B03404,B03404,2024-01-02 12:27:31,2024-01-02 12:28:52,2024-01-02 12:29:25,2024-01-02 12:34:27,238,238,0.7,302,11.74,0.0,0.32,1.04,2.75,0.0,0.0,6.49,N,N,N,N,N,114.0,81.0,33.0,416.0,12,Tuesday,Upper West Side North,Manhattan,Upper West Side North,Manhattan,-73.97304858188282,40.79170437688446,-73.97304858188282,40.79170437688446,3.073,14.81,11.74,3.07,5.25,0.3544902093180283,0.1877483443708609,0.8877483443708609,0.07794430463576159,0.1775496688741722,0.2554939735099338,6.234506026490067,53.952455998471734,2024-01
HV0003,B03404,B03404,2024-01-15 12:17:28,2024-01-15 12:25:34,2024-01-15 12:26:14,2024-01-15 12:45:32,164,66,6.23,1158,33.35,0.0,0.92,2.96,2.75,0.0,0.0,19.08,N,N,N,N,N,526.0,486.0,40.0,1684.0,12,Monday,Midtown South,Manhattan,DUMBO/Vinegar Hill,Brooklyn,-73.98515619423324,40.74857395489648,-73.98570143908047,40.70225846444536,3.073,37.02,33.35,3.67,14.270000000000003,0.3854673149648839,2.614663212435233,8.844663212435233,0.7765614300518134,1.7689326424870466,2.54549407253886,16.53450592746114,35.34692478554638,2024-01
HV0003,B03404,B03404,2024-01-27 11:41:06,2024-01-27 11:44:20,2024-01-27 11:44:32,2024-01-27 12:17:39,123,261,9.72,1987,39.19,6.94,1.27,4.09,2.75,0.0,8.13,31.45,N,N,N,N,N,206.0,194.0,12.0,2193.0,11,Saturday,Homecrest,Brooklyn,World Trade Center,Manhattan,-73.96433371333775,40.59995356501545,-74.01302266265675,40.7091384408997,3.073,58.28,39.19,10.96,15.870000000000001,0.27230610844200415,0.9490085556114746,10.669008555611475,0.9367389511826875,2.133801711122295,3.0705406623049822,28.379459337695017,46.58734774997814,2024-01
HV0003,B03404,B03404,2024-01-19 03:44:35,2024-01-19 03:46:38,2024-01-19 03:47:28,2024-01-19 03:56:22,83,226,1.9,534,12.45,0.0,0.34,1.1,0.0,0.0,0.0,7.52,N,N,N,N,N,173.0,123.0,50.0,707.0,3,Friday,Elmhurst/Maspeth,Queens,Sunnyside,Queens,-73.89217328348057,40.738323179532586,-73.92467262943985,40.73769725609221,3.073,12.79,12.45,0.34,4.93,0.3854573885848319,0.43764044943820224,2.337640449438202,0.20524483146067415,0.46752808988764044,0.6727729213483146,6.847227078651685,34.865654148721454,2024-01
HV0003,B03404,B03404,2024-01-06 16:06:57,2024-01-06 16:09:25,2024-01-06 16:10:09,2024-01-06 16:28:22,230,43,2.42,1093,22.6,0.0,0.62,2.01,2.75,0.0,0.0,14.46,N,N,N,N,N,192.0,148.0,44.0,1285.0,16,Saturday,Times Sq/Theatre District,Manhattan,Central Park,Manhattan,-73.98419629996178,40.7598170009371,-73.96555517265493,40.78247645954525,3.073,25.970000000000002,22.6,3.37,8.14,0.3134385829803619,0.32768526989935953,2.7476852698993595,0.24124676669716374,0.549537053979872,0.7907838206770357,13.669216179322966,38.29508034674138,2024-01
HV0003,B03404,B03404,2024-01-11 19:35:58,2024-01-11 19:40:06,2024-01-11 19:40:15,2024-01-11 19:47:28,211,231,0.81,433,8.23,0.0,0.23,0.73,2.75,0.0,0.0,5.39,N,N,N,N,N,257.0,248.0,9.0,690.0,19,Thursday,SoHo,Manhattan,TriBeCa/Civic Center,Manhattan,-74.00153738622468,40.72388757677251,-74.00787947243188,40.717772159208046,3.073,11.21,8.23,2.98,2.8400000000000007,0.2533452274754684,0.4639260969976906,1.2739260969976907,0.11185071131639723,0.25478521939953813,0.36663593071593537,5.023364069284065,26.20885601365599,2024-01
HV0003,B03404,B03404,2024-01-20 21:57:53,2024-01-20 21:59:57,2024-01-20 22:01:59,2024-01-20 22:05:23,189,189,0.43,204,8.88,0.0,0.24,0.79,0.0,0.0,0.0,6.05,N,N,N,N,N,246.0,124.0,122.0,450.0,22,Saturday,Prospect Heights,Brooklyn,Prospect Heights,Brooklyn,-73.96758660822772,40.67763488015176,-73.96758660822772,40.67763488015176,3.073,9.120000000000001,8.88,0.24,2.830000000000001,0.3103070175438597,0.2613725490196078,0.6913725490196079,0.06070250980392156,0.13827450980392159,0.19897701960784314,5.851022980392156,46.80818384313725,2024-01
HV0003,B03404,B03404,2024-01-12 06:25:17,2024-01-12 06:33:36,2024-01-12 06:33:52,2024-01-12 06:50:56,42,241,4.57,1024,21.44,0.0,0.59,1.9,0.0,0.0,0.0,15.63,N,N,N,N,N,515.0,499.0,16.0,1539.0,6,Friday,Central Harlem North,Manhattan,Van Cortlandt Village,Bronx,-73.9407718835631,40.81825672430646,-73.89562004253389,40.87651165473252,3.073,22.03,21.44,0.59,5.8100000000000005,0.2637312755333636,2.2269824218750003,6.796982421875001,0.596775056640625,1.3593964843750002,1.956171541015625,13.673828458984376,31.985563646747078,2024-01
HV0003,B03404,B03404,2024-01-11 13:17:15,2024-01-11 13:18:44,2024-01-11 13:18:52,2024-01-11 13:21:18,228,228,0.43,146,8.87,0.0,0.24,0.79,0.0,0.0,0.0,5.4,N,N,N,N,N,97.0,89.0,8.0,243.0,13,Thursday,Sunset Park West,Brooklyn,Sunset Park West,Brooklyn,-74.01127289375856,40.652353822117504,-74.01127289375856,40.652353822117504,3.073,9.11,8.87,0.24,3.469999999999999,0.38090010976948396,0.2621232876712329,0.6921232876712329,0.060768424657534244,0.13842465753424657,0.1991930821917808,5.20080691780822,77.04899137493658,2024-01
HV0003,B03404,B03404,2024-01-13 13:04:38,2024-01-13 13:05:09,2024-01-13 13:05:44,2024-01-13 13:10:50,37,225,0.9,306,8.87,0.0,0.24,0.79,0.0,0.0,3.0,5.39,N,N,N,N,N,66.0,31.0,35.0,372.0,13,Saturday,Bushwick South,Brooklyn,Stuyvesant Heights,Brooklyn,-73.9222368522579,40.694993402702586,-73.93188774325893,40.68816752944304,3.073,12.11,8.87,0.24,6.4799999999999995,0.5350949628406275,0.0911764705882353,0.9911764705882353,0.08702529411764706,0.19823529411764707,0.2852605882352941,5.104739411764705,49.40070398481973,2024-01
HV0003,B03404,B03404,2024-01-29 21:41:37,2024-01-29 21:42:42,2024-01-29 21:44:43,2024-01-29 22:02:46,142,170,2.51,1083,21.43,0.0,0.59,1.9,2.75,0.0,4.58,13.48,N,N,N,N,N,186.0,65.0,121.0,1269.0,21,Monday,Lincoln Square East,Manhattan,Murray Hill,Manhattan,-73.98153210008745,40.77363265587896,-73.97849134130094,40.74774513853527,3.073,29.35,21.43,3.34,12.529999999999998,0.42691652470187386,0.15064635272391505,2.660646352723915,0.23360474976915974,0.532129270544783,0.7657340203139427,12.714265979686058,36.068839658683856,2024-01
HV0003,B03404,B03404,2024-01-09 21:32:10,2024-01-09 21:35:44,2024-01-09 21:37:46,2024-01-09 21:50:33,69,147,2.25,767,14.84,0.0,0.41,1.32,0.0,0.0,0.0,12.08,N,N,N,N,N,336.0,214.0,122.0,1103.0,21,Tuesday,East Concourse/Concourse Village,Bronx,Longwood,Bronx,-73.9150298985607,40.83141570129418,-73.89895639411876,40.81967507177996,3.073,15.25,14.84,0.41,2.76,0.18098360655737702,0.6277705345501956,2.8777705345501956,0.25266825293350714,0.5755541069100392,0.8282223598435463,11.251777640156455,36.72384361247801,2024-01
HV0003,B03404,B03404,2024-01-30 07:03:30,2024-01-30 07:05:47,2024-01-30 07:07:48,2024-01-30 07:10:34,85,89,0.41,166,9.08,0.0,0.25,0.81,0.0,0.0,0.0,5.95,N,N,N,N,N,258.0,137.0,121.0,424.0,7,Tuesday,Erasmus,Brooklyn,Flatbush/Ditmas Park,Brooklyn,-73.9516233279193,40.64611573218299,-73.96096812758745,40.637899248043546,3.073,9.33,9.08,0.25,3.13,0.3354769560557342,0.3383734939759036,0.7483734939759036,0.06570719277108433,0.14967469879518072,0.21538189156626505,5.734618108433735,48.69015375085247,2024-01
HV0003,B03404,B03404,2024-01-14 18:20:45,2024-01-14 18:25:39,2024-01-14 18:27:40,2024-01-14 18:59:11,25,90,5.18,1891,41.42,0.0,1.14,3.68,2.75,0.0,0.0,25.65,N,N,N,N,N,415.0,294.0,121.0,2306.0,18,Sunday,Boerum Hill,Brooklyn,Flatiron,Manhattan,-73.98611365960022,40.685633257491546,-73.9969712245153,40.742278038328486,3.073,45.31,41.42,3.8899999999999997,15.770000000000003,0.348046788788347,0.8053516657852987,5.9853516657852985,0.5255138762559493,1.1970703331570598,1.722584209413009,23.92741579058699,37.3541616852182,2024-01
HV0003,B03404,B03404,2024-01-03 15:05:44,2024-01-03 15:07:21,2024-01-03 15:07:47,2024-01-03 15:22:02,49,33,2.19,855,19.67,0.0,0.54,1.75,0.0,0.0,0.0,10.92,N,N,N,N,N,123.0,97.0,26.0,978.0,15,Wednesday,Clinton Hill,Brooklyn,Brooklyn Heights,Brooklyn,-73.96236330714036,40.68796671165343,-73.99524997291579,40.69579763638819,3.073,20.21,19.67,0.54,8.750000000000002,0.4329539831766453,0.24845614035087718,2.438456140350877,0.214096449122807,0.48769122807017545,0.7017876771929825,10.218212322807018,37.613051494995155,2024-01
HV0003,B03404,B03404,2024-01-19 17:52:12,2024-01-19 17:53:04,2024-01-19 17:54:38,2024-01-19 17:58:43,241,241,0.52,245,8.95,0.0,0.25,0.79,0.0,0.0,0.0,5.39,N,N,N,N,N,146.0,52.0,94.0,391.0,17,Friday,Van Cortlandt Village,Bronx,Van Cortlandt Village,Bronx,-73.89562004253389,40.87651165473252,-73.89562004253389,40.87651165473252,3.073,9.2,8.95,0.25,3.5599999999999996,0.3869565217391304,0.1103673469387755,0.6303673469387755,0.05534625306122449,0.1260734693877551,0.18141972244897958,5.20858027755102,47.956237849574606,2024-01
HV0003,B03404,B03404,2024-01-14 09:59:20,2024-01-14 10:01:04,2024-01-14 10:02:41,2024-01-14 10:42:36,88,50,6.31,2395,40.84,0.0,1.12,3.62,2.75,0.0,7.24,30.8,N,N,N,N,N,201.0,104.0,97.0,2596.0,10,Sunday,Financial District South,Manhattan,Clinton West,Manhattan,-74.01151486998491,40.70335745268971,-73.99513507723576,40.76623709408489,3.073,51.95,40.84,3.87,17.280000000000005,0.3326275264677575,0.27400417536534444,6.584004175365344,0.5780755665970772,1.3168008350730689,1.894876401670146,28.905123598329855,40.084146746528305,2024-01
HV0003,B03404,B03404,2024-01-13 00:05:07,2024-01-13 00:11:12,2024-01-13 00:12:40,2024-01-13 00:24:13,112,7,5.44,693,19.62,0.0,0.54,1.74,0.0,0.0,1.0,14.66,N,N,N,N,N,453.0,365.0,88.0,1146.0,0,Saturday,Greenpoint,Brooklyn,Astoria,Queens,-73.94953985600077,40.72950555799535,-73.91969416440043,40.761491926149866,3.073,21.16,19.62,0.54,5.960000000000001,0.28166351606805295,2.8652236652236653,8.305223665223666,0.729198637806638,1.6610447330447333,2.3902433708513713,12.26975662914863,38.54373810203758,2024-01
HV0003,B03404,B03404,2024-01-09 13:40:59,2024-01-09 13:43:03,2024-01-09 13:43:45,2024-01-09 13:48:09,112,112,0.81,264,8.2,0.0,0.23,0.73,0.0,0.0,0.0,5.39,N,N,N,N,N,166.0,124.0,42.0,430.0,13,Tuesday,Greenpoint,Brooklyn,Greenpoint,Brooklyn,-73.94953985600077,40.72950555799535,-73.94953985600077,40.72950555799535,3.073,8.43,8.2,0.23,2.8099999999999996,0.3333333333333333,0.3804545454545455,1.1904545454545454,0.1045219090909091,0.2380909090909091,0.3426128181818182,5.0473871818181815,42.25719501057082,2024-01
HV0003,B03404,B03404,2024-01-30 19:53:26,2024-01-30 19:54:44,2024-01-30 19:56:42,2024-01-30 20:05:50,182,208,3.12,548,15.17,0.0,0.42,1.35,0.0,0.0,0.0,10.25,N,N,N,N,N,196.0,78.0,118.0,744.0,19,Tuesday,Parkchester,Bronx,Schuylerville/Edgewater Park,Bronx,-73.85798692430247,40.837748057064935,-73.82353896872594,40.82331715898944,3.073,15.59,15.17,0.42,4.92,0.31558691468890315,0.4440875912408759,3.564087591240876,0.3129268905109489,0.7128175182481753,1.0257444087591243,9.224255591240876,44.63349479632682,2024-01
HV0003,B03404,B03404,2024-01-27 17:27:00,2024-01-27 17:29:44,2024-01-27 17:31:46,2024-01-27 18:02:09,112,90,4.45,1823,28.9,6.94,0.99,3.18,2.75,0.0,0.0,23.0,N,N,N,N,N,286.0,164.0,122.0,2109.0,17,Saturday,Greenpoint,Brooklyn,Flatiron,Manhattan,-73.94953985600077,40.72950555799535,-73.9969712245153,40.742278038328486,3.073,39.58,28.9,10.68,5.899999999999999,0.1490651844365841,0.4003291278113001,4.8503291278113005,0.4258588974218322,0.9700658255622602,1.3959247229840923,21.60407527701591,36.87751114142118,2024-01
HV0003,B03404,B03404,2024-01-29 15:25:00,2024-01-29 15:25:22,2024-01-29 15:26:00,2024-01-29 15:30:53,229,161,0.47,293,8.25,0.0,0.23,0.73,2.75,0.0,0.0,5.4,N,N,N,N,N,60.0,22.0,38.0,353.0,15,Monday,Sutton Place/Turtle Bay North,Manhattan,Midtown Center,Manhattan,-73.96514558738956,40.75672829786632,-73.97769778229288,40.758027399461895,3.073,11.23,8.25,2.98,2.8499999999999996,0.25378450578806766,0.0352901023890785,0.5052901023890785,0.04436447098976109,0.1010580204778157,0.1454224914675768,5.254577508532424,53.58775929381508,2024-01
HV0003,B03404,B03404,2024-01-09 19:00:53,2024-01-09 19:06:04,2024-01-09 19:07:21,2024-01-09 19:26:12,74,18,4.86,1131,22.32,0.0,0.61,1.98,0.0,0.0,0.0,18.77,N,N,N,N,N,388.0,311.0,77.0,1519.0,19,Tuesday,East Harlem North,Manhattan,Bedford Park,Bronx,-73.93734546230694,40.80116855904873,-73.890183667512,40.86768169710327,3.073,22.93,22.32,0.61,3.5500000000000007,0.15481901439162674,1.3363925729442971,6.196392572944298,0.5440432679045093,1.2392785145888596,1.783321782493369,16.98667821750663,40.258091891391615,2024-01
HV0003,B03404,B03404,2024-01-29 17:47:21,2024-01-29 17:48:11,2024-01-29 17:50:12,2024-01-29 18:42:13,215,143,15.66,3121,50.89,0.0,1.4,4.52,2.75,0.0,0.0,49.92,N,N,N,N,N,171.0,50.0,121.0,3292.0,17,Monday,South Jamaica,Queens,Lincoln Square West,Manhattan,-73.79096502686893,40.69442676074992,-73.9876454292326,40.775964624542496,3.073,55.04,50.89,4.15,0.9699999999999989,0.017623546511627886,0.25088112784363986,15.91088112784364,1.3969753630246715,3.1821762255687283,4.579151588593399,45.340848411406604,49.582944799837115,2024-01
HV0003,B03404,B03404,2024-01-10 20:20:14,2024-01-10 20:21:04,2024-01-10 20:21:06,2024-01-10 20:34:57,230,90,2.09,831,16.27,0.0,0.45,1.44,2.75,0.0,0.0,11.56,N,N,N,N,N,52.0,50.0,2.0,883.0,20,Wednesday,Times Sq/Theatre District,Manhattan,Flatiron,Manhattan,-73.98419629996178,40.7598170009371,-73.9969712245153,40.742278038328486,3.073,19.47,16.27,3.2,4.709999999999999,0.2419106317411402,0.1257521058965102,2.21575210589651,0.19454303489771357,0.44315042117930203,0.6376934560770156,10.922306543922986,44.53035510546177,2024-01
HV0003,B03404,B03404,2024-01-19 15:29:32,2024-01-19 15:31:55,2024-01-19 15:33:16,2024-01-19 15:41:34,89,133,0.72,498,8.91,0.0,0.25,0.79,0.0,0.0,0.0,5.63,N,N,N,N,N,224.0,143.0,81.0,722.0,15,Friday,Flatbush/Ditmas Park,Brooklyn,Kensington,Brooklyn,-73.96096812758745,40.637899248043546,-73.97619880286386,40.64058957628331,3.073,9.16,8.91,0.25,3.2800000000000002,0.35807860262008734,0.20674698795180724,0.9267469879518072,0.08136838554216867,0.18534939759036145,0.26671778313253014,5.36328221686747,26.74212739712312,2024-01
HV0003,B03404,B03404,2024-01-12 15:39:59,2024-01-12 15:45:48,2024-01-12 15:46:53,2024-01-12 16:28:18,25,177,4.67,2485,30.46,0.0,0.84,2.7,0.0,0.0,6.8,32.0,N,N,N,N,N,414.0,349.0,65.0,2899.0,15,Friday,Boerum Hill,Brooklyn,Ocean Hill,Brooklyn,-73.98611365960022,40.685633257491546,-73.91363235241506,40.67664341763747,3.073,38.1,30.46,0.84,5.259999999999998,0.1380577427821522,0.6558672032193158,5.325867203219316,0.4676111404426559,1.065173440643863,1.532784581086519,30.46721541891348,37.83441721562212,2024-01
HV0003,B03404,B03404,2024-01-28 13:58:42,2024-01-28 14:00:38,2024-01-28 14:00:51,2024-01-28 14:06:31,181,181,0.69,340,8.89,0.0,0.24,0.79,0.0,0.0,0.0,5.4,N,N,N,N,N,129.0,116.0,13.0,469.0,14,Sunday,Park Slope,Brooklyn,Park Slope,Brooklyn,-73.98141426627474,40.67037356101699,-73.98141426627474,40.67037356101699,3.073,9.13,8.89,0.24,3.49,0.3822562979189485,0.23541176470588235,0.9254117647058823,0.08125115294117646,0.18508235294117648,0.26633350588235294,5.133666494117647,39.405542385551236,2024-01
HV0003,B03404,B03404,2024-01-23 23:18:58,2024-01-23 23:20:34,2024-01-23 23:21:04,2024-01-23 23:38:21,80,49,2.87,1037,25.95,0.0,0.71,2.3,0.0,0.0,0.0,13.52,N,N,N,N,N,126.0,96.0,30.0,1163.0,23,Tuesday,East Williamsburg,Brooklyn,Clinton Hill,Brooklyn,-73.93679348509205,40.71536904490185,-73.96236330714036,40.68796671165343,3.073,26.66,25.95,0.71,12.43,0.4662415603900975,0.26568948891031824,3.135689488910318,0.27531353712632595,0.6271378977820636,0.9024514349083896,12.61754856509161,39.056900115502835,2024-01
HV0003,B03404,B03404,2024-01-21 21:29:09,2024-01-21 21:29:47,2024-01-21 21:30:06,2024-01-21 21:36:19,161,229,0.87,373,8.22,0.0,0.23,0.73,2.75,0.0,0.0,5.4,N,N,N,N,N,57.0,38.0,19.0,430.0,21,Sunday,Midtown Center,Manhattan,Sutton Place/Turtle Bay North,Manhattan,-73.97769778229288,40.758027399461895,-73.96514558738956,40.75672829786632,3.073,11.200000000000001,8.22,2.98,2.8200000000000003,0.2517857142857143,0.08863270777479892,0.9586327077747989,0.08416795174262734,0.1917265415549598,0.27589449329758714,5.1241055067024135,42.899487963089975,2024-01
HV0003,B03404,B03404,2024-01-16 07:46:37,2024-01-16 07:56:10,2024-01-16 07:56:57,2024-01-16 08:11:00,92,9,2.27,843,15.2,0.0,0.42,1.35,0.0,0.0,0.0,13.15,Y,N,N,N,N,620.0,573.0,47.0,1463.0,7,Tuesday,Flushing,Queens,Auburndale,Queens,-73.8288586430752,40.76110071120437,-73.78794894731018,40.751033566943725,3.073,15.62,15.2,0.42,2.049999999999999,0.13124199743918047,1.5429537366548043,3.812953736654804,0.3347773380782918,0.7625907473309609,1.0973680854092527,12.052631914590748,29.657877575206214,2024-01
HV0003,B03404,B03404,2024-01-29 11:46:22,2024-01-29 11:47:13,2024-01-29 11:47:31,2024-01-29 12:02:04,247,47,1.77,873,9.59,0.0,0.26,0.85,0.0,0.0,0.0,10.54,N,N,N,N,N,69.0,51.0,18.0,942.0,11,Monday,West Concourse,Bronx,Claremont/Bathgate,Bronx,-73.92440974289835,40.82898691319468,-73.90031679211252,40.84274782905238,3.073,9.85,9.59,0.26,-0.9499999999999993,-0.09644670050761414,0.10340206185567011,1.8734020618556702,0.16448470103092785,0.37468041237113403,0.5391651134020619,10.000834886597938,38.21975115897301,2024-01
HV0003,B03404,B03404,2024-01-23 20:37:26,2024-01-23 20:38:08,2024-01-23 20:39:21,2024-01-23 21:00:13,114,112,4.29,1252,25.29,0.0,0.7,2.24,2.75,0.0,0.0,17.41,N,N,N,N,N,115.0,42.0,73.0,1367.0,20,Tuesday,Greenwich Village South,Manhattan,Greenpoint,Brooklyn,-73.99737994674842,40.72833985411046,-73.94953985600077,40.72950555799535,3.073,28.74,25.29,3.45,7.879999999999999,0.2741823242867084,0.14391373801916932,4.43391373801917,0.3892976261980831,0.886782747603834,1.276080373801917,16.133919626198082,42.48874224894886,2024-01
HV0003,B03404,B03404,2024-01-25 01:23:07,2024-01-25 01:23:46,2024-01-25 01:24:34,2024-01-25 01:40:39,233,179,4.09,965,22.59,0.0,0.62,2.0,2.75,0.0,0.0,14.44,N,N,N,N,N,87.0,39.0,48.0,1052.0,1,Thursday,UN/Turtle Bay South,Manhattan,Old Astoria,Queens,-73.9704423734757,40.74991338603123,-73.92833280320959,40.77156956195687,3.073,25.96,22.59,3.37,8.15,0.31394453004622497,0.16529533678756478,4.255295336787564,0.37361493056994816,0.8510590673575129,1.224673997927461,13.215326002072539,45.223549056521996,2024-01
HV0003,B03404,B03404,2024-01-03 17:39:36,2024-01-03 17:41:21,2024-01-03 17:42:48,2024-01-03 18:07:01,144,100,3.02,1453,28.84,0.0,0.79,2.56,2.75,0.0,0.0,17.87,N,N,N,N,N,192.0,105.0,87.0,1645.0,17,Wednesday,Little Italy/NoLiTa,Manhattan,Garment District,Manhattan,-73.99691839304907,40.72088834178079,-73.98878634685092,40.75351217038599,3.073,32.379999999999995,28.84,3.54,10.969999999999999,0.3387893761581223,0.21823812801101172,3.2382381280110115,0.2843173076393668,0.6476476256022023,0.9319649332415691,16.93803506675843,37.06804026767803,2024-01
HV0003,B03404,B03404,2024-01-26 19:06:31,2024-01-26 19:11:49,2024-01-26 19:13:51,2024-01-26 19:32:28,246,151,4.74,1117,36.56,0.0,1.01,3.24,2.75,0.0,0.0,18.51,N,N,N,N,N,440.0,318.0,122.0,1557.0,19,Friday,West Chelsea/Hudson Yards,Manhattan,Manhattan Valley,Manhattan,-74.00401522931482,40.75330822391948,-73.96816796764816,40.79796146642212,3.073,40.32,36.56,3.76,18.05,0.4476686507936508,1.3494359892569383,6.0894359892569385,0.5346524798567592,1.2178871978513879,1.752539677708147,16.757460322291855,38.74557299951874,2024-01
HV0003,B03404,B03404,2024-01-14 13:32:03,2024-01-14 13:37:10,2024-01-14 13:37:34,2024-01-14 13:45:17,262,236,0.89,463,8.06,0.0,0.22,0.72,2.75,0.0,0.0,5.52,N,N,N,N,N,331.0,307.0,24.0,794.0,13,Sunday,Yorkville East,Manhattan,Upper East Side North,Manhattan,-73.94651027083967,40.77593169638859,-73.957011704106,40.78043571518905,3.073,11.030000000000001,8.06,2.97,2.540000000000001,0.23028105167724394,0.5901295896328294,1.4801295896328295,0.12995537796976242,0.2960259179265659,0.4259812958963283,5.0940187041036715,23.096306466968787,2024-01
HV0003,B03404,B03404,2024-01-04 14:47:33,2024-01-04 14:50:02,2024-01-04 14:50:24,2024-01-04 15:48:44,55,49,13.55,3500,41.48,0.0,1.14,3.68,0.0,0.0,0.0,50.86,N,N,N,N,N,171.0,149.0,22.0,3671.0,14,Thursday,Coney Island,Brooklyn,Clinton Hill,Brooklyn,-73.98794380632961,40.57696110526678,-73.96236330714036,40.68796671165343,3.073,42.62,41.48,1.14,-9.380000000000003,-0.22008446738620374,0.5768428571428572,14.126842857142858,1.2403368028571429,2.8253685714285717,4.065705374285715,46.794294625714286,45.88925651118808,2024-01
HV0003,B03404,B03404,2024-01-07 17:00:13,2024-01-07 17:06:14,2024-01-07 17:06:40,2024-01-07 17:18:40,118,23,2.94,720,15.19,0.0,0.42,1.35,0.0,0.0,0.0,10.63,N,N,N,N,N,387.0,361.0,26.0,1107.0,17,Sunday,Heartland Village/Todt Hill,Staten Island,Bloomfield/Emerson Hill,Staten Island,-74.13298478352195,40.58655467832247,-74.17088529675294,40.60644812566737,3.073,15.61,15.19,0.42,4.559999999999999,0.2921204356181934,1.4740833333333332,4.414083333333333,0.38755651666666663,0.8828166666666667,1.2703731833333334,9.359626816666667,30.43781078590786,2024-01
HV0003,B03404,B03404,2024-01-02 14:22:53,2024-01-02 14:24:42,2024-01-02 14:24:49,2024-01-02 15:00:36,170,228,10.37,2147,38.0,0.0,1.05,3.37,2.75,0.0,8.0,33.81,N,N,N,N,N,116.0,109.0,7.0,2263.0,14,Tuesday,Murray Hill,Manhattan,Sunset Park West,Brooklyn,-73.97849134130094,40.74774513853527,-74.01127289375856,40.652353822117504,3.073,49.8,38.0,3.8,12.189999999999998,0.24477911646586342,0.526469492314858,10.896469492314857,0.9567100214252443,2.1792938984629715,3.136003919888216,30.673996080111785,48.796458633849944,2024-01
HV0003,B03404,B03404,2024-01-25 12:30:50,2024-01-25 12:32:28,2024-01-25 12:32:44,2024-01-25 13:14:04,206,61,15.48,2480,48.37,0.0,1.33,4.29,0.0,0.0,0.0,44.65,N,N,N,N,N,114.0,98.0,16.0,2594.0,12,Thursday,Saint George/New Brighton,Staten Island,Crown Heights North,Brooklyn,-74.10231448191689,40.638972921799166,-73.93928693646026,40.67446920571126,3.073,49.699999999999996,48.37,1.33,3.719999999999999,0.0748490945674044,0.6117096774193548,16.091709677419356,1.4128521096774196,3.2183419354838714,4.6311940451612905,40.01880595483871,55.538820908796986,2024-01
HV0003,B03404,B03404,2024-01-31 15:44:30,2024-01-31 15:47:49,2024-01-31 15:49:24,2024-01-31 16:00:22,65,33,0.89,658,15.19,0.0,0.42,1.35,0.0,0.0,0.0,7.36,N,N,N,N,N,294.0,199.0,95.0,952.0,15,Wednesday,Downtown Brooklyn/MetroTech,Brooklyn,Brooklyn Heights,Brooklyn,-73.98608580922685,40.69533700725102,-73.99524997291579,40.69579763638819,3.073,15.61,15.19,0.42,7.829999999999999,0.5016015374759769,0.2691641337386018,1.1591641337386018,0.10177461094224924,0.23183282674772038,0.3336074376899696,7.026392562310031,26.570392042348857,2024-01
HV0003,B03404,B03404,2024-01-31 19:08:01,2024-01-31 19:11:27,2024-01-31 19:12:56,2024-01-31 19:16:49,254,254,0.52,233,7.88,0.0,0.22,0.7,0.0,0.0,0.0,5.39,N,N,N,N,N,295.0,206.0,89.0,528.0,19,Wednesday,Williamsbridge/Olinville,Bronx,Williamsbridge/Olinville,Bronx,-73.85894858301965,40.88215615951764,-73.85894858301965,40.88215615951764,3.073,8.1,7.88,0.22,2.49,0.30740740740740746,0.4597424892703863,0.9797424892703863,0.08602139055793992,0.19594849785407728,0.2819698884120172,5.108030111587983,34.82747803355443,2024-01
HV0003,B03404,B03404,2024-01-29 23:49:57,2024-01-29 23:53:22,2024-01-29 23:55:23,2024-01-30 00:27:05,146,49,6.84,1902,30.91,0.0,0.85,2.74,0.0,0.0,0.0,26.87,N,N,N,N,N,326.0,205.0,121.0,2228.0,23,Monday,Long Island City/Queens Plaza,Queens,Clinton Hill,Brooklyn,-73.93482872612303,40.754241860637634,-73.96236330714036,40.68796671165343,3.073,31.76,30.91,0.85,4.039999999999999,0.1272040302267002,0.737223974763407,7.577223974763407,0.6652802649842271,1.5154447949526815,2.1807250599369086,24.689274940063093,39.89290385288471,2024-01
HV0003,B03404,B03404,2024-01-15 10:40:11,2024-01-15 10:41:41,2024-01-15 10:42:27,2024-01-15 10:49:00,113,79,1.04,393,8.26,0.0,0.23,0.73,2.75,0.0,0.0,5.39,N,N,N,N,N,136.0,90.0,46.0,529.0,10,Monday,Greenwich Village North,Manhattan,East Village,Manhattan,-73.99430449266352,40.73257849687629,-73.98593725800136,40.72761958691338,3.073,11.24,8.26,2.98,2.87,0.25533807829181493,0.2381679389312977,1.2781679389312977,0.11222314503816794,0.25563358778625955,0.3678567328244275,5.022143267175572,34.17715644958802,2024-01
HV0003,B03404,B03404,2024-01-06 14:59:49,2024-01-06 15:00:40,2024-01-06 15:01:17,2024-01-06 15:16:07,113,162,1.94,890,15.45,0.0,0.42,1.37,2.75,0.0,0.0,11.24,N,N,N,N,N,88.0,51.0,37.0,978.0,15,Saturday,Greenwich Village North,Manhattan,Midtown East,Manhattan,-73.99430449266352,40.73257849687629,-73.97235591714862,40.756686941672,3.073,18.619999999999997,15.45,3.17,4.209999999999999,0.22610096670247043,0.11116853932584268,2.0511685393258428,0.18009259775280897,0.41023370786516855,0.5903263056179775,10.649673694382022,39.20125286275591,2024-01
HV0003,B03404,B03404,2024-01-05 20:47:19,2024-01-05 20:48:17,2024-01-05 20:48:57,2024-01-05 21:03:17,68,233,2.01,860,18.98,0.0,0.52,1.68,2.75,0.0,2.39,12.54,N,N,N,N,N,98.0,58.0,40.0,958.0,20,Friday,East Chelsea,Manhattan,UN/Turtle Bay South,Manhattan,-73.99991751678058,40.748426777755405,-73.9704423734757,40.74991338603123,3.073,24.64,18.98,3.27,8.830000000000002,0.3583603896103897,0.13555813953488371,2.1455581395348835,0.18838000465116278,0.4291116279069767,0.6174916325581394,11.92250836744186,44.80274543088799,2024-01
HV0003,B03404,B03404,2024-01-30 08:00:45,2024-01-30 08:03:21,2024-01-30 08:03:26,2024-01-30 08:10:55,90,230,1.2,449,11.88,0.0,0.33,1.05,2.75,0.0,3.0,6.48,N,N,N,N,N,161.0,156.0,5.0,610.0,8,Tuesday,Flatiron,Manhattan,Times Sq/Theatre District,Manhattan,-73.9969712245153,40.742278038328486,-73.98419629996178,40.7598170009371,3.073,17.96,11.88,3.08,8.4,0.46770601336302897,0.4169265033407572,1.6169265033407572,0.14196614699331847,0.32338530066815147,0.46535144766146996,6.014648552338531,35.496286538391324,2024-01
HV0003,B03404,B03404,2024-01-06 10:30:45,2024-01-06 10:33:51,2024-01-06 10:33:53,2024-01-06 11:03:04,197,145,9.2,1751,32.2,0.0,0.89,2.86,0.0,0.0,0.0,28.55,N,N,N,N,N,188.0,186.0,2.0,1939.0,10,Saturday,Richmond Hill,Queens,Long Island City/Hunters Point,Queens,-73.83092448484014,40.69454169265697,-73.94889136420674,40.74537869757109,3.073,33.09,32.2,0.89,3.650000000000002,0.110305228165609,0.9772701313535122,10.177270131353511,0.8935643175328384,2.035454026270702,2.9290183438035404,25.62098165619646,47.56860957313422,2024-01
HV0003,B03404,B03404,2024-01-31 07:44:04,2024-01-31 07:46:28,2024-01-31 07:49:55,2024-01-31 07:59:50,164,230,1.35,595,23.23,0.0,0.64,2.06,2.75,0.0,0.0,21.97,N,N,N,N,N,351.0,144.0,207.0,946.0,7,Wednesday,Midtown South,Manhattan,Times Sq/Theatre District,Manhattan,-73.98515619423324,40.74857395489648,-73.98419629996178,40.7598170009371,3.073,26.62,23.23,3.39,1.2600000000000016,0.04733283245679946,0.3267226890756303,1.6767226890756304,0.14721625210084036,0.3353445378151261,0.4825607899159664,21.487439210084034,81.77038177198997,2024-01
HV0003,B03404,B03404,2024-01-15 08:12:35,2024-01-15 08:15:05,2024-01-15 08:15:46,2024-01-15 08:23:23,48,246,0.49,457,8.23,0.0,0.23,0.73,2.75,0.0,5.0,5.39,N,N,N,N,N,191.0,150.0,41.0,648.0,8,Monday,Clinton East,Manhattan,West Chelsea/Hudson Yards,Manhattan,-73.98984463380468,40.762252049908085,-74.00401522931482,40.75330822391948,3.073,16.21,8.23,2.98,7.840000000000001,0.48365206662553983,0.16083150984682712,0.6508315098468271,0.05714300656455142,0.13016630196936543,0.18730930853391686,5.202690691466083,28.903837174811574,2024-01
HV0003,B03404,B03404,2024-01-04 09:26:54,2024-01-04 09:31:11,2024-01-04 09:32:54,2024-01-04 10:00:48,29,72,5.42,1674,26.03,0.0,0.72,2.31,0.0,0.0,0.0,22.86,Y,N,N,N,N,360.0,257.0,103.0,2034.0,9,Thursday,Brighton Beach,Brooklyn,East Flatbush/Remsen Village,Brooklyn,-73.96121684069253,40.58092149012796,-73.92225109435532,40.65236395430748,3.073,26.75,26.03,0.72,3.1700000000000017,0.11850467289719632,0.8321027479091995,6.252102747909199,0.5489346212664277,1.25042054958184,1.7993551708482676,21.06064482915173,37.27547757371988,2024-01
HV0003,B03404,B03404,2024-01-16 09:39:13,2024-01-16 09:42:46,2024-01-16 09:42:46,2024-01-16 09:47:03,74,41,0.8,257,7.77,0.0,0.21,0.69,0.0,0.0,0.0,5.39,Y,N,N,N,N,213.0,213.0,0.0,470.0,9,Tuesday,East Harlem North,Manhattan,Central Harlem,Manhattan,-73.93734546230694,40.80116855904873,-73.95129182852196,40.804333323455445,3.073,7.9799999999999995,7.77,0.21,2.38,0.2982456140350877,0.663035019455253,1.463035019455253,0.12845447470817123,0.2926070038910506,0.42106147859922183,4.968938521400778,38.05995463200596,2024-01
HV0003,B03404,B03404,2024-01-27 02:47:41,2024-01-27 02:54:52,2024-01-27 02:55:09,2024-01-27 03:13:36,37,162,6.05,1107,32.17,0.0,0.88,2.86,2.75,0.0,0.0,21.86,N,N,N,N,N,448.0,431.0,17.0,1555.0,2,Saturday,Bushwick South,Brooklyn,Midtown East,Manhattan,-73.9222368522579,40.694993402702586,-73.97235591714862,40.756686941672,3.073,35.800000000000004,32.17,3.63,10.310000000000002,0.2879888268156425,2.3555103884372177,8.405510388437218,0.7380038121047877,1.6811020776874437,2.4191058897922315,19.44089411020777,45.0078577471048,2024-01
HV0003,B03404,B03404,2024-01-24 17:16:52,2024-01-24 17:22:31,2024-01-24 17:23:04,2024-01-24 17:36:37,95,95,1.3,813,13.35,0.0,0.37,1.18,0.0,0.0,1.0,9.35,N,N,N,N,N,372.0,339.0,33.0,1185.0,17,Wednesday,Forest Hills,Queens,Forest Hills,Queens,-73.84766918479201,40.72143087062858,-73.84766918479201,40.72143087062858,3.073,14.719999999999999,13.35,0.37,5.0,0.33967391304347827,0.5420664206642066,1.8420664206642066,0.16173343173431734,0.36841328413284136,0.5301467158671587,8.81985328413284,26.794490989770654,2024-01
HV0003,B03404,B03404,2024-01-23 07:24:29,2024-01-23 07:29:36,2024-01-23 07:31:16,2024-01-23 07:56:49,28,83,4.6,1533,27.73,0.0,0.76,2.46,0.0,0.0,0.0,20.45,N,N,N,N,N,407.0,307.0,100.0,1940.0,7,Tuesday,Briarwood/Jamaica Hills,Queens,Elmhurst/Maspeth,Queens,-73.80872941622545,40.71159574889735,-73.89217328348057,40.738323179532586,3.073,28.490000000000002,27.73,0.76,7.280000000000001,0.25552825552825553,0.9212002609262882,5.521200260926288,0.48476138290932813,1.1042400521852576,1.5890014350945858,18.860998564905415,34.99979115137088,2024-01
HV0003,B03404,B03404,2024-01-27 23:09:21,2024-01-27 23:09:40,2024-01-27 23:09:40,2024-01-27 23:19:21,144,209,1.04,581,39.44,0.0,1.08,3.5,2.75,0.0,0.0,25.37,N,N,N,N,N,19.0,19.0,0.0,600.0,23,Saturday,Little Italy/NoLiTa,Manhattan,Seaport,Manhattan,-73.99691839304907,40.72088834178079,-74.00366431896066,40.7090722607075,3.073,43.269999999999996,39.44,3.83,14.069999999999997,0.32516755257684304,0.03401032702237522,1.0740103270223753,0.09429810671256454,0.21480206540447508,0.3091001721170396,25.060899827882963,150.36539896729778,2024-01
HV0003,B03404,B03404,2024-01-02 17:32:38,2024-01-02 17:35:11,2024-01-02 17:37:06,2024-01-02 17:50:06,172,118,2.6,780,14.26,0.0,0.39,1.27,0.0,0.0,0.0,11.7,N,N,N,N,N,268.0,153.0,115.0,1048.0,17,Tuesday,New Dorp/Midland Beach,Staten Island,Heartland Village/Todt Hill,Staten Island,-74.10501915168439,40.57176861427633,-74.13298478352195,40.58655467832247,3.073,14.65,14.26,0.39,2.5600000000000005,0.1747440273037543,0.51,3.1100000000000003,0.273058,0.6220000000000001,0.8950580000000001,10.804941999999999,37.11621297709923,2024-01
HV0003,B03404,B03404,2024-01-31 23:07:38,2024-01-31 23:10:56,2024-01-31 23:11:17,2024-01-31 23:33:01,79,106,4.22,1304,21.02,0.0,0.58,1.87,2.75,0.0,0.0,17.81,N,N,N,N,N,219.0,198.0,21.0,1523.0,23,Wednesday,East Village,Manhattan,Gowanus,Brooklyn,-73.98593725800136,40.72761958691338,-73.99064748886755,40.67351226923787,3.073,24.349999999999998,21.02,3.33,3.210000000000001,0.1318275154004107,0.6407668711656442,4.860766871165644,0.4267753312883436,0.972153374233129,1.3989287055214725,16.411071294478525,38.79176405786125,2024-01
HV0003,B03404,B03404,2024-01-24 09:34:17,2024-01-24 09:35:39,2024-01-24 09:37:51,2024-01-24 10:26:24,241,234,12.84,2913,46.32,0.0,1.27,4.11,2.75,0.0,0.0,45.26,N,N,N,N,N,214.0,82.0,132.0,3127.0,9,Wednesday,Van Cortlandt Village,Bronx,Union Sq,Manhattan,-73.89562004253389,40.87651165473252,-73.99045767416112,40.74033681887629,3.073,50.34,46.32,4.02,1.0600000000000023,0.02105681366706401,0.36144181256436664,13.201441812564367,1.1590865911431514,2.6402883625128735,3.7993749536560246,41.46062504634397,47.73209151481877,2024-01
HV0003,B03404,B03404,2024-01-20 16:33:58,2024-01-20 16:34:10,2024-01-20 16:36:12,2024-01-20 16:50:27,256,36,2.26,855,16.4,0.0,0.45,1.46,0.0,0.0,0.0,14.01,N,N,N,N,N,134.0,12.0,122.0,989.0,16,Saturday,Williamsburg (South Side),Brooklyn,Bushwick North,Brooklyn,-73.95990445316505,40.71087946812129,-73.9177095234613,40.700521468719735,3.073,16.849999999999998,16.4,0.45,2.389999999999999,0.1418397626112759,0.031719298245614036,2.2917192982456136,0.20121295438596484,0.4583438596491227,0.6595568140350876,13.350443185964913,48.596153154169556,2024-01
HV0003,B03404,B03404,2024-01-31 22:26:57,2024-01-31 22:28:56,2024-01-31 22:30:57,2024-01-31 22:46:28,89,228,2.72,931,13.4,0.0,0.37,1.19,0.0,0.0,0.0,12.33,N,N,N,N,N,240.0,119.0,121.0,1171.0,22,Wednesday,Flatbush/Ditmas Park,Brooklyn,Sunset Park West,Brooklyn,-73.96096812758745,40.637899248043546,-74.01127289375856,40.652353822117504,3.073,13.77,13.4,0.37,1.0700000000000003,0.0777051561365287,0.34766917293233085,3.067669172932331,0.26934135338345866,0.6135338345864663,0.8828751879699249,11.447124812030076,35.191843999409286,2024-01
HV0003,B03404,B03404,2024-01-06 18:52:33,2024-01-06 19:01:24,2024-01-06 19:02:20,2024-01-06 19:10:55,228,22,1.83,515,12.53,0.0,0.34,1.11,0.0,0.0,0.0,7.67,N,N,N,N,N,587.0,531.0,56.0,1102.0,19,Saturday,Sunset Park West,Brooklyn,Bensonhurst West,Brooklyn,-74.01127289375856,40.652353822117504,-73.99525874269187,40.6122174014384,3.073,12.87,12.53,0.34,4.859999999999999,0.3776223776223776,1.886854368932039,3.7168543689320392,0.3263398135922331,0.7433708737864079,1.0697106873786408,6.600289312621359,21.561743670995366,2024-01
HV0003,B03404,B03404,2024-01-05 07:32:32,2024-01-05 07:38:51,2024-01-05 07:39:13,2024-01-05 08:04:50,247,185,9.83,1537,33.98,0.0,0.93,3.02,0.0,0.0,0.0,29.37,N,N,N,N,N,401.0,379.0,22.0,1938.0,7,Friday,West Concourse,Bronx,Pelham Parkway,Bronx,-73.92440974289835,40.82898691319468,-73.85439388215148,40.85440439427695,3.073,34.91,33.98,0.93,4.609999999999996,0.13205385276425083,2.4239232270657123,12.253923227065712,1.0758944593363695,2.4507846454131426,3.526679104749512,25.84332089525049,48.006168845666544,2024-01
HV0003,B03404,B03404,2024-01-01 00:04:20,2024-01-01 00:05:49,2024-01-01 00:08:01,2024-01-01 00:22:43,235,69,2.31,882,14.44,0.0,0.4,1.28,0.0,0.0,0.0,11.62,N,N,N,N,N,221.0,89.0,132.0,1103.0,0,Monday,University Heights/Morris Heights,Bronx,East Concourse/Concourse Village,Bronx,-73.91597563385105,40.85252046623772,-73.9150298985607,40.83141570129418,3.073,14.84,14.44,0.4,2.8200000000000003,0.19002695417789758,0.2330952380952381,2.5430952380952383,0.2232837619047619,0.5086190476190476,0.7319028095238096,10.88809719047619,35.53685393083797,2024-01
HV0003,B03404,B03404,2024-01-27 20:50:48,2024-01-27 20:54:03,2024-01-27 20:55:21,2024-01-27 21:02:47,85,190,1.29,446,9.83,0.0,0.27,0.87,0.0,0.0,0.0,5.89,N,N,N,N,N,273.0,195.0,78.0,719.0,20,Saturday,Erasmus,Brooklyn,Prospect Park,Brooklyn,-73.9516233279193,40.64611573218299,-73.96891379769448,40.66162128635939,3.073,10.1,9.83,0.27,3.9400000000000004,0.39009900990099017,0.5640134529147982,1.8540134529147982,0.16278238116591928,0.37080269058295967,0.5335850717488789,5.35641492825112,26.819323701952758,2024-01
HV0003,B03404,B03404,2024-01-19 15:32:10,2024-01-19 15:34:43,2024-01-19 15:36:37,2024-01-19 15:46:47,159,116,1.66,610,14.25,0.0,0.39,1.26,0.0,0.0,0.0,7.92,N,N,N,N,N,267.0,153.0,114.0,877.0,15,Friday,Melrose South,Bronx,Hamilton Heights,Manhattan,-73.9128491499624,40.81825923634175,-73.94852161825773,40.82701211556071,3.073,14.64,14.25,0.39,6.33,0.4323770491803279,0.41636065573770487,2.076360655737705,0.18230446557377047,0.41527213114754097,0.5975765967213115,7.322423403278688,30.057838371497468,2024-01
HV0003,B03404,B03404,2024-01-24 22:07:12,2024-01-24 22:12:53,2024-01-24 22:14:54,2024-01-24 22:28:41,113,100,1.91,827,18.88,0.0,0.52,1.68,2.75,0.0,5.0,10.67,N,N,N,N,N,462.0,341.0,121.0,1289.0,22,Wednesday,Greenwich Village North,Manhattan,Garment District,Manhattan,-73.99430449266352,40.73257849687629,-73.98878634685092,40.75351217038599,3.073,27.15,18.88,3.27,13.209999999999999,0.4865561694290976,0.7875574365175332,2.697557436517533,0.2368455429262394,0.5395114873035066,0.776357030229746,9.893642969770253,27.631586261577123,2024-01
HV0003,B03404,B03404,2024-01-04 07:20:12,2024-01-04 07:22:31,2024-01-04 07:23:09,2024-01-04 07:48:36,10,70,7.94,1527,30.38,0.0,0.84,2.7,0.0,0.0,6.78,24.78,N,N,N,N,N,177.0,139.0,38.0,1704.0,7,Thursday,Baisley Park,Queens,East Elmhurst,Queens,-73.79098701332514,40.67895233930188,-73.86839539602231,40.76335140188692,3.073,38.0,30.38,0.84,12.379999999999995,0.3257894736842104,0.7227635887360838,8.662763588736084,0.7605906430910282,1.7325527177472169,2.493143360838245,22.286856639161755,47.08490839259526,2024-01
HV0003,B03404,B03404,2024-01-20 17:28:52,2024-01-20 17:29:01,2024-01-20 17:31:01,2024-01-20 17:56:09,241,244,4.21,1508,14.91,0.0,0.41,1.32,0.0,0.0,0.0,20.7,N,N,N,N,N,129.0,9.0,120.0,1637.0,17,Saturday,Van Cortlandt Village,Bronx,Washington Heights South,Manhattan,-73.89562004253389,40.87651165473252,-73.9413990935137,40.84170795917971,3.073,15.32,14.91,0.41,-5.789999999999999,-0.3779373368146213,0.02512599469496021,4.23512599469496,0.37184406233421746,0.8470251989389921,1.2188692612732095,19.48113073872679,42.841826914732096,2024-01
HV0003,B03404,B03404,2024-01-20 00:13:17,2024-01-20 00:15:20,2024-01-20 00:15:29,2024-01-20 00:20:47,189,189,0.7,318,8.92,0.0,0.25,0.79,0.0,0.0,0.0,5.39,N,N,N,N,N,132.0,123.0,9.0,450.0,0,Saturday,Prospect Heights,Brooklyn,Prospect Heights,Brooklyn,-73.96758660822772,40.67763488015176,-73.96758660822772,40.67763488015176,3.073,9.17,8.92,0.25,3.5300000000000002,0.3849509269356598,0.27075471698113207,0.970754716981132,0.0852322641509434,0.1941509433962264,0.27938320754716983,5.11061679245283,40.88493433962264,2024-01
HV0003,B03404,B03404,2024-01-01 23:54:58,2024-01-01 23:57:12,2024-01-01 23:58:49,2024-01-02 00:28:03,186,22,16.43,1754,31.79,0.0,0.87,2.82,2.75,0.0,0.0,38.08,N,N,N,N,N,231.0,134.0,97.0,1985.0,23,Monday,Penn Station/Madison Sq West,Manhattan,Bensonhurst West,Brooklyn,-73.99243728054387,40.7484965983886,-73.99525874269187,40.6122174014384,3.073,35.41,31.79,3.62,-6.289999999999999,-0.17763343688223665,1.255199543899658,17.685199543899657,1.55276051995439,3.5370399087799314,5.089800428734321,32.99019957126568,59.83109242143901,2024-01
HV0003,B03404,B03404,2024-01-08 21:48:54,2024-01-08 21:50:52,2024-01-08 21:51:58,2024-01-08 22:06:08,166,142,3.2,850,17.17,0.0,0.47,1.52,2.75,0.0,0.0,12.19,N,N,N,N,N,184.0,118.0,66.0,1034.0,21,Monday,Morningside Heights,Manhattan,Lincoln Square East,Manhattan,-73.96176346467264,40.809456315241775,-73.98153210008745,40.77363265587896,3.073,20.39,17.17,3.2199999999999998,4.980000000000002,0.2442373712604219,0.44423529411764706,3.6442352941176472,0.3199638588235294,0.7288470588235295,1.0488109176470588,11.141189082352941,38.789439745135965,2024-01
HV0003,B03404,B03404,2024-01-14 00:22:01,2024-01-14 00:32:20,2024-01-14 00:32:20,2024-01-14 00:42:56,78,94,2.01,636,13.4,0.0,0.37,1.19,0.0,0.0,0.0,10.76,N,N,N,N,N,619.0,619.0,0.0,1255.0,0,Sunday,East Tremont,Bronx,Fordham South,Bronx,-73.88552139857157,40.844959817621785,-73.89953579023309,40.858154663426106,3.073,13.77,13.4,0.37,2.6400000000000006,0.19172113289760354,1.95627358490566,3.96627358490566,0.3482388207547169,0.793254716981132,1.1414935377358488,9.61850646226415,27.590934871833422,2024-01
HV0003,B03404,B03404,2024-01-16 12:38:33,2024-01-16 12:39:36,2024-01-16 12:41:36,2024-01-16 12:50:18,231,231,1.05,522,10.77,0.0,0.3,0.96,2.75,0.0,0.0,6.83,N,N,N,N,N,183.0,63.0,120.0,705.0,12,Tuesday,TriBeCa/Civic Center,Manhattan,TriBeCa/Civic Center,Manhattan,-74.00787947243188,40.717772159208046,-74.00787947243188,40.717772159208046,3.073,13.82,10.77,3.05,3.9399999999999995,0.2850940665701881,0.1267241379310345,1.1767241379310345,0.10331637931034482,0.2353448275862069,0.3386612068965517,6.4913387931034485,33.14726192223038,2024-01
HV0003,B03404,B03404,2024-01-28 12:12:55,2024-01-28 12:16:33,2024-01-28 12:16:45,2024-01-28 12:24:38,146,226,1.25,473,10.74,0.0,0.3,0.95,0.0,0.0,0.0,6.08,N,N,N,N,N,230.0,218.0,12.0,703.0,12,Sunday,Long Island City/Queens Plaza,Queens,Sunnyside,Queens,-73.93482872612303,40.754241860637634,-73.92467262943985,40.73769725609221,3.073,11.040000000000001,10.74,0.3,4.66,0.4221014492753623,0.5761099365750528,1.8261099365750528,0.16033245243128963,0.3652219873150106,0.5255544397463002,5.5544455602537,28.44381794724512,2024-01
HV0003,B03404,B03404,2024-01-29 19:40:21,2024-01-29 19:41:01,2024-01-29 19:41:35,2024-01-29 19:51:48,129,129,1.52,613,11.6,0.0,0.32,1.03,0.0,0.0,0.0,7.76,N,N,N,N,N,74.0,40.0,34.0,687.0,19,Monday,Jackson Heights,Queens,Jackson Heights,Queens,-73.88531716686686,40.7573109858269,-73.88531716686686,40.7573109858269,3.073,11.92,11.6,0.32,3.84,0.3221476510067114,0.09918433931484502,1.619184339314845,0.1421643849918434,0.32383686786296906,0.4660012528548124,7.293998747145188,38.221827495957314,2024-01
HV0003,B03404,B03404,2024-01-17 13:23:00,2024-01-17 13:27:15,2024-01-17 13:27:20,2024-01-17 13:31:09,191,19,0.9,229,8.94,0.0,0.25,0.79,0.0,0.0,0.0,5.39,N,N,N,N,N,260.0,255.0,5.0,489.0,13,Wednesday,Queens Village,Queens,Bellerose,Queens,-73.74153183175444,40.71545297944368,-73.7266556390492,40.735485680675545,3.073,9.19,8.94,0.25,3.55,0.3862894450489663,1.0021834061135373,1.9021834061135374,0.16701170305676857,0.3804366812227075,0.5474483842794761,4.842551615720524,35.650686741500785,2024-01
HV0003,B03404,B03404,2024-01-25 18:09:16,2024-01-25 18:14:29,2024-01-25 18:15:02,2024-01-25 18:25:43,242,213,2.27,641,12.51,0.0,0.34,1.11,0.0,0.0,0.0,9.0,N,N,N,N,N,346.0,313.0,33.0,987.0,18,Thursday,Van Nest/Morris Park,Bronx,Soundview/Castle Hill,Bronx,-73.85067119492659,40.84678260105803,-73.85813492907864,40.81785812742239,3.073,12.85,12.51,0.34,3.51,0.2731517509727626,1.1084399375975038,3.378439937597504,0.2966270265210608,0.6756879875195008,0.9723150140405616,8.02768498595944,29.280309979183365,2024-01
HV0003,B03404,B03404,2024-01-19 12:18:38,2024-01-19 12:22:47,2024-01-19 12:23:15,2024-01-19 12:37:05,4,13,4.47,830,24.36,0.0,0.67,2.16,2.75,0.0,6.5,13.84,N,N,N,N,N,277.0,249.0,28.0,1107.0,12,Friday,Alphabet City,Manhattan,Battery Park City,Manhattan,-73.97696809691621,40.723751540194456,-74.01607908770592,40.71203749145812,3.073,34.28,24.36,3.42,17.02,0.4964994165694282,1.341,5.811,0.5102057999999999,1.1622000000000001,1.6724058,12.1675942,39.569412032520326,2024-01
HV0003,B03404,B03404,2024-01-12 17:36:45,2024-01-12 17:37:39,2024-01-12 17:39:40,2024-01-12 17:47:11,95,196,1.08,451,9.8,0.0,0.27,0.87,0.0,0.0,0.0,6.07,N,N,N,N,N,175.0,54.0,121.0,626.0,17,Friday,Forest Hills,Queens,Rego Park,Queens,-73.84766918479201,40.72143087062858,-73.86333842618821,40.72615456414307,3.073,10.07,9.8,0.27,3.7300000000000004,0.3704071499503476,0.12931263858093128,1.2093126385809314,0.10617764966740577,0.2418625277161863,0.34804017738359205,5.721959822616408,32.905839235493715,2024-01
HV0003,B03404,B03404,2024-01-21 15:01:10,2024-01-21 15:02:46,2024-01-21 15:03:09,2024-01-21 15:19:25,168,262,2.72,976,15.4,0.0,0.42,1.37,2.75,0.0,0.0,12.75,N,N,N,N,N,119.0,96.0,23.0,1095.0,15,Sunday,Mott Haven/Port Morris,Bronx,Yorkville East,Manhattan,-73.91682135545611,40.80734651795231,-73.94651027083967,40.77593169638859,3.073,18.57,15.4,3.17,2.6500000000000004,0.1427032848680668,0.26754098360655737,2.9875409836065576,0.26230609836065577,0.5975081967213115,0.8598142950819673,11.890185704918032,39.09102149562093,2024-01
HV0003,B03404,B03404,2024-01-19 16:49:38,2024-01-19 16:50:13,2024-01-19 16:50:41,2024-01-19 17:02:27,55,210,2.44,706,13.39,0.0,0.37,1.19,0.0,0.0,5.0,9.85,N,N,N,N,N,63.0,35.0,28.0,769.0,16,Friday,Coney Island,Brooklyn,Sheepshead Bay,Brooklyn,-73.98794380632961,40.57696110526678,-73.94050746825633,40.59202328403454,3.073,18.759999999999998,13.39,0.37,8.540000000000001,0.455223880597015,0.12096317280453257,2.5609631728045326,0.22485256657223793,0.5121926345609066,0.7370452011331445,9.112954798866856,42.66142688676291,2024-01
HV0003,B03404,B03404,2024-01-31 15:00:52,2024-01-31 15:01:57,2024-01-31 15:03:18,2024-01-31 15:26:23,168,92,8.93,1385,30.48,6.94,1.03,3.32,0.0,0.0,0.33,24.75,N,N,N,N,N,146.0,65.0,81.0,1531.0,15,Wednesday,Mott Haven/Port Morris,Bronx,Flushing,Queens,-73.91682135545611,40.80734651795231,-73.8288586430752,40.76110071120437,3.073,38.78,30.48,7.970000000000001,6.059999999999999,0.15626611655492517,0.4190974729241877,9.349097472924187,0.8208507581227437,1.8698194945848376,2.6906702527075814,22.05932974729242,51.870403063522346,2024-01
HV0003,B03404,B03404,2024-01-03 18:44:58,2024-01-03 18:45:24,2024-01-03 18:47:24,2024-01-03 19:00:59,37,17,1.53,815,10.99,0.0,0.3,0.98,0.0,0.0,0.0,9.67,N,N,N,N,N,146.0,26.0,120.0,961.0,18,Wednesday,Bushwick South,Brooklyn,Bedford,Brooklyn,-73.9222368522579,40.694993402702586,-73.94990474718477,40.69150649558427,3.073,11.290000000000001,10.99,0.3,1.3200000000000003,0.11691762621789195,0.04880981595092025,1.5788098159509203,0.1386195018404908,0.31576196319018407,0.4543814650306749,9.215618534969325,34.522608455660325,2024-01
HV0003,B03404,B03404,2024-01-17 22:35:27,2024-01-17 22:36:59,2024-01-17 22:37:48,2024-01-17 22:50:47,116,262,5.44,779,15.48,0.0,0.43,1.37,2.75,0.0,0.0,14.47,N,N,N,N,N,141.0,92.0,49.0,920.0,22,Wednesday,Hamilton Heights,Manhattan,Yorkville East,Manhattan,-73.94852161825773,40.82701211556071,-73.94651027083967,40.77593169638859,3.073,18.66,15.48,3.18,1.0099999999999998,0.05412647374062164,0.6424646983311939,6.0824646983311945,0.5340404005134789,1.216492939666239,1.7505333401797178,12.719466659820283,49.771826060166326,2024-01
HV0003,B03404,B03404,2024-01-06 18:29:47,2024-01-06 18:30:39,2024-01-06 18:32:38,2024-01-06 18:56:15,164,148,2.97,1417,23.55,0.0,0.65,2.09,2.75,0.0,0.0,18.55,N,N,N,N,N,171.0,52.0,119.0,1588.0,18,Saturday,Midtown South,Manhattan,Lower East Side,Manhattan,-73.98515619423324,40.74857395489648,-73.99089618330311,40.71893779448139,3.073,26.95,23.55,3.4,5.0,0.1855287569573284,0.1089908256880734,3.0789908256880736,0.2703353944954129,0.6157981651376148,0.8861335596330276,17.663866440366974,40.04402971367828,2024-01
HV0003,B03404,B03404,2024-01-07 20:56:44,2024-01-07 21:01:18,2024-01-07 21:01:38,2024-01-07 21:07:45,252,53,0.95,367,8.91,0.0,0.25,0.79,0.0,0.0,1.0,6.05,N,N,N,N,N,294.0,274.0,20.0,661.0,21,Sunday,Whitestone,Queens,College Point,Queens,-73.81565697470342,40.78819242797384,-73.84281303024585,40.78091097765128,3.073,10.16,8.91,0.25,3.8600000000000003,0.37992125984251973,0.7092643051771117,1.6592643051771117,0.1456834059945504,0.33185286103542233,0.47753626702997276,5.572463732970027,30.349272978354154,2024-01
HV0003,B03404,B03404,2024-01-10 05:08:58,2024-01-10 05:13:09,2024-01-10 05:14:08,2024-01-10 05:17:37,241,136,0.67,209,8.88,0.0,0.24,0.79,0.0,0.0,0.0,5.39,N,N,N,N,N,310.0,251.0,59.0,519.0,5,Wednesday,Van Cortlandt Village,Bronx,Kingsbridge Heights,Bronx,-73.89562004253389,40.87651165473252,-73.90591111534405,40.8652635680692,3.073,9.120000000000001,8.88,0.24,3.490000000000001,0.3826754385964913,0.8046411483253588,1.4746411483253588,0.1294734928229665,0.29492822966507176,0.42440172248803826,4.965598277511962,34.44345626019858,2024-01
HV0003,B03404,B03404,2024-01-03 12:43:06,2024-01-03 12:45:20,2024-01-03 12:45:44,2024-01-03 12:54:01,112,255,0.9,497,8.91,0.0,0.25,0.79,0.0,0.0,1.0,5.85,N,N,N,N,N,158.0,134.0,24.0,655.0,12,Wednesday,Greenpoint,Brooklyn,Williamsburg (North Side),Brooklyn,-73.94953985600077,40.72950555799535,-73.95741799903575,40.71880332024791,3.073,10.16,8.91,0.25,4.0600000000000005,0.3996062992125985,0.2426559356136821,1.142655935613682,0.10032519114688128,0.22853118712273643,0.3288563782696177,5.521143621730382,30.34521685225859,2024-01
HV0003,B03404,B03404,2024-01-27 14:54:21,2024-01-27 14:55:46,2024-01-27 14:55:47,2024-01-27 15:21:44,144,186,2.58,1557,27.01,0.0,0.74,2.4,2.75,0.0,4.93,19.03,N,N,N,N,N,86.0,85.0,1.0,1643.0,14,Saturday,Little Italy/NoLiTa,Manhattan,Penn Station/Madison Sq West,Manhattan,-73.99691839304907,40.72088834178079,-73.99243728054387,40.7484965983886,3.073,35.43,27.01,3.49,12.91,0.3643804685294948,0.14084778420038538,2.7208477842003855,0.23889043545279384,0.5441695568400772,0.783059992292871,18.24694000770713,39.981122354075275,2024-01
HV0003,B03404,B03404,2024-01-02 06:18:33,2024-01-02 06:20:23,2024-01-02 06:21:50,2024-01-02 06:29:22,241,241,1.47,452,8.87,0.0,0.24,0.79,0.0,0.0,0.0,6.18,N,N,N,N,N,197.0,110.0,87.0,649.0,6,Tuesday,Van Cortlandt Village,Bronx,Van Cortlandt Village,Bronx,-73.89562004253389,40.87651165473252,-73.89562004253389,40.87651165473252,3.073,9.11,8.87,0.24,2.6899999999999995,0.2952799121844127,0.35774336283185837,1.8277433628318582,0.16047586725663715,0.3655486725663717,0.5260245398230088,5.653975460176991,31.36257574212198,2024-01
HV0003,B03404,B03404,2024-01-19 05:20:24,2024-01-19 05:29:26,2024-01-19 05:29:28,2024-01-19 05:47:52,39,76,3.26,1104,17.9,0.0,0.49,1.59,0.0,0.0,0.0,14.66,N,N,N,N,N,544.0,542.0,2.0,1648.0,5,Friday,Canarsie,Brooklyn,East New York,Brooklyn,-73.89973483047997,40.63803639656562,-73.87682032859912,40.66093356035302,3.073,18.389999999999997,17.9,0.49,3.2399999999999984,0.17618270799347466,1.6004710144927536,4.860471014492753,0.42674935507246375,0.9720942028985506,1.3988435579710143,13.261156442028986,28.968545625791474,2024-01
HV0003,B03404,B03404,2024-01-29 05:18:56,2024-01-29 05:20:02,2024-01-29 05:20:13,2024-01-29 05:35:46,163,75,3.65,933,16.28,0.0,0.45,1.44,2.75,0.0,4.18,13.57,N,N,N,N,N,77.0,66.0,11.0,1010.0,5,Monday,Midtown North,Manhattan,East Harlem South,Manhattan,-73.97756832086549,40.764420870266285,-73.94575002008068,40.79001009948004,3.073,23.66,16.28,3.2,6.890000000000001,0.29120879120879123,0.2581993569131833,3.908199356913183,0.3431399035369775,0.7816398713826367,1.1247797749196142,12.445220225080385,44.35920080226672,2024-01
HV0003,B03404,B03404,2024-01-21 21:39:34,2024-01-21 21:45:05,2024-01-21 21:45:36,2024-01-21 21:57:02,169,127,3.19,686,15.19,0.0,0.42,1.35,0.0,0.0,0.0,11.64,N,N,N,N,N,362.0,331.0,31.0,1048.0,21,Sunday,Mount Hope,Bronx,Inwood,Manhattan,-73.90512230176171,40.849057751559215,-73.91930824408637,40.86607442573871,3.073,15.61,15.19,0.42,3.549999999999999,0.2274183215887251,1.539198250728863,4.729198250728863,0.4152236064139942,0.9458396501457726,1.361063256559767,10.278936743440234,35.30932469120691,2024-01
HV0003,B03404,B03404,2024-01-30 14:43:22,2024-01-30 14:49:40,2024-01-30 14:51:40,2024-01-30 15:20:27,140,239,2.6,1727,27.21,0.0,0.75,2.41,2.75,0.0,3.31,19.65,N,N,N,N,N,498.0,378.0,120.0,2225.0,14,Tuesday,Lenox Hill East,Manhattan,Upper West Side South,Manhattan,-73.9547388423982,40.76548333944988,-73.97863166507607,40.783960878966745,3.073,34.02,27.21,3.5,10.870000000000001,0.3195179306290417,0.5690793283149972,3.1690793283149974,0.2782451650260568,0.6338158656629995,0.9120610306890563,18.737938969310942,30.317564175064895,2024-01
HV0003,B03404,B03404,2024-01-30 08:14:47,2024-01-30 08:15:34,2024-01-30 08:16:13,2024-01-30 08:40:51,167,183,7.04,1478,28.66,0.0,0.79,2.54,0.0,0.0,0.0,24.14,N,N,N,N,N,86.0,47.0,39.0,1564.0,8,Tuesday,Morrisania/Melrose,Bronx,Pelham Bay,Bronx,-73.90235192494784,40.827512011036994,-73.8315818648629,40.84917189594048,3.073,29.45,28.66,0.79,4.52,0.15348047538200338,0.2238700947225981,7.2638700947225985,0.6377677943166441,1.4527740189445197,2.0905418132611637,22.049458186738836,50.75322856282596,2024-01
HV0003,B03404,B03404,2024-01-19 23:43:06,2024-01-19 23:46:18,2024-01-19 23:48:18,2024-01-20 00:00:26,137,158,2.07,728,13.25,0.0,0.36,1.18,2.75,0.0,0.0,9.56,N,N,N,N,N,312.0,192.0,120.0,1040.0,23,Friday,Kips Bay,Manhattan,Meatpacking/West Village West,Manhattan,-73.97649447841282,40.74043833958882,-74.00898395410488,40.73503468604606,3.073,16.36,13.25,3.11,3.6899999999999995,0.22555012224938872,0.5459340659340659,2.6159340659340655,0.22967901098901095,0.5231868131868131,0.7528658241758241,8.807134175824176,30.486233685545226,2024-01
HV0003,B03404,B03404,2024-01-01 15:44:53,2024-01-01 15:52:18,2024-01-01 15:52:49,2024-01-01 16:09:15,168,78,3.04,986,15.21,0.0,0.42,1.35,0.0,0.0,3.0,13.26,N,N,N,N,N,476.0,445.0,31.0,1462.0,15,Monday,Mott Haven/Port Morris,Bronx,East Tremont,Bronx,-73.91682135545611,40.80734651795231,-73.88552139857157,40.844959817621785,3.073,18.630000000000003,15.21,0.42,4.950000000000001,0.26570048309178745,1.3720081135902638,4.412008113590264,0.38737431237322517,0.8824016227180528,1.2697759350912778,11.990224064908722,29.524491541498904,2024-01
HV0003,B03404,B03404,2024-01-28 10:46:27,2024-01-28 10:47:37,2024-01-28 10:47:50,2024-01-28 10:56:27,114,233,1.96,517,12.43,0.0,0.34,1.1,2.75,0.0,1.0,7.44,N,N,N,N,N,83.0,70.0,13.0,600.0,10,Sunday,Greenwich Village South,Manhattan,UN/Turtle Bay South,Manhattan,-73.99737994674842,40.72833985411046,-73.9704423734757,40.74991338603123,3.073,16.52,12.43,3.09,5.989999999999999,0.36259079903147695,0.2653771760154739,2.2253771760154737,0.19538811605415857,0.4450754352030948,0.6404635512572534,6.799536448742747,40.79721869245648,2024-01
HV0003,B03404,B03404,2024-01-16 20:59:15,2024-01-16 21:01:08,2024-01-16 21:03:09,2024-01-16 21:14:53,188,71,2.24,704,13.39,0.0,0.37,1.19,0.0,0.0,0.0,9.55,Y,N,N,N,N,234.0,113.0,121.0,938.0,21,Tuesday,Prospect-Lefferts Gardens,Brooklyn,East Flatbush/Farragut,Brooklyn,-73.94744189565975,40.65874424163321,-73.93796628102253,40.64428722355921,3.073,13.76,13.39,0.37,3.84,0.27906976744186046,0.3595454545454546,2.5995454545454546,0.2282400909090909,0.519909090909091,0.7481491818181819,8.80185081818182,33.78109056018609,2024-01
HV0003,B03404,B03404,2024-01-14 02:37:07,2024-01-14 02:42:23,2024-01-14 02:44:23,2024-01-14 03:13:26,79,208,13.17,1743,44.29,0.0,1.22,3.93,2.75,0.0,0.0,37.9,N,N,N,N,N,436.0,316.0,120.0,2179.0,2,Sunday,East Village,Manhattan,Schuylerville/Edgewater Park,Bronx,-73.98593725800136,40.72761958691338,-73.82353896872594,40.82331715898944,3.073,48.26,44.29,3.9699999999999998,6.390000000000001,0.13240779113137174,2.3876764199655764,15.557676419965576,1.3659639896729776,3.111535283993115,4.477499273666092,33.42250072633391,55.21845002973936,2024-01
HV0003,B03404,B03404,2024-01-13 19:43:59,2024-01-13 19:47:31,2024-01-13 19:48:04,2024-01-13 19:55:31,36,63,1.78,447,11.58,0.0,0.32,1.03,0.0,0.0,0.0,6.78,N,N,N,N,N,245.0,212.0,33.0,692.0,19,Saturday,Bushwick North,Brooklyn,Cypress Hills,Brooklyn,-73.9177095234613,40.700521468719735,-73.87817291227658,40.68383923597394,3.073,11.9,11.58,0.32,4.8,0.4033613445378151,0.8442058165548099,2.62420581655481,0.2304052706935123,0.524841163310962,0.7552464340044742,6.0247535659955265,31.342648609225282,2024-01
HV0003,B03404,B03404,2024-01-29 14:20:32,2024-01-29 14:22:26,2024-01-29 14:22:44,2024-01-29 14:27:47,42,42,0.95,303,9.85,0.0,0.27,0.87,0.0,0.0,0.0,5.4,N,N,N,N,N,132.0,114.0,18.0,435.0,14,Monday,Central Harlem North,Manhattan,Central Harlem North,Manhattan,-73.9407718835631,40.81825672430646,-73.9407718835631,40.81825672430646,3.073,10.12,9.85,0.27,4.449999999999999,0.4397233201581027,0.3574257425742574,1.3074257425742575,0.11479198019801981,0.2614851485148515,0.37627712871287133,5.023722871287129,41.57563755547969,2024-01
HV0003,B03404,B03404,2024-01-21 18:50:27,2024-01-21 18:50:41,2024-01-21 18:52:42,2024-01-21 19:05:37,90,249,1.29,775,12.05,0.0,0.33,1.07,2.75,0.0,0.0,9.99,N,N,N,N,N,135.0,14.0,121.0,910.0,18,Sunday,Flatiron,Manhattan,West Village,Manhattan,-73.9969712245153,40.742278038328486,-74.00287478437944,40.73457538224023,3.073,15.13,12.05,3.08,2.0600000000000005,0.13615333773959024,0.023303225806451614,1.3133032258064516,0.11530802322580647,0.26266064516129034,0.3779686683870968,9.612031331612904,38.02561845473237,2024-01
HV0003,B03404,B03404,2024-01-06 21:57:39,2024-01-06 22:00:55,2024-01-06 22:01:52,2024-01-06 22:10:38,211,79,1.3,526,10.95,0.0,0.3,0.97,2.75,0.0,0.0,7.44,N,N,N,N,N,253.0,196.0,57.0,779.0,22,Saturday,SoHo,Manhattan,East Village,Manhattan,-74.00153738622468,40.72388757677251,-73.98593725800136,40.72761958691338,3.073,14.0,10.95,3.05,3.509999999999999,0.2507142857142856,0.48441064638783277,1.7844106463878329,0.15667125475285174,0.3568821292775666,0.5135533840304183,6.926446615969582,32.00925265403145,2024-01
HV0003,B03404,B03404,2024-01-18 12:47:43,2024-01-18 12:49:54,2024-01-18 12:50:27,2024-01-18 13:07:01,71,39,2.88,994,16.05,0.0,0.44,1.42,0.0,0.0,0.0,13.13,N,N,N,N,N,164.0,131.0,33.0,1158.0,12,Thursday,East Flatbush/Farragut,Brooklyn,Canarsie,Brooklyn,-73.93796628102253,40.64428722355921,-73.89973483047997,40.63803639656562,3.073,16.490000000000002,16.05,0.44,2.92,0.17707701637355971,0.3795573440643863,3.2595573440643864,0.2861891348088531,0.6519114688128773,0.9381006036217304,12.19189939637827,37.902277916201875,2024-01
