hvfhs_license_num,dispatching_base_num,originating_base_num,request_datetime,on_scene_datetime,pickup_datetime,dropoff_datetime,PULocationID,DOLocationID,trip_miles,trip_time,base_passenger_fare,tolls,bcf,sales_tax,congestion_surcharge,airport_fee,tips,driver_pay,shared_request_flag,shared_match_flag,access_a_ride_flag,wav_request_flag,wav_match_flag,passenger_wait_time,driver_arrival_time,driver_wait_time,driver_total_time,hour_of_day,day_of_week,PU_Zone,PU_Borough,DO_Zone,DO_Borough,PU_longitude,PU_latitude,DO_longitude,DO_latitude,gas_price_per_gallon,total_fare,trip_price,platform_fees,platform_profit,profit_margin,arrival_miles,total_miles,gas_cost,depreciation_cost,operating_cost,net_driver_pay,driver_hourly_earnings,year_month
HV0003,B03404,B03404,2024-02-03 05:29:19,2024-02-03 05:34:16,2024-02-03 05:34:22,2024-02-03 05:47:56,159,213,3.59,814,16.11,0.0,0.44,1.43,0.0,0.0,0.0,12.37,N,N,N,N,N,303.0,297.0,6.0,1117.0,5,Saturday,Melrose South,Bronx,Soundview/Castle Hill,Bronx,-73.9128491499624,40.81825923634175,-73.85813492907864,40.81785812742239,3.143,16.55,16.11,0.44,3.74,0.22598187311178247,1.3098648648648648,4.899864864864865,0.4400078648648648,0.979972972972973,1.4199808378378378,10.950019162162162,35.2910196810956,2024-02
HV0003,B03404,B03404,2024-02-29 10:10:06,2024-02-29 10:13:18,2024-02-29 10:13:52,2024-02-29 10:25:11,216,216,1.86,679,6.49,0.0,0.18,0.58,0.0,0.0,0.0,8.82,N,N,N,N,N,226.0,192.0,34.0,905.0,10,Thursday,South Ozone Park,Queens,South Ozone Park,Queens,-73.81945966887841,40.6761529751015,-73.81945966887841,40.6761529751015,3.143,6.67,6.49,0.18,-2.33,-0.34932533733133436,0.5259499263622975,2.3859499263622976,0.21425830338733431,0.47718998527245954,0.6914482886597939,8.128551711340206,32.334570343452754,2024-02
HV0003,B03404,B03404,2024-02-13 18:40:52,2024-02-13 18:44:18,2024-02-13 18:45:01,2024-02-13 18:56:54,80,148,3.47,713,17.23,0.0,0.47,1.53,2.75,0.0,0.0,12.26,N,N,N,N,N,249.0,206.0,43.0,962.0,18,Tuesday,East Williamsburg,Brooklyn,Lower East Side,Manhattan,-73.93679348509205,40.71536904490185,-73.99089618330311,40.71893779448139,3.143,20.45,17.23,3.2199999999999998,4.970000000000001,0.24303178484107582,1.0025525946704068,4.4725525946704074,0.4016352230014026,0.8945105189340815,1.296145741935484,10.963854258064515,41.028976433505456,2024-02
HV0003,B03404,B03404,2024-02-21 21:58:57,2024-02-21 22:00:28,2024-02-21 22:01:56,2024-02-21 22:11:02,168,75,2.88,546,9.57,0.0,0.26,0.85,0.0,0.0,0.0,9.91,N,N,N,N,N,179.0,91.0,88.0,725.0,22,Wednesday,Mott Haven/Port Morris,Bronx,East Harlem South,Manhattan,-73.91682135545611,40.80734651795231,-73.94575002008068,40.79001009948004,3.143,9.83,9.57,0.26,-0.33999999999999986,-0.03458799593082399,0.48,3.36,0.301728,0.672,0.973728,8.936272,44.373212689655176,2024-02
HV0003,B03404,B03404,2024-02-23 11:58:44,2024-02-23 12:00:14,2024-02-23 12:01:28,2024-02-23 12:16:19,234,211,1.83,891,16.33,0.0,0.45,1.45,2.75,0.0,2.09,10.78,N,N,N,N,N,164.0,90.0,74.0,1055.0,12,Friday,Union Sq,Manhattan,SoHo,Manhattan,-73.99045767416112,40.74033681887629,-74.00153738622468,40.72388757677251,3.143,21.619999999999997,16.33,3.2,7.639999999999999,0.35337650323774283,0.18484848484848485,2.014848484848485,0.18093339393939395,0.40296969696969703,0.583903090909091,10.196096909090908,34.792368599741486,2024-02
HV0003,B03404,B03404,2024-02-10 17:55:47,2024-02-10 18:02:41,2024-02-10 18:11:10,2024-02-10 18:22:04,242,32,1.87,654,11.76,0.0,0.32,1.04,0.0,0.0,0.0,16.11,Y,N,N,N,N,923.0,414.0,509.0,1577.0,18,Saturday,Van Nest/Morris Park,Bronx,Bronxdale,Bronx,-73.85067119492659,40.84678260105803,-73.86490087169818,40.86400152279616,3.143,12.08,11.76,0.32,-4.35,-0.36009933774834435,1.1837614678899082,3.0537614678899083,0.27422777981651375,0.6107522935779817,0.8849800733944955,15.225019926605505,34.755911056296654,2024-02
HV0003,B03404,B03404,2024-02-05 17:52:29,2024-02-05 17:54:30,2024-02-05 17:56:19,2024-02-05 18:04:36,164,164,0.77,497,10.07,0.0,0.28,0.89,2.75,0.0,0.0,15.95,N,N,N,N,N,230.0,121.0,109.0,727.0,17,Monday,Midtown South,Manhattan,Midtown South,Manhattan,-73.98515619423324,40.74857395489648,-73.98515619423324,40.74857395489648,3.143,13.1,10.07,3.0300000000000002,-5.879999999999999,-0.44885496183206103,0.1874647887323944,0.9574647887323944,0.08598033802816901,0.1914929577464789,0.2774732957746479,15.672526704225351,77.6081102272507,2024-02
HV0003,B03404,B03404,2024-02-04 18:39:49,2024-02-04 18:45:12,2024-02-04 18:45:37,2024-02-04 19:15:46,10,201,9.49,1809,30.59,5.2,0.98,3.18,0.0,0.0,3.99,29.47,N,N,N,N,N,348.0,323.0,25.0,2157.0,18,Sunday,Baisley Park,Queens,Rockaway Park,Queens,-73.79098701332514,40.67895233930188,-73.8434546665996,40.577982423682975,3.143,40.76,30.59,6.18,5.109999999999999,0.12536800785083416,1.6944555002763957,11.184455500276396,1.0043641039248203,2.236891100055279,3.2412552039800993,26.2287447960199,43.77537379029747,2024-02
HV0003,B03404,B03404,2024-02-25 14:14:20,2024-02-25 14:15:33,2024-02-25 14:15:46,2024-02-25 14:25:43,209,232,1.57,597,13.62,0.0,0.37,1.21,2.75,0.0,0.0,7.67,N,N,N,N,N,86.0,73.0,13.0,683.0,14,Sunday,Seaport,Manhattan,Two Bridges/Seward Park,Manhattan,-74.00366431896066,40.7090722607075,-73.98302452983464,40.71473195717586,3.143,16.74,13.62,3.12,5.949999999999999,0.35543608124253284,0.19197654941373535,1.7619765494137354,0.15822549413735343,0.3523953098827471,0.5106208040201006,7.159379195979899,37.736112892426995,2024-02
HV0003,B03404,B03404,2024-02-04 13:31:19,2024-02-04 13:34:15,2024-02-04 13:34:16,2024-02-04 13:44:47,89,89,1.41,631,10.68,0.0,0.29,0.95,0.0,0.0,3.0,7.78,N,N,N,N,N,177.0,176.0,1.0,808.0,13,Sunday,Flatbush/Ditmas Park,Brooklyn,Flatbush/Ditmas Park,Brooklyn,-73.96096812758745,40.637899248043546,-73.96096812758745,40.637899248043546,3.143,13.969999999999999,10.68,0.29,5.8999999999999995,0.42233357193987114,0.3932805071315372,1.8032805071315372,0.16193458954041204,0.36065610142630744,0.5225906909667195,7.257409309033281,32.33499197094036,2024-02
HV0003,B03404,B03404,2024-02-06 14:33:33,2024-02-06 14:37:17,2024-02-06 14:37:35,2024-02-06 15:28:06,55,113,15.89,3031,59.31,6.94,1.82,5.88,2.75,0.0,0.0,58.52,N,N,N,N,N,242.0,224.0,18.0,3273.0,14,Tuesday,Coney Island,Brooklyn,Greenwich Village North,Manhattan,-73.98794380632961,40.57696110526678,-73.99430449266352,40.73257849687629,3.143,70.82,59.31,11.51,0.7899999999999991,0.011155040948884485,1.1743187066974596,17.06431870669746,1.5323758198614317,3.412863741339492,4.945239561200924,53.57476043879908,58.92732587218964,2024-02
HV0003,B03404,B03404,2024-02-27 17:54:55,2024-02-27 17:58:36,2024-02-27 17:59:03,2024-02-27 18:23:09,174,169,3.3,1446,17.9,0.0,0.49,1.59,0.0,0.0,0.0,17.93,N,N,N,N,N,248.0,221.0,27.0,1694.0,17,Tuesday,Norwood,Bronx,Mount Hope,Bronx,-73.87902205824633,40.87713685159281,-73.90512230176171,40.849057751559215,3.143,18.389999999999997,17.9,0.49,-0.030000000000001137,-0.0016313213703100132,0.504356846473029,3.804356846473029,0.34163124481327795,0.7608713692946059,1.1025026141078837,16.827497385892116,35.76091534191949,2024-02
HV0003,B03404,B03404,2024-02-23 18:52:44,2024-02-23 18:53:00,2024-02-23 18:55:01,2024-02-23 19:07:58,84,204,4.15,777,12.73,0.0,0.35,1.13,0.0,0.0,0.0,13.76,N,N,N,N,N,137.0,16.0,121.0,914.0,18,Friday,Eltingville/Annadale/Prince's Bay,Staten Island,Rossville/Woodrow,Staten Island,-74.18767986497272,40.52868539814606,-74.20782633766407,40.54033292861423,3.143,13.08,12.73,0.35,-1.0299999999999994,-0.07874617737003053,0.08545688545688546,4.235456885456886,0.3803440283140283,0.8470913770913772,1.2274354054054055,12.532564594594595,49.362398840853984,2024-02
HV0003,B03404,B03404,2024-02-12 10:58:26,2024-02-12 11:00:40,2024-02-12 11:01:56,2024-02-12 11:12:42,82,157,1.73,646,13.39,0.0,0.37,1.19,0.0,0.0,0.0,8.34,N,N,N,N,N,210.0,134.0,76.0,856.0,11,Monday,Elmhurst,Queens,Maspeth,Queens,-73.8771182418676,40.73949455225884,-73.9023306735786,40.72399415934883,3.143,13.76,13.39,0.37,5.050000000000001,0.3670058139534884,0.3588544891640867,2.0888544891640866,0.18757913312693497,0.41777089783281735,0.6053500309597524,7.734649969040247,32.52890173895431,2024-02
HV0003,B03404,B03404,2024-02-04 11:52:55,2024-02-04 11:58:35,2024-02-04 11:59:11,2024-02-04 12:08:34,17,181,1.75,563,11.55,0.0,0.32,1.03,0.0,0.0,5.0,7.59,N,N,N,N,N,376.0,340.0,36.0,939.0,11,Sunday,Bedford,Brooklyn,Park Slope,Brooklyn,-73.94990474718477,40.69150649558427,-73.98141426627474,40.67037356101699,3.143,16.87,11.55,0.32,8.96,0.5311203319502075,1.0568383658969804,2.80683836589698,0.2520540852575488,0.5613676731793961,0.8134217584369449,6.776578241563055,25.980491660944622,2024-02
HV0003,B03404,B03404,2024-02-10 18:32:06,2024-02-10 18:32:42,2024-02-10 18:33:01,2024-02-10 18:55:38,169,46,9.09,1357,20.68,0.0,0.57,1.84,0.0,0.0,0.0,24.7,N,N,N,N,N,55.0,36.0,19.0,1412.0,18,Saturday,Mount Hope,Bronx,City Island,Bronx,-73.90512230176171,40.849057751559215,-73.78198774286048,40.84908502708328,3.143,21.25,20.68,0.57,-4.02,-0.18917647058823528,0.24114959469417832,9.331149594694178,0.8379372336035371,1.8662299189388358,2.704167152542373,21.995832847457628,56.080027089835305,2024-02
HV0003,B03404,B03404,2024-02-03 21:34:03,2024-02-03 21:35:38,2024-02-03 21:35:38,2024-02-03 21:47:03,229,142,1.92,685,13.52,0.0,0.37,1.2,2.75,0.0,4.0,8.96,N,N,N,N,N,95.0,95.0,0.0,780.0,21,Saturday,Sutton Place/Turtle Bay North,Manhattan,Lincoln Square East,Manhattan,-73.96514558738956,40.75672829786632,-73.98153210008745,40.77363265587896,3.143,20.64,13.52,3.12,8.559999999999999,0.41472868217054254,0.2662773722627737,2.1862773722627735,0.19632770802919705,0.43725547445255475,0.6335831824817518,8.326416817518249,38.42961608085346,2024-02
HV0003,B03404,B03404,2024-02-24 19:24:13,2024-02-24 19:26:13,2024-02-24 19:26:42,2024-02-24 19:43:08,164,158,2.2,986,25.29,0.0,0.7,2.24,2.75,0.0,5.0,12.16,N,N,N,N,N,149.0,120.0,29.0,1135.0,19,Saturday,Midtown South,Manhattan,Meatpacking/West Village West,Manhattan,-73.98515619423324,40.74857395489648,-74.00898395410488,40.73503468604606,3.143,33.739999999999995,25.29,3.45,18.13,0.537344398340249,0.26774847870182555,2.4677484787018256,0.2216038133874239,0.4935496957403651,0.715153509127789,11.44484649087221,36.30083468470481,2024-02
HV0003,B03404,B03404,2024-02-18 07:13:18,2024-02-18 07:18:01,2024-02-18 07:20:02,2024-02-18 07:29:08,36,225,1.8,546,9.47,0.0,0.26,0.84,0.0,0.0,0.0,9.0,N,N,N,N,N,404.0,283.0,121.0,950.0,7,Sunday,Bushwick North,Brooklyn,Stuyvesant Heights,Brooklyn,-73.9177095234613,40.700521468719735,-73.93188774325893,40.68816752944304,3.143,9.73,9.47,0.26,0.47000000000000064,0.04830421377183974,0.9329670329670331,2.732967032967033,0.24542043956043952,0.5465934065934066,0.7920138461538462,8.207986153846154,31.10394753036437,2024-02
HV0003,B03404,B03404,2024-02-05 17:56:34,2024-02-05 18:08:16,2024-02-05 18:10:17,2024-02-05 18:26:07,117,86,1.85,950,15.64,0.0,0.43,1.39,0.0,0.0,0.0,19.17,N,N,N,N,N,823.0,702.0,121.0,1773.0,18,Monday,Hammels/Arverne,Queens,Far Rockaway,Queens,-73.7896236798251,40.594058457192666,-73.75524367121405,40.60243189212709,3.143,16.07,15.64,0.43,-3.530000000000001,-0.21966397013067834,1.3670526315789475,3.2170526315789476,0.28889132631578945,0.6434105263157895,0.9323018526315789,18.237698147368423,37.030859182473954,2024-02
HV0003,B03404,B03404,2024-02-28 14:18:42,2024-02-28 14:21:34,2024-02-28 14:22:00,2024-02-28 14:30:27,83,260,0.55,507,5.39,0.0,0.15,0.48,0.0,0.0,0.0,5.49,N,N,N,N,N,198.0,172.0,26.0,705.0,14,Wednesday,Elmhurst/Maspeth,Queens,Woodside,Queens,-73.89217328348057,40.738323179532586,-73.90630705433507,40.74423288564698,3.143,5.54,5.39,0.15,-0.10000000000000053,-0.018050541516245584,0.18658777120315584,0.7365877712031559,0.0661455818540434,0.14731755424063117,0.21346313609467457,5.276536863905326,26.944018028452728,2024-02
HV0003,B03404,B03404,2024-02-05 21:57:01,2024-02-05 21:57:45,2024-02-05 21:57:52,2024-02-05 22:11:16,75,119,5.61,804,17.48,0.0,0.48,1.55,0.0,0.0,0.0,24.19,N,N,N,N,N,51.0,44.0,7.0,855.0,21,Monday,East Harlem South,Manhattan,Highbridge,Bronx,-73.94575002008068,40.79001009948004,-73.92615739281834,40.83782626996652,3.143,17.96,17.48,0.48,-6.710000000000001,-0.37360801781737196,0.30701492537313435,5.917014925373135,0.5313479402985074,1.183402985074627,1.7147509253731346,22.475249074626866,94.63262768263944,2024-02
HV0003,B03404,B03404,2024-02-12 01:55:48,2024-02-12 02:00:05,2024-02-12 02:01:45,2024-02-12 02:12:49,129,56,2.07,664,13.86,0.0,0.38,1.23,0.0,0.0,0.0,9.96,Y,N,N,N,N,357.0,257.0,100.0,1021.0,2,Monday,Jackson Heights,Queens,Corona,Queens,-73.88531716686686,40.7573109858269,-73.85884532361277,40.7414060161842,3.143,14.24,13.86,0.38,3.8999999999999986,0.27387640449438194,0.8011897590361445,2.8711897590361444,0.2578328403614457,0.5742379518072289,0.8320707921686746,9.127929207831325,32.18466713828871,2024-02
HV0003,B03404,B03404,2024-02-04 22:17:20,2024-02-04 22:20:38,2024-02-04 22:21:21,2024-02-04 22:27:51,37,225,1.02,390,5.39,0.0,0.15,0.48,0.0,0.0,0.0,5.39,N,N,N,N,N,241.0,198.0,43.0,631.0,22,Sunday,Bushwick South,Brooklyn,Stuyvesant Heights,Brooklyn,-73.9222368522579,40.694993402702586,-73.93188774325893,40.68816752944304,3.143,5.54,5.39,0.15,0.0,0.0,0.5178461538461538,1.5378461538461539,0.1380985846153846,0.3075692307692308,0.4456678153846154,4.9443321846153845,28.2085512909911,2024-02
HV0003,B03404,B03404,2024-02-19 14:51:09,2024-02-19 14:51:22,2024-02-19 14:52:33,2024-02-19 15:25:51,255,177,3.8,1998,27.86,0.0,0.77,2.47,0.0,0.0,0.0,23.77,N,N,N,N,N,84.0,13.0,71.0,2082.0,14,Monday,Williamsburg (North Side),Brooklyn,Ocean Hill,Brooklyn,-73.95741799903575,40.71880332024791,-73.91363235241506,40.67664341763747,3.143,28.63,27.86,0.77,4.09,0.14285714285714285,0.024724724724724725,3.8247247247247245,0.34346028028028025,0.7649449449449449,1.1084052252252252,22.661594774774773,39.184313731599026,2024-02
HV0003,B03404,B03404,2024-02-13 22:07:08,2024-02-13 22:11:30,2024-02-13 22:12:00,2024-02-13 22:18:34,68,50,1.42,394,9.13,0.0,0.25,0.81,2.75,0.0,0.0,5.58,N,N,N,N,N,292.0,262.0,30.0,686.0,22,Tuesday,East Chelsea,Manhattan,Clinton West,Manhattan,-73.99991751678058,40.748426777755405,-73.99513507723576,40.76623709408489,3.143,12.13,9.13,3.0,3.5500000000000007,0.2926628194558945,0.9442639593908629,2.364263959390863,0.21231090355329948,0.47285279187817264,0.6851636954314722,4.894836304568528,25.68718760414971,2024-02
HV0003,B03404,B03404,2024-02-05 08:17:22,2024-02-05 08:24:20,2024-02-05 08:24:34,2024-02-05 08:39:13,213,78,2.06,879,17.9,0.0,0.49,1.59,0.0,0.0,0.0,10.97,N,N,N,N,N,432.0,418.0,14.0,1311.0,8,Monday,Soundview/Castle Hill,Bronx,East Tremont,Bronx,-73.85813492907864,40.81785812742239,-73.88552139857157,40.844959817621785,3.143,18.389999999999997,17.9,0.49,6.929999999999998,0.3768352365415986,0.979613196814562,3.039613196814562,0.27295726507394763,0.6079226393629125,0.88087990443686,10.08912009556314,27.704677607953702,2024-02
HV0003,B03404,B03404,2024-02-08 22:38:44,2024-02-08 22:43:40,2024-02-08 22:45:34,2024-02-08 22:57:06,248,242,3.25,692,9.56,0.0,0.26,0.85,0.0,0.0,0.0,10.77,N,N,N,N,N,410.0,296.0,114.0,1102.0,22,Thursday,West Farms/Bronx River,Bronx,Van Nest/Morris Park,Bronx,-73.87228952703794,40.83416474537906,-73.85067119492659,40.84678260105803,3.143,9.82,9.56,0.26,-1.209999999999999,-0.12321792260692455,1.3901734104046244,4.640173410404625,0.4166875722543353,0.928034682080925,1.3447222543352604,9.42527774566474,30.790381020320385,2024-02
HV0003,B03404,B03404,2024-02-11 16:34:27,2024-02-11 16:39:22,2024-02-11 16:39:42,2024-02-11 17:03:53,50,50,3.43,1451,26.19,0.0,0.72,2.32,2.75,0.0,0.0,25.65,N,N,N,N,N,315.0,295.0,20.0,1766.0,16,Sunday,Clinton West,Manhattan,Clinton West,Manhattan,-73.99513507723576,40.76623709408489,-73.99513507723576,40.76623709408489,3.143,29.66,26.19,3.4699999999999998,0.5400000000000027,0.01820633850303448,0.6973466574776017,4.127346657477602,0.3706357298414887,0.8254693314955205,1.1961050613370092,24.45389493866299,49.849389455938145,2024-02
HV0003,B03404,B03404,2024-02-14 09:17:29,2024-02-14 09:19:49,2024-02-14 09:20:56,2024-02-14 09:46:13,90,230,1.98,1517,30.62,0.0,0.84,2.72,2.75,0.0,4.0,16.86,N,N,N,N,N,207.0,140.0,67.0,1724.0,9,Wednesday,Flatiron,Manhattan,Times Sq/Theatre District,Manhattan,-73.9969712245153,40.742278038328486,-73.98419629996178,40.7598170009371,3.143,38.21,30.62,3.59,17.760000000000005,0.4647997906307251,0.18272907053394857,2.1627290705339486,0.19421307053394857,0.4325458141067897,0.6267588846407383,16.23324111535926,33.89771926641145,2024-02
HV0003,B03404,B03404,2024-02-18 19:02:01,2024-02-18 19:04:55,2024-02-18 19:04:55,2024-02-18 19:09:44,112,255,0.89,289,8.91,0.0,0.25,0.79,0.0,0.0,0.0,5.4,N,N,N,N,N,174.0,174.0,0.0,463.0,19,Sunday,Greenpoint,Brooklyn,Williamsburg (North Side),Brooklyn,-73.94953985600077,40.72950555799535,-73.95741799903575,40.71880332024791,3.143,9.16,8.91,0.25,3.51,0.38318777292576417,0.5358477508650519,1.425847750865052,0.12804112802768167,0.28516955017301043,0.4132106782006921,4.986789321799308,38.77417183256481,2024-02
HV0003,B03404,B03404,2024-02-10 01:34:07,2024-02-10 01:42:30,2024-02-10 01:43:36,2024-02-10 01:48:08,148,256,1.73,272,15.4,0.0,0.42,1.37,2.75,0.0,0.0,14.9,N,N,N,N,N,569.0,503.0,66.0,841.0,1,Saturday,Lower East Side,Manhattan,Williamsburg (South Side),Brooklyn,-73.99089618330311,40.71893779448139,-73.95990445316505,40.71087946812129,3.143,18.57,15.4,3.17,0.5,0.026925148088314484,3.1992279411764706,4.929227941176471,0.44264466911764705,0.9858455882352942,1.4284902573529412,13.47150974264706,57.66639128838219,2024-02
HV0003,B03404,B03404,2024-02-05 19:01:05,2024-02-05 19:01:41,2024-02-05 19:02:16,2024-02-05 19:22:14,258,56,6.04,1198,21.43,0.0,0.59,1.9,0.0,0.0,0.0,28.24,N,N,N,N,N,71.0,36.0,35.0,1269.0,19,Monday,Woodhaven,Queens,Corona,Queens,-73.85576684520184,40.68872054521105,-73.85884532361277,40.7414060161842,3.143,22.02,21.43,0.59,-6.809999999999999,-0.3092643051771117,0.1815025041736227,6.221502504173623,0.5586909248747912,1.2443005008347248,1.802991425709516,26.43700857429048,74.998605884512,2024-02
HV0003,B03404,B03404,2024-02-22 15:07:22,2024-02-22 15:09:16,2024-02-22 15:09:22,2024-02-22 15:15:43,7,179,1.01,381,8.54,0.0,0.23,0.76,0.0,0.0,0.0,5.39,N,N,N,N,N,120.0,114.0,6.0,501.0,15,Thursday,Astoria,Queens,Old Astoria,Queens,-73.91969416440043,40.761491926149866,-73.92833280320959,40.77156956195687,3.143,8.77,8.54,0.23,3.1499999999999995,0.3591790193842645,0.30220472440944884,1.3122047244094488,0.11783598425196849,0.2624409448818898,0.3802769291338583,5.0097230708661415,35.998010090056106,2024-02
HV0003,B03404,B03404,2024-02-23 08:28:42,2024-02-23 08:34:14,2024-02-23 08:34:18,2024-02-23 08:55:50,263,145,5.68,1292,30.83,6.94,1.04,3.35,2.75,0.0,0.0,19.6,N,N,N,N,N,336.0,332.0,4.0,1628.0,8,Friday,Yorkville West,Manhattan,Long Island City/Hunters Point,Queens,-73.95100985225696,40.77876514921805,-73.94889136420674,40.74537869757109,3.143,41.559999999999995,30.83,10.73,11.229999999999997,0.27021174205967274,1.4595665634674924,7.139566563467492,0.6411330773993806,1.4279133126934984,2.069046390092879,17.530953609907122,38.7662364838241,2024-02
HV0003,B03404,B03404,2024-02-06 23:05:58,2024-02-06 23:07:26,2024-02-06 23:08:11,2024-02-06 23:25:08,17,54,3.74,1017,21.42,0.0,0.59,1.9,0.0,0.0,0.0,16.68,N,N,N,N,N,133.0,88.0,45.0,1150.0,23,Tuesday,Bedford,Brooklyn,Columbia Street,Brooklyn,-73.94990474718477,40.69150649558427,-74.00291124059223,40.68720020248455,3.143,22.01,21.42,0.59,4.740000000000002,0.2153566560654249,0.32361848574237956,4.06361848574238,0.3649129400196657,0.8127236971484759,1.1776366371681415,15.502363362831858,48.52913748364756,2024-02
HV0003,B03404,B03404,2024-02-25 15:52:11,2024-02-25 15:55:12,2024-02-25 15:55:12,2024-02-25 16:00:56,143,142,0.63,344,9.12,0.0,0.25,0.81,2.75,0.0,5.0,5.4,N,N,N,N,N,181.0,181.0,0.0,525.0,15,Sunday,Lincoln Square West,Manhattan,Lincoln Square East,Manhattan,-73.9876454292326,40.775964624542496,-73.98153210008745,40.77363265587896,3.143,17.119999999999997,9.12,3.0,8.719999999999999,0.5093457943925234,0.3314825581395349,0.961482558139535,0.08634113372093025,0.192296511627907,0.2786376453488373,5.121362354651163,35.117913289036544,2024-02
HV0003,B03404,B03404,2024-02-13 12:12:17,2024-02-13 12:15:37,2024-02-13 12:15:55,2024-02-13 12:38:51,205,121,6.67,1376,25.92,0.0,0.71,2.3,0.0,0.0,0.0,21.69,N,N,N,N,N,218.0,200.0,18.0,1594.0,12,Tuesday,Saint Albans,Queens,Hillcrest/Pomonok,Queens,-73.76314638043442,40.69120002152517,-73.80244406680485,40.72833215927266,3.143,26.630000000000003,25.92,0.71,4.23,0.15884340968832145,0.9694767441860466,7.639476744186046,0.686025011627907,1.5278953488372093,2.2139203604651163,19.476079639534884,43.98612716582534,2024-02
HV0003,B03404,B03404,2024-02-15 05:42:32,2024-02-15 05:45:23,2024-02-15 05:46:11,2024-02-15 05:57:26,76,72,3.01,675,17.0,0.0,0.47,1.51,0.0,0.0,0.0,10.31,N,N,N,N,N,219.0,171.0,48.0,894.0,5,Thursday,East New York,Brooklyn,East Flatbush/Remsen Village,Brooklyn,-73.87682032859912,40.66093356035302,-73.92225109435532,40.65236395430748,3.143,17.47,17.0,0.47,6.6899999999999995,0.38294218660560964,0.7625333333333334,3.772533333333333,0.3387734933333333,0.7545066666666667,1.09328016,9.21671984,37.114308080536915,2024-02
HV0003,B03404,B03404,2024-02-19 16:09:20,2024-02-19 16:10:07,2024-02-19 16:12:08,2024-02-19 16:29:20,262,41,2.3,1032,11.61,0.0,0.32,1.03,2.75,0.0,0.0,12.72,N,N,N,N,N,168.0,47.0,121.0,1200.0,16,Monday,Yorkville East,Manhattan,Central Harlem,Manhattan,-73.94651027083967,40.77593169638859,-73.95129182852196,40.804333323455445,3.143,14.68,11.61,3.07,-1.1100000000000012,-0.07561307901907366,0.10474806201550386,2.4047480620155035,0.2159463759689922,0.48094961240310075,0.6968959883720929,12.023104011627908,36.06931203488372,2024-02
HV0003,B03404,B03404,2024-02-25 11:04:02,2024-02-25 11:06:32,2024-02-25 11:08:15,2024-02-25 11:20:51,244,243,1.84,756,8.42,0.0,0.23,0.75,0.0,0.0,0.0,9.53,N,N,N,N,N,253.0,150.0,103.0,1009.0,11,Sunday,Washington Heights South,Manhattan,Washington Heights North,Manhattan,-73.9413990935137,40.84170795917971,-73.93283150973461,40.85710754449232,3.143,8.65,8.42,0.23,-1.1099999999999994,-0.12832369942196525,0.36507936507936506,2.205079365079365,0.198016126984127,0.44101587301587303,0.639032,8.890967999999999,31.72198691774033,2024-02
HV0003,B03404,B03404,2024-02-27 14:22:37,2024-02-27 14:23:17,2024-02-27 14:25:18,2024-02-27 14:54:45,163,13,5.19,1767,52.4,0.0,1.44,4.65,2.75,0.0,0.0,26.38,N,N,N,N,N,161.0,40.0,121.0,1928.0,14,Tuesday,Midtown North,Manhattan,Battery Park City,Manhattan,-73.97756832086549,40.764420870266285,-74.01607908770592,40.71203749145812,3.143,56.589999999999996,52.4,4.1899999999999995,26.02,0.4597985509807387,0.11748726655348048,5.307487266553481,0.4766123565365025,1.0614974533106962,1.5381098098471988,24.8418901901528,46.38527213928946,2024-02
HV0003,B03404,B03404,2024-02-04 10:47:19,2024-02-04 10:48:59,2024-02-04 10:50:14,2024-02-04 11:03:12,260,198,4.5,778,17.39,0.0,0.48,1.54,0.0,0.0,0.0,13.23,N,N,N,N,N,175.0,100.0,75.0,953.0,10,Sunday,Woodside,Queens,Ridgewood,Queens,-73.90630705433507,40.74423288564698,-73.90170912961153,40.706526169337856,3.143,17.87,17.39,0.48,4.16,0.2327923894795747,0.5784061696658097,5.07840616966581,0.45604087403598964,1.015681233933162,1.4717221079691516,11.758277892030849,44.41741910945546,2024-02
HV0003,B03404,B03404,2024-02-21 20:29:00,2024-02-21 20:32:25,2024-02-21 20:33:11,2024-02-21 20:45:34,47,20,2.29,743,12.48,0.0,0.34,1.11,0.0,0.0,0.0,9.99,N,N,N,N,N,251.0,205.0,46.0,994.0,20,Wednesday,Claremont/Bathgate,Bronx,Belmont,Bronx,-73.90031679211252,40.84274782905238,-73.88586731138831,40.857778885275984,3.143,12.82,12.48,0.34,2.49,0.19422776911076445,0.6318304172274564,2.9218304172274565,0.2623803714670256,0.5843660834454913,0.846746454912517,9.143253545087482,33.11439915725849,2024-02
HV0003,B03404,B03404,2024-02-04 10:07:13,2024-02-04 10:09:14,2024-02-04 10:11:15,2024-02-04 10:33:38,164,74,4.76,1343,26.73,0.0,0.74,2.37,2.75,0.0,0.0,18.88,N,N,N,N,N,242.0,121.0,121.0,1585.0,10,Sunday,Midtown South,Manhattan,East Harlem North,Manhattan,-73.98515619423324,40.74857395489648,-73.93734546230694,40.80116855904873,3.143,30.22,26.73,3.49,7.850000000000001,0.2597617471872932,0.4288607594936709,5.188860759493671,0.46595969620253164,1.0377721518987342,1.5037318481012658,17.376268151898735,39.466602742482934,2024-02
HV0003,B03404,B03404,2024-02-21 17:42:45,2024-02-21 17:47:10,2024-02-21 17:48:45,2024-02-21 17:50:50,188,72,0.43,125,8.05,0.0,0.22,0.71,0.0,0.0,0.0,5.39,N,N,N,N,N,360.0,265.0,95.0,485.0,17,Wednesday,Prospect-Lefferts Gardens,Brooklyn,East Flatbush/Remsen Village,Brooklyn,-73.94744189565975,40.65874424163321,-73.92225109435532,40.65236395430748,3.143,8.270000000000001,8.05,0.22,2.660000000000001,0.3216444981862153,0.9116000000000001,1.3416000000000001,0.12047567999999999,0.26832000000000006,0.38879568000000003,5.001204319999999,37.1223413443299,2024-02
HV0003,B03404,B03404,2024-02-13 10:56:08,2024-02-13 10:57:07,2024-02-13 10:59:08,2024-02-13 11:23:04,238,13,7.2,1436,39.84,0.0,1.1,3.54,2.75,0.0,4.72,22.96,N,N,N,N,N,180.0,59.0,121.0,1616.0,10,Tuesday,Upper West Side North,Manhattan,Battery Park City,Manhattan,-73.97304858188282,40.79170437688446,-74.01607908770592,40.71203749145812,3.143,48.410000000000004,39.84,3.85,21.6,0.4461888039661227,0.2958217270194986,7.495821727019499,0.6731247910863509,1.4991643454038999,2.172289136490251,20.78771086350975,46.30925687415539,2024-02
HV0003,B03404,B03404,2024-02-13 17:59:23,2024-02-13 18:02:16,2024-02-13 18:03:01,2024-02-13 18:09:38,129,82,0.73,397,8.86,0.0,0.24,0.79,0.0,0.0,0.0,5.39,N,N,N,N,N,218.0,173.0,45.0,615.0,18,Tuesday,Jackson Heights,Queens,Elmhurst,Queens,-73.88531716686686,40.7573109858269,-73.8771182418676,40.73949455225884,3.143,9.1,8.86,0.24,3.4699999999999998,0.3813186813186813,0.31811083123425693,1.0481108312342569,0.09412035264483626,0.20962216624685137,0.30374251889168763,5.086257481108312,29.77321452356085,2024-02
HV0003,B03404,B03404,2024-02-07 21:35:44,2024-02-07 21:37:07,2024-02-07 21:38:03,2024-02-07 21:52:58,51,20,5.0,895,16.19,0.0,0.45,1.44,0.0,0.0,0.0,14.98,N,N,N,N,N,139.0,83.0,56.0,1034.0,21,Wednesday,Co-Op City,Bronx,Belmont,Bronx,-73.82826341101214,40.87397187629544,-73.88586731138831,40.857778885275984,3.143,16.64,16.19,0.45,1.2100000000000009,0.0727163461538462,0.46368715083798884,5.4636871508379885,0.4906391061452513,1.0927374301675978,1.5833765363128491,13.39662346368715,46.642015927730895,2024-02
HV0003,B03404,B03404,2024-02-07 22:11:39,2024-02-07 22:13:30,2024-02-07 22:13:48,2024-02-07 22:36:15,148,142,5.14,1347,36.91,0.0,1.02,3.28,2.75,0.0,0.0,30.95,N,N,N,N,N,129.0,111.0,18.0,1476.0,22,Wednesday,Lower East Side,Manhattan,Lincoln Square East,Manhattan,-73.99089618330311,40.71893779448139,-73.98153210008745,40.77363265587896,3.143,40.68,36.91,3.77,5.959999999999997,0.14650934119960662,0.4235634743875278,5.563563474387528,0.49960799999999994,1.1127126948775057,1.6123206948775057,29.337679305122492,71.55531537834754,2024-02
HV0003,B03404,B03404,2024-02-07 13:55:03,2024-02-07 13:56:08,2024-02-07 13:58:08,2024-02-07 14:31:24,87,90,3.22,1996,27.86,0.0,0.77,2.47,2.75,0.0,0.0,22.99,N,N,N,N,N,185.0,65.0,120.0,2181.0,13,Wednesday,Financial District North,Manhattan,Flatiron,Manhattan,-74.0074957883342,40.70680798106304,-73.9969712245153,40.742278038328486,3.143,31.38,27.86,3.52,4.870000000000001,0.15519439133205867,0.10485971943887776,3.324859719438878,0.2985724028056112,0.6649719438877756,0.9635443466933868,22.026455653306613,36.35728581013471,2024-02
HV0003,B03404,B03404,2024-02-07 10:59:25,2024-02-07 11:08:02,2024-02-07 11:08:45,2024-02-07 11:16:09,76,124,1.74,444,9.48,0.0,0.26,0.84,0.0,0.0,0.0,6.46,Y,N,N,N,N,560.0,517.0,43.0,1004.0,11,Wednesday,East New York,Brooklyn,Howard Beach,Queens,-73.87682032859912,40.66093356035302,-73.8449183059148,40.65824687444377,3.143,9.74,9.48,0.26,3.0200000000000005,0.3100616016427105,2.026081081081081,3.766081081081081,0.33819408108108107,0.7532162162162163,1.0914102972972972,5.368589702702703,19.2499232367826,2024-02
HV0003,B03404,B03404,2024-02-24 15:23:58,2024-02-24 15:26:48,2024-02-24 15:27:00,2024-02-24 15:37:09,131,205,2.21,609,13.38,0.0,0.37,1.19,0.0,0.0,0.0,8.62,N,N,N,N,N,182.0,170.0,12.0,791.0,15,Saturday,Jamaica Estates,Queens,Saint Albans,Queens,-73.77610132903203,40.72065468341462,-73.76314638043442,40.69120002152517,3.143,13.75,13.38,0.37,4.760000000000002,0.3461818181818183,0.6169129720853859,2.8269129720853856,0.25385678489326763,0.5653825944170772,0.8192393793103447,7.800760620689655,35.50282962640045,2024-02
HV0003,B03404,B03404,2024-02-11 23:18:13,2024-02-11 23:21:28,2024-02-11 23:23:06,2024-02-11 23:52:15,61,170,9.83,1749,43.18,6.94,1.38,4.45,2.75,0.0,10.19,53.36,N,N,N,N,N,293.0,195.0,98.0,2042.0,23,Sunday,Crown Heights North,Brooklyn,Murray Hill,Manhattan,-73.93928693646026,40.67446920571126,-73.97849134130094,40.74774513853527,3.143,64.44,43.18,11.07,0.00999999999999801,0.00015518311607693995,1.0959691252144081,10.925969125214408,0.9811520274442538,2.1851938250428815,3.1663458524871353,50.193654147512866,88.49028155291201,2024-02
HV0003,B03404,B03404,2024-02-14 08:25:21,2024-02-14 08:27:58,2024-02-14 08:28:36,2024-02-14 08:37:36,197,197,1.65,540,12.46,0.0,0.34,1.11,0.0,0.0,0.0,7.25,N,N,N,N,N,195.0,157.0,38.0,735.0,8,Wednesday,Richmond Hill,Queens,Richmond Hill,Queens,-73.83092448484014,40.69454169265697,-73.83092448484014,40.69454169265697,3.143,12.8,12.46,0.34,5.210000000000001,0.40703125000000007,0.4797222222222222,2.129722222222222,0.19124905555555555,0.42594444444444446,0.6171935,6.6328065,32.48721551020408,2024-02
HV0003,B03404,B03404,2024-02-28 15:01:16,2024-02-28 15:13:02,2024-02-28 15:15:02,2024-02-28 15:24:02,205,139,1.41,540,12.33,0.0,0.34,1.09,0.0,0.0,0.0,6.93,N,N,N,N,N,826.0,706.0,120.0,1366.0,15,Wednesday,Saint Albans,Queens,Laurelton,Queens,-73.76314638043442,40.69120002152517,-73.74423510970438,40.67709672027596,3.143,12.67,12.33,0.34,5.4,0.4262036306235202,1.8434444444444442,3.253444444444444,0.29215931111111104,0.6506888888888889,0.9428481999999999,5.9871517999999995,15.778730951683748,2024-02
HV0003,B03404,B03404,2024-02-27 18:52:02,2024-02-27 18:57:54,2024-02-27 18:59:54,2024-02-27 19:12:35,127,116,3.21,761,15.35,0.0,0.42,1.36,0.0,0.0,0.0,11.37,Y,N,N,N,N,472.0,352.0,120.0,1233.0,18,Tuesday,Inwood,Manhattan,Hamilton Heights,Manhattan,-73.91930824408637,40.86607442573871,-73.94852161825773,40.82701211556071,3.143,15.77,15.35,0.42,3.9800000000000004,0.2523779327837667,1.4847831800262812,4.694783180026281,0.42159152956636003,0.9389566360052563,1.3605481655716163,10.009451834428383,29.22467688884199,2024-02
HV0003,B03404,B03404,2024-02-05 00:02:56,2024-02-05 00:07:49,2024-02-05 00:07:58,2024-02-05 00:26:40,145,92,9.83,1122,25.14,0.0,0.69,2.23,0.0,0.0,0.0,25.22,N,N,N,N,N,302.0,293.0,9.0,1424.0,0,Monday,Long Island City/Hunters Point,Queens,Flushing,Queens,-73.94889136420674,40.74537869757109,-73.8288586430752,40.76110071120437,3.143,25.830000000000002,25.14,0.69,-0.0799999999999983,-0.0030971738288810796,2.5670142602495547,12.397014260249556,1.11325188057041,2.4794028520499114,3.5926547326203213,21.627345267379678,54.6758728669711,2024-02
HV0003,B03404,B03404,2024-02-17 17:29:10,2024-02-17 17:32:27,2024-02-17 17:32:32,2024-02-17 17:55:13,142,231,4.44,1361,38.02,0.0,1.05,3.37,2.75,0.0,4.51,19.53,N,N,N,N,N,202.0,197.0,5.0,1563.0,17,Saturday,Lincoln Square East,Manhattan,TriBeCa/Civic Center,Manhattan,-73.98153210008745,40.77363265587896,-74.00787947243188,40.717772159208046,3.143,46.33,38.02,3.8,23.0,0.49643859270451113,0.6426745040411462,5.0826745040411465,0.4564241704628949,1.0165349008082294,1.4729590712711242,18.057040928728878,41.59011346348302,2024-02
HV0003,B03404,B03404,2024-02-03 21:07:57,2024-02-03 21:09:47,2024-02-03 21:10:15,2024-02-03 21:22:38,228,190,2.44,743,15.88,0.0,0.44,1.41,0.0,0.0,5.0,10.19,N,N,N,N,N,138.0,110.0,28.0,881.0,21,Saturday,Sunset Park West,Brooklyn,Prospect Park,Brooklyn,-74.01127289375856,40.652353822117504,-73.96891379769448,40.66162128635939,3.143,21.32,15.88,0.44,10.690000000000003,0.50140712945591,0.36123822341857337,2.801238223418573,0.25155119246298785,0.5602476446837147,0.8117988371467025,9.378201162853298,38.32182086977511,2024-02
HV0003,B03404,B03404,2024-02-10 22:52:04,2024-02-10 22:56:27,2024-02-10 22:56:45,2024-02-10 23:23:25,201,180,8.27,1600,27.72,0.0,0.76,2.46,0.0,0.0,0.0,35.29,N,N,N,N,N,281.0,263.0,18.0,1881.0,22,Saturday,Rockaway Park,Queens,Ozone Park,Queens,-73.8434546665996,40.577982423682975,-73.84704304397084,40.675594357483554,3.143,28.48,27.72,0.76,-7.57,-0.2658005617977528,1.35938125,9.62938125,0.8647184362499999,1.92587625,2.79059468625,32.499405313749996,62.199818782296646,2024-02
HV0003,B03404,B03404,2024-02-06 19:35:24,2024-02-06 19:36:39,2024-02-06 19:39:24,2024-02-06 19:56:40,234,13,3.86,1036,39.58,0.0,1.09,3.51,2.75,0.0,0.0,34.3,N,N,N,N,N,240.0,75.0,165.0,1276.0,19,Tuesday,Union Sq,Manhattan,Battery Park City,Manhattan,-73.99045767416112,40.74033681887629,-74.01607908770592,40.71203749145812,3.143,43.42,39.58,3.84,5.280000000000001,0.12160294795025337,0.2794401544401544,4.1394401544401545,0.37172172586872587,0.827888030888031,1.199609756756757,33.10039024324324,93.38668093704989,2024-02
HV0003,B03404,B03404,2024-02-12 15:42:24,2024-02-12 15:45:23,2024-02-12 15:46:17,2024-02-12 15:55:53,246,164,1.16,576,12.75,0.0,0.35,1.13,2.75,0.0,0.0,6.93,N,N,N,N,N,233.0,179.0,54.0,809.0,15,Monday,West Chelsea/Hudson Yards,Manhattan,Midtown South,Manhattan,-74.00401522931482,40.75330822391948,-73.98515619423324,40.74857395489648,3.143,15.85,12.75,3.1,5.82,0.36719242902208205,0.3604861111111111,1.520486111111111,0.13653965277777777,0.30409722222222224,0.44063687500000004,6.489363125,28.877264833127317,2024-02
HV0003,B03404,B03404,2024-02-26 20:20:51,2024-02-26 20:27:38,2024-02-26 20:28:00,2024-02-26 20:42:16,135,131,3.13,856,16.1,0.0,0.44,1.43,0.0,0.0,0.0,12.16,N,N,N,N,N,429.0,407.0,22.0,1285.0,20,Monday,Kew Gardens Hills,Queens,Jamaica Estates,Queens,-73.82119512222988,40.72837651566491,-73.77610132903203,40.72065468341462,3.143,16.540000000000003,16.1,0.44,3.9400000000000013,0.23821039903264815,1.48821261682243,4.618212616822429,0.4147154929906542,0.9236425233644859,1.33835801635514,10.82164198364486,30.317440576748243,2024-02
HV0003,B03404,B03404,2024-02-01 14:41:21,2024-02-01 14:41:48,2024-02-01 14:43:19,2024-02-01 15:12:15,200,142,11.26,1736,50.7,3.18,1.48,4.78,2.75,0.0,0.0,32.66,N,N,N,N,N,118.0,27.0,91.0,1854.0,14,Thursday,Riverdale/North Riverdale/Fieldston,Bronx,Lincoln Square East,Manhattan,-73.90698736246745,40.89952795847699,-73.98153210008745,40.77363265587896,3.143,58.11,50.7,7.41,18.040000000000006,0.3104457064188609,0.17512672811059907,11.4351267281106,1.0268743801843319,2.28702534562212,3.313899725806452,29.346100274193546,56.982718979016596,2024-02
HV0003,B03404,B03404,2024-02-25 21:35:08,2024-02-25 21:38:57,2024-02-25 21:39:08,2024-02-25 22:12:49,92,155,18.34,2021,44.02,0.0,1.21,3.91,0.0,0.0,4.91,43.1,N,N,N,N,N,240.0,229.0,11.0,2261.0,21,Sunday,Flushing,Queens,Marine Park/Mill Basin,Brooklyn,-73.8288586430752,40.76110071120437,-73.91527748073477,40.614590889869376,3.143,50.14,44.02,1.21,5.830000000000005,0.11627443159154378,2.0781098466105887,20.418109846610587,1.8335462642256306,4.083621969322118,5.9171682335477485,37.18283176645225,59.20309348041933,2024-02
HV0003,B03404,B03404,2024-02-03 19:21:53,2024-02-03 19:25:57,2024-02-03 19:27:14,2024-02-03 19:47:26,41,142,3.51,1212,22.69,0.0,0.62,2.01,2.75,0.0,0.0,17.0,N,N,N,N,N,321.0,244.0,77.0,1533.0,19,Saturday,Central Harlem,Manhattan,Lincoln Square East,Manhattan,-73.95129182852196,40.804333323455445,-73.98153210008745,40.77363265587896,3.143,26.060000000000002,22.69,3.37,5.690000000000001,0.21834228702993097,0.7066336633663366,4.216633663366336,0.37865370297029693,0.8433267326732672,1.2219804356435642,15.778019564356436,37.05210073821472,2024-02
HV0003,B03404,B03404,2024-02-05 01:17:07,2024-02-05 01:28:13,2024-02-05 01:28:13,2024-02-05 01:40:53,41,247,2.8,760,14.56,0.0,0.4,1.29,0.0,0.0,0.0,10.83,Y,N,N,N,N,666.0,666.0,0.0,1426.0,1,Monday,Central Harlem,Manhattan,West Concourse,Bronx,-73.95129182852196,40.804333323455445,-73.92440974289835,40.82898691319468,3.143,14.96,14.56,0.4,3.7300000000000004,0.24933155080213906,2.4536842105263155,5.253684210526315,0.47178084210526305,1.0507368421052632,1.5225176842105261,9.307482315789475,23.497150306340888,2024-02
HV0003,B03404,B03404,2024-02-20 17:36:42,2024-02-20 17:38:05,2024-02-20 17:40:06,2024-02-20 17:49:36,255,256,0.93,570,9.9,0.0,0.27,0.88,0.0,0.0,0.0,44.62,N,N,N,N,N,204.0,83.0,121.0,774.0,17,Tuesday,Williamsburg (North Side),Brooklyn,Williamsburg (South Side),Brooklyn,-73.95741799903575,40.71880332024791,-73.95990445316505,40.71087946812129,3.143,10.17,9.9,0.27,-34.72,-3.4139626352015733,0.13542105263157897,1.065421052631579,0.09567481052631578,0.21308421052631582,0.3087590210526316,44.31124097894737,206.098795250918,2024-02
HV0003,B03404,B03404,2024-02-15 08:03:57,2024-02-15 08:07:13,2024-02-15 08:08:14,2024-02-15 08:19:03,237,230,1.45,649,29.86,0.0,0.82,2.65,2.75,0.0,7.21,19.02,N,N,N,N,N,257.0,196.0,61.0,906.0,8,Thursday,Upper East Side South,Manhattan,Times Sq/Theatre District,Manhattan,-73.96563449518534,40.76861447337675,-73.98419629996178,40.7598170009371,3.143,40.64,29.86,3.57,18.05,0.44414370078740156,0.437904468412943,1.887904468412943,0.16953382126348226,0.3775808936825886,0.5471147149460709,18.472885285053927,73.40219318564475,2024-02
HV0003,B03404,B03404,2024-02-24 13:09:55,2024-02-24 13:12:13,2024-02-24 13:14:27,2024-02-24 13:20:13,250,242,1.04,346,8.87,0.0,0.24,0.79,0.0,0.0,0.0,5.39,N,N,N,N,N,272.0,138.0,134.0,618.0,13,Saturday,Westchester Village/Unionport,Bronx,Van Nest/Morris Park,Bronx,-73.848640882231,40.83210078158579,-73.85067119492659,40.84678260105803,3.143,9.11,8.87,0.24,3.4799999999999995,0.3819978046103183,0.4147976878612717,1.4547976878612716,0.13064083236994217,0.29095953757225435,0.4216003699421965,4.968399630057803,28.942133767327007,2024-02
HV0003,B03404,B03404,2024-02-24 11:04:11,2024-02-24 11:05:19,2024-02-24 11:06:05,2024-02-24 11:26:59,161,144,5.81,1254,31.53,0.0,0.87,2.8,2.75,0.0,7.59,19.42,N,N,N,N,N,114.0,68.0,46.0,1368.0,11,Saturday,Midtown Center,Manhattan,Little Italy/NoLiTa,Manhattan,-73.97769778229288,40.758027399461895,-73.99691839304907,40.72088834178079,3.143,42.739999999999995,31.53,3.62,19.700000000000003,0.46092653252222754,0.3150558213716108,6.12505582137161,0.5500300127591705,1.2250111642743222,1.7750411770334926,17.644958822966508,46.43410216570134,2024-02
HV0003,B03404,B03404,2024-02-21 21:12:20,2024-02-21 21:17:27,2024-02-21 21:17:27,2024-02-21 21:36:01,213,241,6.96,1114,25.03,0.0,0.69,2.22,0.0,0.0,0.0,19.62,N,N,N,N,N,307.0,307.0,0.0,1421.0,21,Wednesday,Soundview/Castle Hill,Bronx,Van Cortlandt Village,Bronx,-73.85813492907864,40.81785812742239,-73.89562004253389,40.87651165473252,3.143,25.720000000000002,25.03,0.69,5.41,0.2103421461897356,1.918061041292639,8.87806104129264,0.797249881508079,1.775612208258528,2.572862089766607,17.047137910233396,43.18768224971163,2024-02
HV0003,B03404,B03404,2024-02-05 17:24:10,2024-02-05 17:31:12,2024-02-05 17:31:57,2024-02-05 17:43:21,73,171,1.98,684,14.19,0.0,0.39,1.26,0.0,0.0,1.0,9.03,Y,N,N,N,N,467.0,422.0,45.0,1151.0,17,Monday,East Flushing,Queens,Murray Hill-Queens,Queens,-73.80729425651334,40.75410814212103,-73.80954545137605,40.768350879648686,3.143,15.58,14.19,0.39,6.16,0.39537869062901154,1.221578947368421,3.201578947368421,0.2875017894736842,0.6403157894736843,0.9278175789473685,8.10218242105263,25.341317737436547,2024-02
HV0003,B03404,B03404,2024-02-02 17:06:45,2024-02-02 17:10:20,2024-02-02 17:12:21,2024-02-02 17:41:35,75,163,4.23,1754,26.49,0.0,0.73,2.35,2.75,0.0,0.0,22.05,N,N,N,N,N,336.0,215.0,121.0,2090.0,17,Friday,East Harlem South,Manhattan,Midtown North,Manhattan,-73.94575002008068,40.79001009948004,-73.97756832086549,40.764420870266285,3.143,29.97,26.49,3.48,4.439999999999998,0.14814814814814808,0.5185005701254276,4.748500570125428,0.4264153511972633,0.9497001140250856,1.3761154652223488,20.673884534777653,35.61051881588495,2024-02
HV0003,B03404,B03404,2024-02-12 20:47:24,2024-02-12 20:49:38,2024-02-12 20:51:33,2024-02-12 20:57:26,143,238,1.95,353,7.81,0.0,0.21,0.69,2.75,0.0,0.0,5.88,N,N,N,N,N,249.0,134.0,115.0,602.0,20,Monday,Lincoln Square West,Manhattan,Upper West Side North,Manhattan,-73.9876454292326,40.775964624542496,-73.97304858188282,40.79170437688446,3.143,10.77,7.81,2.96,1.9299999999999997,0.1792014856081708,0.7402266288951841,2.690226628895184,0.2415823512747875,0.5380453257790369,0.7796276770538244,5.100372322946176,30.50056538638909,2024-02
HV0003,B03404,B03404,2024-02-24 16:11:07,2024-02-24 16:13:11,2024-02-24 16:14:34,2024-02-24 16:28:25,142,140,2.29,831,24.82,0.0,0.68,2.2,2.75,0.0,6.09,11.29,N,N,N,N,N,207.0,124.0,83.0,1038.0,16,Saturday,Lincoln Square East,Manhattan,Lenox Hill East,Manhattan,-73.98153210008745,40.77363265587896,-73.9547388423982,40.76548333944988,3.143,34.34,24.82,3.43,19.62,0.5713453698311007,0.34170878459687126,2.631708784596871,0.23632744885679902,0.5263417569193742,0.7626692057761733,10.527330794223825,36.510973852799395,2024-02
HV0003,B03404,B03404,2024-02-05 19:13:13,2024-02-05 19:15:02,2024-02-05 19:17:02,2024-02-05 19:22:05,116,244,1.06,303,8.95,0.0,0.25,0.79,0.0,0.0,0.0,18.79,N,N,N,N,N,229.0,109.0,120.0,532.0,19,Monday,Hamilton Heights,Manhattan,Washington Heights South,Manhattan,-73.94852161825773,40.82701211556071,-73.9413990935137,40.84170795917971,3.143,9.2,8.95,0.25,-9.84,-1.0695652173913044,0.38132013201320136,1.4413201320132014,0.12943054785478547,0.2882640264026403,0.4176945742574258,18.372305425742574,124.32387130201741,2024-02
HV0003,B03404,B03404,2024-02-19 14:53:33,2024-02-19 14:56:24,2024-02-19 14:57:41,2024-02-19 15:20:48,257,50,9.25,1387,34.49,6.94,1.14,3.68,2.75,0.0,0.0,25.19,N,N,N,N,N,248.0,171.0,77.0,1635.0,14,Monday,Windsor Terrace,Brooklyn,Clinton West,Manhattan,-73.97798213604382,40.65361125179132,-73.99513507723576,40.76623709408489,3.143,45.32,34.49,10.83,9.3,0.20520741394527803,1.1404109589041096,10.39041095890411,0.9330589041095889,2.078082191780822,3.011141095890411,22.17885890410959,48.83418474299359,2024-02
HV0003,B03404,B03404,2024-02-06 00:37:21,2024-02-06 00:38:16,2024-02-06 00:38:47,2024-02-06 00:50:24,246,237,3.07,697,19.91,0.0,0.55,1.77,2.75,0.0,4.99,10.58,N,N,N,N,N,86.0,55.0,31.0,783.0,0,Tuesday,West Chelsea/Hudson Yards,Manhattan,Upper East Side South,Manhattan,-74.00401522931482,40.75330822391948,-73.96563449518534,40.76861447337675,3.143,28.200000000000003,19.91,3.3,14.319999999999999,0.5078014184397162,0.2422525107604017,3.3122525107604015,0.29744027546628404,0.6624505021520803,0.9598907776183644,9.620109222381636,44.230387229340856,2024-02
HV0003,B03404,B03404,2024-02-17 22:24:43,2024-02-17 22:34:02,2024-02-17 22:34:19,2024-02-17 22:54:36,25,89,4.22,1217,20.54,0.0,0.56,1.82,0.0,0.0,0.0,16.99,N,N,N,N,N,576.0,559.0,17.0,1793.0,22,Saturday,Boerum Hill,Brooklyn,Flatbush/Ditmas Park,Brooklyn,-73.98611365960022,40.685633257491546,-73.96096812758745,40.637899248043546,3.143,21.099999999999998,20.54,0.56,3.5500000000000007,0.16824644549763038,1.9383566146261297,6.158356614626129,0.5530204239934263,1.2316713229252259,1.7846917469186523,15.205308253081347,30.529341723978167,2024-02
HV0003,B03404,B03404,2024-02-12 07:24:13,2024-02-12 07:25:37,2024-02-12 07:26:12,2024-02-12 07:35:02,249,164,2.12,530,14.46,0.0,0.4,1.28,2.75,0.0,0.0,7.77,N,N,N,N,N,119.0,84.0,35.0,649.0,7,Monday,West Village,Manhattan,Midtown South,Manhattan,-74.00287478437944,40.73457538224023,-73.98515619423324,40.74857395489648,3.143,17.61,14.46,3.15,6.690000000000001,0.37989778534923346,0.336,2.456,0.22054879999999996,0.4912,0.7117488,7.0582512,39.15208677966101,2024-02
HV0003,B03404,B03404,2024-02-10 00:42:30,2024-02-10 00:42:59,2024-02-10 00:45:00,2024-02-10 01:31:49,85,200,23.53,2809,62.51,6.94,1.91,6.16,0.0,0.0,0.0,65.96,N,N,N,N,N,150.0,29.0,121.0,2959.0,0,Saturday,Erasmus,Brooklyn,Riverdale/North Riverdale/Fieldston,Bronx,-73.9516233279193,40.64611573218299,-73.90698736246745,40.89952795847699,3.143,71.36,62.51,8.85,-3.4499999999999957,-0.04834641255605375,0.2429227483090068,23.772922748309007,2.1348084627981487,4.754584549661802,6.8893930124599505,59.070606987540046,71.86690948129238,2024-02
HV0003,B03404,B03404,2024-02-28 19:59:39,2024-02-28 19:59:55,2024-02-28 20:00:50,2024-02-28 20:16:12,166,42,2.29,922,15.14,0.0,0.42,1.34,0.0,0.0,0.0,12.68,N,N,N,N,N,71.0,16.0,55.0,993.0,20,Wednesday,Morningside Heights,Manhattan,Central Harlem North,Manhattan,-73.96176346467264,40.809456315241775,-73.9407718835631,40.81825672430646,3.143,15.56,15.14,0.42,2.460000000000001,0.1580976863753214,0.039739696312364424,2.3297396963123647,0.20921062472885033,0.46594793926247297,0.6751585639913233,12.004841436008677,43.5220837559227,2024-02
HV0003,B03404,B03404,2024-02-09 15:08:59,2024-02-09 15:10:47,2024-02-09 15:12:48,2024-02-09 16:11:12,112,77,7.45,3504,47.08,0.0,1.29,4.18,0.0,0.0,0.0,42.73,N,N,N,N,N,229.0,108.0,121.0,3733.0,15,Friday,Greenpoint,Brooklyn,East New York/Pennsylvania Avenue,Brooklyn,-73.94953985600077,40.72950555799535,-73.89536398494168,40.666558142144005,3.143,48.37,47.08,1.29,4.350000000000001,0.0899317758941493,0.22962328767123286,7.679623287671233,0.6896301712328766,1.5359246575342467,2.225554828767123,40.504445171232874,39.06134546381954,2024-02
HV0003,B03404,B03404,2024-02-09 10:27:10,2024-02-09 10:30:56,2024-02-09 10:32:57,2024-02-09 11:00:27,177,25,5.26,1650,22.97,0.0,0.63,2.04,0.0,0.0,0.0,29.92,N,N,N,N,N,347.0,226.0,121.0,1997.0,10,Friday,Ocean Hill,Brooklyn,Boerum Hill,Brooklyn,-73.91363235241506,40.67664341763747,-73.98611365960022,40.685633257491546,3.143,23.599999999999998,22.97,0.63,-6.950000000000003,-0.294491525423729,0.720460606060606,5.980460606060606,0.5370453624242424,1.1960921212121212,1.7331374836363636,28.18686251636364,50.81257138653435,2024-02
HV0003,B03404,B03404,2024-02-18 14:36:32,2024-02-18 14:39:26,2024-02-18 14:39:53,2024-02-18 15:00:17,200,239,10.91,1224,27.48,3.18,0.84,2.72,2.75,0.0,0.0,26.85,N,N,N,N,N,201.0,174.0,27.0,1425.0,14,Sunday,Riverdale/North Riverdale/Fieldston,Bronx,Upper West Side South,Manhattan,-73.90698736246745,40.89952795847699,-73.97863166507607,40.783960878966745,3.143,34.25,27.48,6.7700000000000005,0.629999999999999,0.018394160583941575,1.5509313725490195,12.46093137254902,1.118991637254902,2.492186274509804,3.611177911764706,23.238822088235295,58.70860317027864,2024-02
HV0003,B03404,B03404,2024-02-06 13:58:26,2024-02-06 14:02:50,2024-02-06 14:04:06,2024-02-06 14:26:22,77,30,8.66,1336,28.65,0.0,0.79,2.54,0.0,0.0,0.0,23.94,N,N,N,N,N,340.0,264.0,76.0,1676.0,14,Tuesday,East New York/Pennsylvania Avenue,Brooklyn,Broad Channel,Queens,-73.89536398494168,40.666558142144005,-73.82192780525477,40.60368630485212,3.143,29.439999999999998,28.65,0.79,4.709999999999997,0.1599864130434782,1.7112574850299402,10.37125748502994,0.9313389221556885,2.074251497005988,3.0055904191616767,20.934409580838324,44.966512226144374,2024-02
HV0003,B03404,B03404,2024-02-13 17:05:05,2024-02-13 17:08:10,2024-02-13 17:10:11,2024-02-13 17:20:57,126,126,1.95,646,9.7,0.0,0.27,0.86,0.0,0.0,0.0,8.64,N,N,N,N,N,306.0,185.0,121.0,952.0,17,Tuesday,Hunts Point,Bronx,Hunts Point,Bronx,-73.88553690148994,40.81207355275024,-73.88553690148994,40.81207355275024,3.143,9.969999999999999,9.7,0.27,1.0599999999999987,0.10631895687061171,0.5584365325077398,2.50843653250774,0.225257600619195,0.501687306501548,0.726944907120743,7.913055092879258,29.923317578114844,2024-02
HV0003,B03404,B03404,2024-02-03 21:24:22,2024-02-03 21:26:11,2024-02-03 21:26:50,2024-02-03 22:07:23,143,29,18.64,2433,51.42,6.94,1.6,5.18,2.75,0.0,0.0,47.36,N,N,N,N,N,148.0,109.0,39.0,2581.0,21,Saturday,Lincoln Square West,Manhattan,Brighton Beach,Brooklyn,-73.9876454292326,40.775964624542496,-73.96121684069253,40.58092149012796,3.143,62.71,51.42,11.290000000000001,4.060000000000002,0.06474246531653648,0.8350842581175504,19.47508425811755,1.7488625663789559,3.8950168516235104,5.6438794180024665,41.71612058199753,58.18598763858624,2024-02
HV0003,B03404,B03404,2024-02-25 23:34:06,2024-02-25 23:35:51,2024-02-25 23:37:53,2024-02-25 23:58:15,17,112,4.96,1223,22.12,0.0,0.61,1.96,0.0,0.0,0.0,18.02,N,N,N,N,N,227.0,105.0,122.0,1450.0,23,Sunday,Bedford,Brooklyn,Greenpoint,Brooklyn,-73.94990474718477,40.69150649558427,-73.94953985600077,40.72950555799535,3.143,22.73,22.12,0.61,4.100000000000001,0.18037835459744836,0.4258381030253475,5.385838103025348,0.48364826165167624,1.0771676206050695,1.5608158822567457,16.459184117743256,40.864181257845324,2024-02
HV0003,B03404,B03404,2024-02-16 17:17:04,2024-02-16 17:17:53,2024-02-16 17:19:56,2024-02-16 17:41:03,13,33,2.45,1267,42.41,0.0,1.17,3.76,2.75,0.0,0.0,23.56,N,N,N,N,N,172.0,49.0,123.0,1439.0,17,Friday,Battery Park City,Manhattan,Brooklyn Heights,Brooklyn,-74.01607908770592,40.71203749145812,-73.99524997291579,40.69579763638819,3.143,46.33,42.41,3.92,18.849999999999998,0.4068638031513058,0.09475138121546961,2.5447513812154696,0.22851867403314916,0.508950276243094,0.7374689502762432,22.822531049723757,57.095977608759924,2024-02
HV0003,B03404,B03404,2024-02-25 00:45:08,2024-02-25 00:49:55,2024-02-25 00:50:04,2024-02-25 01:04:08,226,236,4.35,844,28.19,0.0,0.78,2.5,2.75,0.0,5.13,16.79,N,N,N,N,N,296.0,287.0,9.0,1140.0,0,Sunday,Sunnyside,Queens,Upper East Side North,Manhattan,-73.92467262943985,40.73769725609221,-73.957011704106,40.78043571518905,3.143,36.85,28.19,3.5300000000000002,16.53,0.44857530529172324,1.4792061611374405,5.82920616113744,0.5234627132701422,1.165841232227488,1.6893039454976302,15.100696054502368,47.686408593165375,2024-02
HV0003,B03404,B03404,2024-02-06 19:41:39,2024-02-06 19:41:47,2024-02-06 19:43:48,2024-02-06 20:28:56,164,55,18.95,2708,74.05,6.94,2.23,7.19,2.75,0.0,9.31,50.87,N,N,N,N,N,129.0,8.0,121.0,2837.0,19,Tuesday,Midtown South,Manhattan,Coney Island,Brooklyn,-73.98515619423324,40.74857395489648,-73.98794380632961,40.57696110526678,3.143,95.28,74.05,11.92,32.49,0.3409949622166247,0.055982274741506646,19.005982274741505,1.706737208271787,3.8011964549483013,5.507933663220088,45.36206633677991,57.56201579570239,2024-02
HV0003,B03404,B03404,2024-02-06 11:28:15,2024-02-06 11:30:03,2024-02-06 11:30:38,2024-02-06 11:40:56,95,95,2.24,618,15.17,0.0,0.42,1.35,0.0,0.0,0.0,8.75,N,N,N,N,N,143.0,108.0,35.0,761.0,11,Tuesday,Forest Hills,Queens,Forest Hills,Queens,-73.84766918479201,40.72143087062858,-73.84766918479201,40.72143087062858,3.143,15.59,15.17,0.42,6.42,0.4118024374599102,0.3914563106796117,2.631456310679612,0.23630477669902913,0.5262912621359224,0.7625960388349515,7.9874039611650485,37.78535382417106,2024-02
HV0003,B03404,B03404,2024-02-15 21:44:17,2024-02-15 21:45:24,2024-02-15 21:46:04,2024-02-15 21:55:51,82,160,1.72,587,10.34,0.0,0.28,0.92,0.0,0.0,0.0,7.78,N,N,N,N,N,107.0,67.0,40.0,694.0,21,Thursday,Elmhurst,Queens,Middle Village,Queens,-73.8771182418676,40.73949455225884,-73.880051202423,40.71833605673999,3.143,10.62,10.34,0.28,2.5599999999999996,0.24105461393596986,0.19632027257240206,1.916320272572402,0.1720855604770017,0.3832640545144804,0.555349614991482,7.224650385008518,37.47657260234966,2024-02
HV0003,B03404,B03404,2024-02-11 18:09:27,2024-02-11 18:13:50,2024-02-11 18:13:55,2024-02-11 18:31:11,223,140,7.59,1036,22.8,6.94,0.82,2.64,2.75,0.0,0.0,19.71,N,N,N,N,N,268.0,263.0,5.0,1304.0,18,Sunday,Steinway,Queens,Lenox Hill East,Manhattan,-73.90540723993595,40.77742599740797,-73.9547388423982,40.76548333944988,3.143,33.31,22.8,10.510000000000002,3.09,0.09276493545481836,1.9268050193050192,9.51680501930502,0.8546090907335907,1.903361003861004,2.7579700945945946,16.952029905405407,46.800082560935174,2024-02
HV0003,B03404,B03404,2024-02-03 22:19:46,2024-02-03 22:24:27,2024-02-03 22:24:58,2024-02-03 22:46:09,71,76,3.99,1271,16.48,0.0,0.45,1.46,0.0,0.0,0.0,18.19,N,N,N,N,N,312.0,281.0,31.0,1583.0,22,Saturday,East Flatbush/Farragut,Brooklyn,East New York,Brooklyn,-73.93796628102253,40.64428722355921,-73.87682032859912,40.66093356035302,3.143,16.93,16.48,0.45,-1.7100000000000009,-0.10100413467217961,0.8821321793863101,4.87213217938631,0.4375174697088906,0.9744264358772621,1.4119439055861527,16.77805609441385,38.15603407447243,2024-02
HV0003,B03404,B03404,2024-02-14 08:13:40,2024-02-14 08:20:05,2024-02-14 08:20:39,2024-02-14 08:42:21,205,130,4.04,1302,19.87,0.0,0.55,1.76,0.0,0.0,0.0,17.55,N,N,N,N,N,419.0,385.0,34.0,1721.0,8,Wednesday,Saint Albans,Queens,Jamaica,Queens,-73.76314638043442,40.69120002152517,-73.79398135276409,40.70436829225682,3.143,20.42,19.87,0.55,2.3200000000000003,0.11361410381978453,1.1946236559139785,5.234623655913978,0.47006920430107524,1.0469247311827956,1.5169939354838708,16.03300606451613,33.53795574216041,2024-02
HV0003,B03404,B03404,2024-02-21 17:58:03,2024-02-21 17:58:53,2024-02-21 17:58:53,2024-02-21 18:11:41,151,116,2.59,768,16.09,0.0,0.44,1.43,0.0,0.0,0.0,10.62,N,N,N,N,N,50.0,50.0,0.0,818.0,17,Wednesday,Manhattan Valley,Manhattan,Hamilton Heights,Manhattan,-73.96816796764816,40.79796146642212,-73.94852161825773,40.82701211556071,3.143,16.53,16.09,0.44,5.470000000000001,0.33091349062310954,0.16861979166666666,2.7586197916666664,0.2477240572916666,0.5517239583333333,0.7994480156249999,9.820551984375,43.22003318306846,2024-02
HV0003,B03404,B03404,2024-02-21 12:17:13,2024-02-21 12:19:11,2024-02-21 12:19:25,2024-02-21 12:26:01,237,236,0.67,396,10.0,0.0,0.28,0.89,2.75,0.0,0.0,7.69,N,N,N,N,N,132.0,118.0,14.0,528.0,12,Wednesday,Upper East Side South,Manhattan,Upper East Side North,Manhattan,-73.96563449518534,40.76861447337675,-73.957011704106,40.78043571518905,3.143,13.03,10.0,3.0300000000000002,2.3099999999999996,0.1772831926323868,0.19964646464646466,0.8696464646464647,0.07809425252525252,0.17392929292929293,0.2520235454545455,7.4379764545454545,50.71347582644628,2024-02
HV0003,B03404,B03404,2024-02-09 17:49:03,2024-02-09 17:58:15,2024-02-09 17:58:15,2024-02-09 18:40:33,40,112,5.67,2538,32.22,0.0,0.89,2.86,0.0,0.0,7.19,36.78,N,N,N,N,N,552.0,552.0,0.0,3090.0,17,Friday,Carroll Gardens,Brooklyn,Greenpoint,Brooklyn,-73.99595614226644,40.6791985676148,-73.94953985600077,40.72950555799535,3.143,40.3,32.22,0.89,2.6299999999999955,0.06526054590570708,1.2331914893617022,6.903191489361702,0.6199065957446808,1.3806382978723404,2.000544893617021,34.77945510638298,40.5197535219996,2024-02
HV0003,B03404,B03404,2024-02-25 02:55:30,2024-02-25 02:59:25,2024-02-25 03:01:27,2024-02-25 03:10:19,81,254,1.78,532,10.48,0.0,0.29,0.93,0.0,0.0,0.0,7.34,N,N,N,N,N,357.0,235.0,122.0,889.0,3,Sunday,Eastchester,Bronx,Williamsbridge/Olinville,Bronx,-73.83664438560328,40.88093458369951,-73.85894858301965,40.88215615951764,3.143,10.77,10.48,0.29,3.1400000000000006,0.29155060352831946,0.7862781954887218,2.5662781954887217,0.23045178195488722,0.5132556390977444,0.7437074210526317,6.596292578947368,26.71164598898822,2024-02
HV0003,B03404,B03404,2024-02-03 14:22:04,2024-02-03 14:23:09,2024-02-03 14:24:05,2024-02-03 14:33:23,144,125,1.09,558,10.92,0.0,0.3,0.97,2.75,0.0,10.0,6.68,N,N,N,N,N,121.0,65.0,56.0,679.0,14,Saturday,Little Italy/NoLiTa,Manhattan,Hudson Sq,Manhattan,-73.99691839304907,40.72088834178079,-74.00748558750799,40.72628992015588,3.143,23.97,10.92,3.05,14.240000000000002,0.594075928243638,0.12697132616487455,1.2169713261648747,0.10928402508960575,0.24339426523297494,0.3526782903225807,6.327321709677419,33.54691922656658,2024-02
HV0003,B03404,B03404,2024-02-04 01:42:00,2024-02-04 01:42:47,2024-02-04 01:43:01,2024-02-04 01:48:38,7,7,0.98,337,8.86,0.0,0.24,0.79,0.0,0.0,0.0,5.4,N,N,N,N,N,61.0,47.0,14.0,398.0,1,Sunday,Astoria,Queens,Astoria,Queens,-73.91969416440043,40.761491926149866,-73.91969416440043,40.761491926149866,3.143,9.1,8.86,0.24,3.459999999999999,0.38021978021978015,0.1366765578635015,1.1166765578635014,0.10027755489614242,0.22333531157270028,0.3236128664688427,5.076387133531158,45.91706954952806,2024-02
HV0003,B03404,B03404,2024-02-14 22:46:57,2024-02-14 22:56:09,2024-02-14 22:56:50,2024-02-14 23:20:50,114,87,4.27,1440,23.31,0.0,0.64,2.07,2.75,0.0,0.0,19.15,N,N,N,N,N,593.0,552.0,41.0,2033.0,22,Wednesday,Greenwich Village South,Manhattan,Financial District North,Manhattan,-73.99737994674842,40.72833985411046,-74.0074957883342,40.70680798106304,3.143,26.7,23.31,3.39,4.16,0.15580524344569288,1.6368333333333334,5.906833333333333,0.5304336333333333,1.1813666666666667,1.7118003,17.4381997,30.879251805213965,2024-02
HV0003,B03404,B03404,2024-02-17 09:20:29,2024-02-17 09:21:25,2024-02-17 09:26:26,2024-02-17 09:37:56,161,234,1.93,690,45.71,0.0,1.26,4.06,2.75,0.0,10.75,25.01,N,N,N,N,N,357.0,56.0,301.0,1047.0,9,Saturday,Midtown Center,Manhattan,Union Sq,Manhattan,-73.97769778229288,40.758027399461895,-73.99045767416112,40.74033681887629,3.143,60.47,45.71,4.01,31.45,0.5200926079047462,0.15663768115942028,2.08663768115942,0.18738006376811592,0.417327536231884,0.6047075999999999,24.4052924,83.91504550143267,2024-02
HV0003,B03404,B03404,2024-02-17 02:53:04,2024-02-17 03:12:52,2024-02-17 03:14:52,2024-02-17 03:26:17,36,198,1.62,685,24.23,0.0,0.67,2.15,0.0,0.0,0.0,16.18,N,N,N,N,N,1308.0,1188.0,120.0,1993.0,3,Saturday,Bushwick North,Brooklyn,Ridgewood,Queens,-73.9177095234613,40.700521468719735,-73.90170912961153,40.706526169337856,3.143,24.900000000000002,24.23,0.67,8.05,0.3232931726907631,2.8095766423357666,4.429576642335767,0.39777598248175183,0.8859153284671534,1.2836913109489052,14.896308689051095,26.90753200230002,2024-02
HV0003,B03404,B03404,2024-02-10 22:28:15,2024-02-10 22:34:30,2024-02-10 22:34:37,2024-02-10 23:04:34,36,106,5.82,1797,29.52,0.0,0.81,2.62,0.0,0.0,0.0,32.89,N,N,N,N,N,382.0,375.0,7.0,2179.0,22,Saturday,Bushwick North,Brooklyn,Gowanus,Brooklyn,-73.9177095234613,40.700521468719735,-73.99064748886755,40.67351226923787,3.143,30.33,29.52,0.81,-3.370000000000001,-0.11111111111111115,1.2145242070116862,7.034524207011686,0.6317002737896494,1.4069048414023373,2.0386051151919866,30.851394884808013,50.97063863483655,2024-02
HV0003,B03404,B03404,2024-02-25 17:17:08,2024-02-25 17:18:08,2024-02-25 17:19:10,2024-02-25 17:38:04,52,144,3.42,1134,27.21,0.0,0.75,2.41,2.75,0.0,4.96,24.16,N,N,N,N,N,122.0,60.0,62.0,1256.0,17,Sunday,Cobble Hill,Brooklyn,Little Italy/NoLiTa,Manhattan,-73.99672396676043,40.68665075208901,-73.99691839304907,40.72088834178079,3.143,35.67,27.21,3.5,8.010000000000002,0.22455845248107656,0.18095238095238095,3.6009523809523807,0.32336552380952377,0.7201904761904762,1.043556,23.116444,66.25732356687898,2024-02
HV0003,B03404,B03404,2024-02-08 18:51:14,2024-02-08 18:54:42,2024-02-08 18:54:42,2024-02-08 19:16:32,256,49,2.34,1310,14.2,0.0,0.39,1.26,0.0,0.0,0.0,16.38,N,N,N,N,N,208.0,208.0,0.0,1518.0,18,Thursday,Williamsburg (South Side),Brooklyn,Clinton Hill,Brooklyn,-73.95990445316505,40.71087946812129,-73.96236330714036,40.68796671165343,3.143,14.59,14.2,0.39,-2.1799999999999997,-0.14941740918437285,0.3715419847328244,2.711541984732824,0.24349647022900758,0.5423083969465649,0.7858048671755724,15.594195132824426,36.982280947409706,2024-02
HV0003,B03404,B03404,2024-02-29 09:41:44,2024-02-29 09:51:42,2024-02-29 09:52:04,2024-02-29 10:31:44,17,261,4.9,2380,39.59,0.0,1.09,3.51,2.75,0.0,0.0,29.81,N,N,N,N,N,620.0,598.0,22.0,3000.0,9,Thursday,Bedford,Brooklyn,World Trade Center,Manhattan,-73.94990474718477,40.69150649558427,-74.01302266265675,40.7091384408997,3.143,43.43000000000001,39.59,3.84,9.780000000000005,0.22518996085655085,1.2311764705882353,6.131176470588236,0.5505796470588236,1.2262352941176473,1.7768149411764709,28.033185058823527,33.63982207058823,2024-02
HV0003,B03404,B03404,2024-02-10 13:29:49,2024-02-10 13:35:07,2024-02-10 13:35:16,2024-02-10 13:54:10,225,63,4.56,1134,20.83,0.0,0.57,1.85,0.0,0.0,0.0,16.65,N,N,N,N,N,327.0,318.0,9.0,1461.0,13,Saturday,Stuyvesant Heights,Brooklyn,Cypress Hills,Brooklyn,-73.93188774325893,40.68816752944304,-73.87817291227658,40.68383923597394,3.143,21.4,20.83,0.57,4.18,0.19532710280373833,1.2787301587301585,5.838730158730158,0.5243179682539681,1.1677460317460315,1.6920639999999998,14.957935999999998,36.857337166324434,2024-02
HV0003,B03404,B03404,2024-02-09 10:32:40,2024-02-09 10:33:51,2024-02-09 10:35:01,2024-02-09 10:53:26,234,186,1.09,1105,11.15,0.0,0.33,1.05,2.75,0.0,0.0,11.82,N,N,N,N,N,141.0,71.0,70.0,1246.0,10,Friday,Union Sq,Manhattan,Penn Station/Madison Sq West,Manhattan,-73.99045767416112,40.74033681887629,-73.99243728054387,40.7484965983886,3.143,14.23,11.15,3.08,-0.6699999999999999,-0.04708362614195361,0.07003619909502262,1.1600361990950228,0.10417125067873302,0.23200723981900456,0.33617849049773757,11.483821509502263,33.17958060530349,2024-02
HV0003,B03404,B03404,2024-02-28 14:16:11,2024-02-28 14:18:10,2024-02-28 14:18:10,2024-02-28 14:49:37,82,131,6.21,1887,26.85,0.0,0.74,2.38,0.0,0.0,0.0,25.9,N,N,N,N,N,119.0,119.0,0.0,2006.0,14,Wednesday,Elmhurst,Queens,Jamaica Estates,Queens,-73.8771182418676,40.73949455225884,-73.77610132903203,40.72065468341462,3.143,27.59,26.85,0.74,0.9500000000000028,0.034432765494744576,0.39162162162162156,6.6016216216216215,0.5928256216216216,1.3203243243243243,1.9131499459459458,23.986850054054052,43.04718853170219,2024-02
HV0003,B03404,B03404,2024-02-23 07:59:55,2024-02-23 08:05:58,2024-02-23 08:06:35,2024-02-23 08:40:15,191,29,19.62,2020,47.55,0.0,1.31,4.22,0.0,0.0,0.0,44.77,N,N,N,N,N,400.0,363.0,37.0,2420.0,8,Friday,Queens Village,Queens,Brighton Beach,Brooklyn,-73.74153183175444,40.71545297944368,-73.96121684069253,40.58092149012796,3.143,48.86,47.55,1.31,2.779999999999994,0.05689725747032325,3.525772277227723,23.145772277227724,2.0784903504950494,4.629154455445545,6.707644805940594,38.06235519405941,56.62168541265035,2024-02
HV0003,B03404,B03404,2024-02-09 09:34:32,2024-02-09 09:37:43,2024-02-09 09:37:58,2024-02-09 10:13:06,255,227,10.56,2108,45.43,0.0,1.33,4.29,0.0,0.0,0.0,34.69,N,N,N,N,N,206.0,191.0,15.0,2314.0,9,Friday,Williamsburg (North Side),Brooklyn,Sunset Park East,Brooklyn,-73.95741799903575,40.71880332024791,-74.0046526133707,40.64188580330356,3.143,46.76,45.43,1.33,10.740000000000002,0.22968349016253214,0.9568121442125238,11.516812144212524,1.0342097305502846,2.303362428842505,3.3375721593927894,31.35242784060721,48.776465093425216,2024-02
HV0003,B03404,B03404,2024-02-09 20:30:42,2024-02-09 20:32:13,2024-02-09 20:33:36,2024-02-09 20:54:13,13,256,5.1,1237,53.23,0.0,1.46,4.72,2.75,0.0,0.0,28.69,N,N,N,N,N,174.0,91.0,83.0,1411.0,20,Friday,Battery Park City,Manhattan,Williamsburg (South Side),Brooklyn,-74.01607908770592,40.71203749145812,-73.95990445316505,40.71087946812129,3.143,57.44,53.23,4.21,24.539999999999996,0.42722841225626734,0.3751818916734034,5.475181891673403,0.4916713338722715,1.0950363783346806,1.5867077122069522,27.10329228779305,69.15085204539687,2024-02
HV0003,B03404,B03404,2024-02-14 07:37:51,2024-02-14 07:54:21,2024-02-14 07:55:26,2024-02-14 08:14:33,74,229,4.6,1147,29.71,0.0,0.82,2.64,2.75,0.0,0.0,22.82,N,N,N,N,N,1055.0,990.0,65.0,2202.0,7,Wednesday,East Harlem North,Manhattan,Sutton Place/Turtle Bay North,Manhattan,-73.93734546230694,40.80116855904873,-73.96514558738956,40.75672829786632,3.143,33.28,29.71,3.57,6.890000000000001,0.20703125,3.9703574542284215,8.570357454228422,0.7696180993897122,1.7140714908456844,2.4836895902353966,20.336310409764604,33.24737396691761,2024-02
HV0003,B03404,B03404,2024-02-08 03:46:04,2024-02-08 03:50:18,2024-02-08 03:52:19,2024-02-08 03:59:13,53,53,1.39,414,10.34,0.0,0.28,0.92,0.0,0.0,0.0,5.77,N,N,N,N,N,375.0,254.0,121.0,789.0,3,Thursday,College Point,Queens,College Point,Queens,-73.84281303024585,40.78091097765128,-73.84281303024585,40.78091097765128,3.143,10.62,10.34,0.28,4.57,0.43032015065913376,0.8528019323671496,2.2428019323671498,0.20140361352657005,0.44856038647343,0.649964,5.120036,23.361380988593154,2024-02
HV0003,B03404,B03404,2024-02-11 13:26:53,2024-02-11 13:29:47,2024-02-11 13:30:58,2024-02-11 13:43:39,225,61,1.75,761,15.21,0.0,0.42,1.35,0.0,0.0,0.0,9.45,N,N,N,N,N,245.0,174.0,71.0,1006.0,13,Sunday,Stuyvesant Heights,Brooklyn,Crown Heights North,Brooklyn,-73.93188774325893,40.68816752944304,-73.93928693646026,40.67446920571126,3.143,15.63,15.21,0.42,5.760000000000002,0.36852207293666034,0.40013140604467806,2.150131406044678,0.19308180026281205,0.4300262812089356,0.6231080814717477,8.826891918528252,31.587287183600107,2024-02
HV0003,B03404,B03404,2024-02-21 19:01:10,2024-02-21 19:05:09,2024-02-21 19:06:05,2024-02-21 19:11:45,208,58,1.32,340,8.88,0.0,0.24,0.79,0.0,0.0,0.0,5.4,N,N,N,N,N,295.0,239.0,56.0,635.0,19,Wednesday,Schuylerville/Edgewater Park,Bronx,Country Club,Bronx,-73.82353896872594,40.82331715898944,-73.82039333755917,40.84145132191202,3.143,9.120000000000001,8.88,0.24,3.4800000000000004,0.3815789473684211,0.9278823529411765,2.2478823529411764,0.20185983529411766,0.4495764705882353,0.6514363058823529,4.748563694117648,26.92099102176934,2024-02
HV0003,B03404,B03404,2024-02-16 22:11:31,2024-02-16 22:13:04,2024-02-16 22:13:12,2024-02-16 22:24:38,48,186,1.5,686,14.5,0.0,0.4,1.29,2.75,0.0,0.0,9.42,N,N,N,N,N,101.0,93.0,8.0,787.0,22,Friday,Clinton East,Manhattan,Penn Station/Madison Sq West,Manhattan,-73.98984463380468,40.762252049908085,-73.99243728054387,40.7484965983886,3.143,17.65,14.5,3.15,5.08,0.2878186968838527,0.20335276967930027,1.7033527696793003,0.15296107871720116,0.3406705539358601,0.49363163265306126,8.926368367346939,40.832180587609884,2024-02
HV0003,B03404,B03404,2024-02-25 11:28:20,2024-02-25 11:30:20,2024-02-25 11:30:20,2024-02-25 11:37:54,60,212,1.12,454,8.02,0.0,0.22,0.71,0.0,0.0,0.0,5.74,N,N,N,N,N,120.0,120.0,0.0,574.0,11,Sunday,Crotona Park East,Bronx,Soundview/Bruckner,Bronx,-73.88590012794502,40.83398980020464,-73.86967995832318,40.82790176764516,3.143,8.24,8.02,0.22,2.2799999999999994,0.2766990291262135,0.2960352422907489,1.416035242290749,0.12715996475770924,0.2832070484581498,0.41036701321585906,5.329632986784141,33.426269603524226,2024-02
HV0003,B03404,B03404,2024-02-26 14:53:08,2024-02-26 14:55:47,2024-02-26 14:58:16,2024-02-26 15:04:30,183,242,1.41,374,8.69,0.0,0.24,0.77,0.0,0.0,0.0,5.38,N,N,N,N,N,308.0,159.0,149.0,682.0,14,Monday,Pelham Bay,Bronx,Van Nest/Morris Park,Bronx,-73.8315818648629,40.84917189594048,-73.85067119492659,40.84678260105803,3.143,8.93,8.69,0.24,3.3099999999999996,0.37066069428891374,0.5994385026737967,2.0094385026737966,0.18044757754010693,0.40188770053475936,0.5823352780748663,4.797664721925134,25.324916420719184,2024-02
HV0003,B03404,B03404,2024-02-01 20:42:52,2024-02-01 20:43:50,2024-02-01 20:45:51,2024-02-01 20:54:01,125,234,1.66,490,15.43,0.0,0.42,1.37,2.75,0.0,0.0,6.8,N,N,N,N,N,179.0,58.0,121.0,669.0,20,Thursday,Hudson Sq,Manhattan,Union Sq,Manhattan,-74.00748558750799,40.72628992015588,-73.99045767416112,40.74033681887629,3.143,18.6,15.43,3.17,8.629999999999999,0.4639784946236558,0.19648979591836735,1.8564897959183673,0.16671278367346937,0.3712979591836735,0.5380107428571428,6.261989257142857,33.696803177450356,2024-02
HV0003,B03404,B03404,2024-02-10 03:40:03,2024-02-10 03:44:16,2024-02-10 03:44:38,2024-02-10 03:52:06,139,218,3.55,448,14.24,0.0,0.39,1.26,0.0,0.0,5.0,8.87,N,N,N,N,N,275.0,253.0,22.0,723.0,3,Saturday,Laurelton,Queens,Springfield Gardens North,Queens,-73.74423510970438,40.67709672027596,-73.7730358575979,40.67208910289741,3.143,19.630000000000003,14.24,0.39,10.370000000000003,0.5282730514518594,2.004799107142857,5.554799107142857,0.4988209598214286,1.1109598214285714,1.60978078125,7.260219218749999,36.150469139004144,2024-02
HV0003,B03404,B03404,2024-02-15 18:20:31,2024-02-15 18:24:40,2024-02-15 18:26:42,2024-02-15 18:54:47,256,223,6.1,1685,26.52,0.0,0.73,2.35,0.0,0.0,0.0,23.87,N,N,N,N,N,371.0,249.0,122.0,2056.0,18,Thursday,Williamsburg (South Side),Brooklyn,Steinway,Queens,-73.95990445316505,40.71087946812129,-73.90540723993595,40.77742599740797,3.143,27.25,26.52,0.73,2.6499999999999986,0.0972477064220183,0.9014243323442136,7.001424332344214,0.6287279050445104,1.4002848664688428,2.029012771513353,21.840987228486647,38.242973746377395,2024-02
HV0003,B03404,B03404,2024-02-19 13:25:36,2024-02-19 13:26:20,2024-02-19 13:26:49,2024-02-19 13:45:40,158,233,2.75,1131,17.08,0.0,0.47,1.52,2.75,0.0,0.0,15.89,N,N,N,N,N,73.0,44.0,29.0,1204.0,13,Monday,Meatpacking/West Village West,Manhattan,UN/Turtle Bay South,Manhattan,-74.00898395410488,40.73503468604606,-73.9704423734757,40.74991338603123,3.143,20.299999999999997,17.08,3.2199999999999998,1.1899999999999977,0.05862068965517231,0.10698496905393458,2.8569849690539346,0.2565572502210433,0.5713969938107869,0.8279542440318302,15.062045755968171,45.03601721053606,2024-02
HV0003,B03404,B03404,2024-02-08 22:28:48,2024-02-08 22:31:24,2024-02-08 22:31:28,2024-02-08 22:42:08,95,28,2.22,640,7.82,0.0,0.22,0.69,0.0,0.0,4.0,5.83,N,N,N,N,N,160.0,156.0,4.0,800.0,22,Thursday,Forest Hills,Queens,Briarwood/Jamaica Hills,Queens,-73.84766918479201,40.72143087062858,-73.80872941622545,40.71159574889735,3.143,12.040000000000001,7.82,0.22,5.99,0.4975083056478405,0.5411250000000001,2.7611250000000003,0.247949025,0.5522250000000001,0.800174025,5.029825975,22.6342168875,2024-02
HV0003,B03404,B03404,2024-02-19 01:26:26,2024-02-19 01:28:23,2024-02-19 01:29:49,2024-02-19 01:35:02,255,80,1.12,313,8.54,0.0,0.23,0.76,0.0,0.0,0.0,5.39,N,N,N,N,N,203.0,117.0,86.0,516.0,1,Monday,Williamsburg (North Side),Brooklyn,East Williamsburg,Brooklyn,-73.95741799903575,40.71880332024791,-73.93679348509205,40.71536904490185,3.143,8.77,8.54,0.23,3.1499999999999995,0.3591790193842645,0.4186581469648563,1.5386581469648564,0.1381715015974441,0.3077316293929713,0.44590313099041534,4.944096869009584,34.49369908611338,2024-02
HV0003,B03404,B03404,2024-02-18 19:13:19,2024-02-18 19:20:46,2024-02-18 19:22:06,2024-02-18 19:42:00,148,68,2.48,1194,26.13,0.0,0.72,2.32,2.75,0.0,0.0,15.48,N,N,N,N,N,527.0,447.0,80.0,1721.0,19,Sunday,Lower East Side,Manhattan,East Chelsea,Manhattan,-73.99089618330311,40.71893779448139,-73.99991751678058,40.748426777755405,3.143,29.599999999999998,26.13,3.4699999999999998,10.649999999999999,0.35979729729729726,0.9284422110552764,3.4084422110552763,0.3060781105527638,0.6816884422110553,0.9877665527638191,14.492233447236181,30.314956658948432,2024-02
HV0003,B03404,B03404,2024-02-08 16:00:23,2024-02-08 16:02:44,2024-02-08 16:04:44,2024-02-08 16:21:28,153,244,4.78,1004,18.05,0.0,0.5,1.6,0.0,0.0,0.0,15.72,N,N,N,N,N,261.0,141.0,120.0,1265.0,16,Thursday,Marble Hill,Manhattan,Washington Heights South,Manhattan,-73.91037847684808,40.87596732674075,-73.9413990935137,40.84170795917971,3.143,18.55,18.05,0.5,2.33,0.12560646900269543,0.6712948207171314,5.4512948207171315,0.48952627490039835,1.0902589641434264,1.5797852390438247,14.140214760956177,40.24092738295829,2024-02
HV0003,B03404,B03404,2024-02-24 23:59:51,2024-02-25 00:04:39,2024-02-25 00:05:00,2024-02-25 00:13:00,127,136,1.35,480,11.59,0.0,0.32,1.03,0.0,0.0,0.0,6.28,N,N,N,N,N,309.0,288.0,21.0,789.0,0,Sunday,Inwood,Manhattan,Kingsbridge Heights,Bronx,-73.91930824408637,40.86607442573871,-73.90591111534405,40.8652635680692,3.143,11.91,11.59,0.32,5.31,0.4458438287153652,0.81,2.16,0.193968,0.43200000000000005,0.6259680000000001,5.654032,25.797864638783267,2024-02
HV0003,B03404,B03404,2024-02-23 04:17:54,2024-02-23 04:24:13,2024-02-23 04:24:37,2024-02-23 04:57:56,79,173,10.24,1999,36.94,0.0,1.02,3.28,2.75,0.0,0.0,32.25,N,N,N,N,N,403.0,379.0,24.0,2402.0,4,Friday,East Village,Manhattan,North Corona,Queens,-73.98593725800136,40.72761958691338,-73.86303760148317,40.7525784829494,3.143,40.71,36.94,3.77,4.689999999999998,0.11520510930975185,1.9414507253626816,12.181450725362682,1.0938942751375687,2.4362901450725367,3.530184420210105,28.719815579789895,43.043853491775025,2024-02
HV0003,B03404,B03404,2024-02-21 11:20:35,2024-02-21 11:21:06,2024-02-21 11:21:12,2024-02-21 11:32:52,116,69,1.51,700,16.99,0.0,0.47,1.51,0.0,0.0,0.0,8.56,N,N,N,N,N,37.0,31.0,6.0,737.0,11,Wednesday,Hamilton Heights,Manhattan,East Concourse/Concourse Village,Bronx,-73.94852161825773,40.82701211556071,-73.9150298985607,40.83141570129418,3.143,17.459999999999997,16.99,0.47,8.429999999999998,0.4828178694158075,0.06687142857142857,1.5768714285714285,0.14160305428571426,0.3153742857142857,0.45697734,8.10302266,39.580572016282225,2024-02
HV0003,B03404,B03404,2024-02-01 06:11:52,2024-02-01 06:13:50,2024-02-01 06:15:50,2024-02-01 06:50:24,241,68,12.06,2074,46.29,0.0,1.27,4.11,2.75,0.0,5.44,35.35,N,N,N,N,N,238.0,118.0,120.0,2312.0,6,Thursday,Van Cortlandt Village,Bronx,East Chelsea,Manhattan,-73.89562004253389,40.87651165473252,-73.99991751678058,40.748426777755405,3.143,55.75,46.29,4.02,16.379999999999995,0.29381165919282504,0.6861523625843781,12.746152362584379,1.1446044821600772,2.549230472516876,3.6938349546769533,31.65616504532305,49.29160647195631,2024-02
HV0003,B03404,B03404,2024-02-01 19:57:59,2024-02-01 19:58:18,2024-02-01 20:00:15,2024-02-01 20:07:10,258,197,1.56,415,10.71,0.0,0.29,0.95,0.0,0.0,0.0,5.95,N,N,N,N,N,136.0,19.0,117.0,551.0,20,Thursday,Woodhaven,Queens,Richmond Hill,Queens,-73.85576684520184,40.68872054521105,-73.83092448484014,40.69454169265697,3.143,11.0,10.71,0.29,4.760000000000001,0.4327272727272728,0.07142168674698796,1.631421686746988,0.14650166746987953,0.3262843373493976,0.47278600481927713,5.477213995180723,35.78579016814991,2024-02
HV0003,B03404,B03404,2024-02-24 19:19:43,2024-02-24 19:32:36,2024-02-24 19:32:54,2024-02-24 19:47:26,188,71,2.27,872,12.98,0.0,0.36,1.15,0.0,0.0,0.0,12.67,N,N,N,N,N,791.0,773.0,18.0,1663.0,19,Saturday,Prospect-Lefferts Gardens,Brooklyn,East Flatbush/Farragut,Brooklyn,-73.94744189565975,40.65874424163321,-73.93796628102253,40.64428722355921,3.143,13.34,12.98,0.36,0.3100000000000005,0.02323838080959524,2.012282110091743,4.282282110091743,0.38454893348623853,0.8564564220183487,1.2410053555045872,11.428994644495413,24.74105876138514,2024-02
HV0003,B03404,B03404,2024-02-22 11:09:48,2024-02-22 11:11:49,2024-02-22 11:13:50,2024-02-22 12:21:49,130,25,14.68,4079,52.88,0.0,1.45,4.69,0.0,0.0,0.0,57.65,N,N,N,N,N,242.0,121.0,121.0,4321.0,11,Thursday,Jamaica,Queens,Boerum Hill,Brooklyn,-73.79398135276409,40.70436829225682,-73.98611365960022,40.685633257491546,3.143,54.330000000000005,52.88,1.45,-4.769999999999996,-0.08779679734953057,0.4354694778131895,15.115469477813189,1.3573691591076242,3.023093895562638,4.380463054670262,53.26953694532973,44.3810074064307,2024-02
HV0003,B03404,B03404,2024-02-10 22:20:57,2024-02-10 22:25:12,2024-02-10 22:27:13,2024-02-10 22:33:05,76,63,1.19,352,8.9,0.0,0.24,0.79,0.0,0.0,0.0,5.4,N,N,N,N,N,376.0,255.0,121.0,728.0,22,Saturday,East New York,Brooklyn,Cypress Hills,Brooklyn,-73.87682032859912,40.66093356035302,-73.87817291227658,40.68383923597394,3.143,9.14,8.9,0.24,3.5,0.38293216630196936,0.8620738636363636,2.0520738636363633,0.18427623295454543,0.41041477272727267,0.5946910056818181,4.805308994318183,23.762517004870134,2024-02
HV0003,B03404,B03404,2024-02-15 07:50:41,2024-02-15 07:54:45,2024-02-15 07:54:46,2024-02-15 08:24:37,193,186,4.9,1791,37.21,6.94,1.21,3.92,2.75,0.0,0.0,24.78,N,N,N,N,N,245.0,244.0,1.0,2036.0,7,Thursday,Queensbridge/Ravenswood,Queens,Penn Station/Madison Sq West,Manhattan,-73.94199714485673,40.76031280805392,-73.99243728054387,40.7484965983886,3.143,48.11,37.21,10.9,12.43,0.2583662440241114,0.6675600223338917,5.567560022333892,0.4999668900055835,1.1135120044667786,1.6134788944723621,23.16652110552764,40.96241452843787,2024-02
HV0003,B03404,B03404,2024-02-26 10:17:46,2024-02-26 10:21:41,2024-02-26 10:23:03,2024-02-26 10:31:27,228,181,1.67,504,12.46,0.0,0.34,1.11,0.0,0.0,0.0,6.93,N,N,N,N,N,317.0,235.0,82.0,821.0,10,Monday,Sunset Park West,Brooklyn,Park Slope,Brooklyn,-74.01127289375856,40.652353822117504,-73.98141426627474,40.67037356101699,3.143,12.8,12.46,0.34,5.530000000000001,0.4320312500000001,0.7786706349206349,2.448670634920635,0.219890623015873,0.48973412698412705,0.70962475,6.22037525,27.275701461632156,2024-02
HV0003,B03404,B03404,2024-02-07 18:08:14,2024-02-07 18:08:55,2024-02-07 18:10:25,2024-02-07 18:18:11,182,213,1.0,466,9.76,0.0,0.27,0.87,0.0,0.0,0.0,18.85,N,N,N,N,N,131.0,41.0,90.0,597.0,18,Wednesday,Parkchester,Bronx,Soundview/Castle Hill,Bronx,-73.85798692430247,40.837748057064935,-73.85813492907864,40.81785812742239,3.143,10.03,9.76,0.27,-9.090000000000002,-0.906281156530409,0.08798283261802575,1.0879828326180259,0.09770085836909873,0.21759656652360518,0.3152974248927039,18.534702575107296,111.7670507041646,2024-02
HV0003,B03404,B03404,2024-02-24 14:21:12,2024-02-24 14:26:26,2024-02-24 14:27:28,2024-02-24 14:35:12,61,61,0.88,464,7.97,0.0,0.22,0.71,0.0,0.0,0.0,5.52,N,N,N,N,N,376.0,314.0,62.0,840.0,14,Saturday,Crown Heights North,Brooklyn,Crown Heights North,Brooklyn,-73.93928693646026,40.67446920571126,-73.93928693646026,40.67446920571126,3.143,8.19,7.97,0.22,2.45,0.2991452991452992,0.5955172413793104,1.4755172413793103,0.13250144827586205,0.29510344827586205,0.42760489655172407,5.0923951034482755,21.82455044334975,2024-02
HV0003,B03404,B03404,2024-02-17 21:11:04,2024-02-17 21:13:41,2024-02-17 21:14:03,2024-02-17 21:42:42,260,216,10.13,1719,29.5,0.0,0.81,2.62,0.0,0.0,0.0,30.47,N,N,Y,N,N,179.0,157.0,22.0,1898.0,21,Saturday,Woodside,Queens,South Ozone Park,Queens,-73.90630705433507,40.74423288564698,-73.81945966887841,40.6761529751015,3.143,30.31,29.5,0.81,-0.9699999999999989,-0.03200263939293959,0.9251948807446191,11.05519488074462,0.9927565002908668,2.211038976148924,3.203795476439791,27.26620452356021,51.71672090875487,2024-02
HV0003,B03404,B03404,2024-02-27 12:59:17,2024-02-27 13:01:02,2024-02-27 13:01:19,2024-02-27 13:27:27,166,74,2.24,1568,16.06,0.0,0.44,1.43,0.0,0.0,0.0,17.68,N,N,N,N,N,122.0,105.0,17.0,1690.0,13,Tuesday,Morningside Heights,Manhattan,East Harlem North,Manhattan,-73.96176346467264,40.809456315241775,-73.93734546230694,40.80116855904873,3.143,16.5,16.06,0.44,-1.620000000000001,-0.09818181818181825,0.15000000000000002,2.39,0.21462199999999998,0.47800000000000004,0.6926220000000001,16.987378,36.18613065088757,2024-02
HV0003,B03404,B03404,2024-02-12 14:00:27,2024-02-12 14:04:05,2024-02-12 14:04:52,2024-02-12 14:48:03,76,76,5.7,2591,26.84,0.0,0.74,2.38,0.0,0.0,0.0,31.84,N,N,N,N,N,265.0,218.0,47.0,2856.0,14,Monday,East New York,Brooklyn,East New York,Brooklyn,-73.87682032859912,40.66093356035302,-73.87682032859912,40.66093356035302,3.143,27.58,26.84,0.74,-5.0,-0.18129079042784627,0.4795831725202625,6.179583172520263,0.5549265688923196,1.2359166345040526,1.7908432033963724,30.049156796603626,37.8770883990802,2024-02
HV0003,B03404,B03404,2024-02-21 06:35:00,2024-02-21 06:22:28,2024-02-21 06:36:33,2024-02-21 07:03:05,87,142,6.84,1592,42.0,0.0,1.16,3.73,2.75,0.0,0.0,31.5,N,N,N,N,N,93.0,-752.0,845.0,1685.0,6,Wednesday,Financial District North,Manhattan,Lincoln Square East,Manhattan,-74.0074957883342,40.70680798106304,-73.98153210008745,40.77363265587896,3.143,45.91,42.0,3.91,10.5,0.2287083424090612,-3.2309547738693465,3.6090452261306534,0.3240922613065326,0.7218090452261308,1.0459013065326634,30.454098693467337,65.06513667447028,2024-02
HV0003,B03404,B03404,2024-02-07 20:07:53,2024-02-07 20:09:05,2024-02-07 20:09:17,2024-02-07 20:16:37,249,144,0.93,440,6.39,0.0,0.18,0.57,2.75,0.0,0.0,5.39,N,N,N,N,N,84.0,72.0,12.0,524.0,20,Wednesday,West Village,Manhattan,Little Italy/NoLiTa,Manhattan,-74.00287478437944,40.73457538224023,-73.99691839304907,40.72088834178079,3.143,9.32,6.39,2.93,1.0,0.1072961373390558,0.1521818181818182,1.0821818181818181,0.09717992727272726,0.21643636363636365,0.31361629090909093,5.0763837090909085,34.87591861207495,2024-02
HV0003,B03404,B03404,2024-02-24 09:43:49,2024-02-24 09:46:54,2024-02-24 09:47:11,2024-02-24 09:55:30,14,67,1.57,499,10.05,0.0,0.28,0.89,0.0,0.0,0.0,6.75,N,N,N,N,N,202.0,185.0,17.0,701.0,9,Saturday,Bay Ridge,Brooklyn,Dyker Heights,Brooklyn,-74.02989257930119,40.62483341741767,-74.0138023583928,40.61961871573094,3.143,10.33,10.05,0.28,3.3000000000000007,0.31945788964182,0.582064128256513,2.152064128256513,0.19325535871743488,0.4304128256513027,0.6236681843687375,6.1263318156312625,31.461903760731165,2024-02
HV0003,B03404,B03404,2024-02-14 20:46:12,2024-02-14 20:50:31,2024-02-14 20:50:36,2024-02-14 20:55:49,165,123,0.92,313,7.11,0.0,0.2,0.63,0.0,0.0,1.0,5.4,N,N,N,N,N,264.0,259.0,5.0,577.0,20,Wednesday,Midwood,Brooklyn,Homecrest,Brooklyn,-73.95682451037044,40.620923471324446,-73.96433371333775,40.59995356501545,3.143,8.31,7.11,0.2,2.709999999999999,0.326113116726835,0.7612779552715655,1.6812779552715655,0.1509787603833866,0.33625559105431313,0.4872343514376997,4.912765648562301,30.65157077092597,2024-02
HV0003,B03404,B03404,2024-02-27 08:47:36,2024-02-27 08:53:38,2024-02-27 08:53:56,2024-02-27 08:58:01,141,263,0.81,245,8.26,0.0,0.23,0.73,2.75,0.0,1.0,5.39,N,N,N,N,N,380.0,362.0,18.0,625.0,8,Tuesday,Lenox Hill West,Manhattan,Yorkville West,Manhattan,-73.95963478688095,40.76694745582751,-73.95100985225696,40.77876514921805,3.143,12.24,8.26,2.98,3.87,0.3161764705882353,1.1968163265306122,2.006816326530612,0.18021210612244895,0.40136326530612243,0.5815753714285714,4.808424628571428,27.696525860571427,2024-02
HV0003,B03404,B03404,2024-02-21 18:57:50,2024-02-21 19:02:51,2024-02-21 19:03:37,2024-02-21 19:37:48,26,26,3.22,2051,31.35,0.0,0.86,2.78,0.0,0.0,0.0,23.51,N,N,N,N,N,347.0,301.0,46.0,2398.0,19,Wednesday,Borough Park,Brooklyn,Borough Park,Brooklyn,-73.9886606263467,40.63094893241426,-73.9886606263467,40.63094893241426,3.143,32.21,31.35,0.86,7.84,0.24340266997826762,0.47255972696245735,3.6925597269624575,0.33159186348122865,0.7385119453924915,1.0701038088737203,22.43989619112628,33.687917551315515,2024-02
HV0003,B03404,B03404,2024-02-25 21:11:44,2024-02-25 21:16:06,2024-02-25 21:17:11,2024-02-25 21:39:58,121,37,7.98,1367,23.28,0.0,0.64,2.07,0.0,0.0,0.0,24.34,N,N,N,N,N,327.0,262.0,65.0,1694.0,21,Sunday,Hillcrest/Pomonok,Queens,Bushwick South,Brooklyn,-73.80244406680485,40.72833215927266,-73.9222368522579,40.694993402702586,3.143,23.92,23.28,0.64,-1.0599999999999987,-0.04431438127090295,1.5294513533284566,9.509451353328457,0.8539487315288954,1.9018902706656915,2.7558390021945867,21.584160997805412,45.869527504190955,2024-02
HV0003,B03404,B03404,2024-02-10 10:26:47,2024-02-10 10:27:11,2024-02-10 10:28:08,2024-02-10 10:58:10,186,92,11.22,1802,38.04,6.94,1.24,3.99,2.75,0.0,10.59,31.68,N,N,N,N,N,81.0,24.0,57.0,1883.0,10,Saturday,Penn Station/Madison Sq West,Manhattan,Flushing,Queens,-73.99243728054387,40.7484965983886,-73.8288586430752,40.76110071120437,3.143,59.56,38.04,10.93,16.949999999999996,0.284586971121558,0.14943396226415095,11.369433962264152,1.0209751698113207,2.2738867924528305,3.294861962264151,28.38513803773585,54.26792189901702,2024-02
HV0003,B03404,B03404,2024-02-04 09:58:39,2024-02-04 10:04:21,2024-02-04 10:04:21,2024-02-04 10:14:49,232,231,1.34,628,10.9,0.0,0.3,0.97,2.75,0.0,0.0,7.67,N,N,N,N,N,342.0,342.0,0.0,970.0,10,Sunday,Two Bridges/Seward Park,Manhattan,TriBeCa/Civic Center,Manhattan,-73.98302452983464,40.71473195717586,-74.00787947243188,40.717772159208046,3.143,13.950000000000001,10.9,3.05,3.2300000000000004,0.23154121863799285,0.7297452229299364,2.0697452229299365,0.1858631210191083,0.4139490445859873,0.5998121656050956,7.070187834394904,26.239872375073872,2024-02
HV0003,B03404,B03404,2024-02-16 14:12:30,2024-02-16 14:15:31,2024-02-16 14:15:31,2024-02-16 14:24:50,115,206,1.76,559,12.37,0.0,0.34,1.1,0.0,0.0,3.0,7.57,N,N,N,N,N,181.0,181.0,0.0,740.0,14,Friday,Grymes Hill/Clifton,Staten Island,Saint George/New Brighton,Staten Island,-74.08783896409189,40.6179708239285,-74.10231448191689,40.638972921799166,3.143,15.709999999999999,12.37,0.34,7.799999999999999,0.49649904519414384,0.5698747763864043,2.3298747763864043,0.20922275491949907,0.4659749552772809,0.67519771019678,6.89480228980322,33.5422814098535,2024-02
HV0003,B03404,B03404,2024-02-07 14:31:02,2024-02-07 14:44:30,2024-02-07 14:44:30,2024-02-07 15:01:41,75,141,2.28,1031,14.61,0.0,0.4,1.3,2.75,0.0,0.0,19.77,N,N,N,N,N,808.0,808.0,0.0,1839.0,14,Wednesday,East Harlem South,Manhattan,Lenox Hill West,Manhattan,-73.94575002008068,40.79001009948004,-73.95963478688095,40.76694745582751,3.143,17.759999999999998,14.61,3.15,-5.16,-0.29054054054054057,1.7868477206595537,4.0668477206595535,0.36520292531522786,0.8133695441319108,1.1785724694471387,18.59142753055286,36.39431164219157,2024-02
HV0003,B03404,B03404,2024-02-01 23:51:35,2024-02-01 23:53:53,2024-02-01 23:55:54,2024-02-02 00:12:03,80,196,6.05,969,21.53,0.0,0.59,1.91,0.0,0.0,0.0,18.06,N,N,N,N,N,259.0,138.0,121.0,1228.0,23,Thursday,East Williamsburg,Brooklyn,Rego Park,Queens,-73.93679348509205,40.71536904490185,-73.86333842618821,40.72615456414307,3.143,22.12,21.53,0.59,3.4700000000000024,0.15687160940325506,0.861609907120743,6.911609907120743,0.6206625696594427,1.3823219814241487,2.0029845510835913,16.057015448916406,47.07268372646504,2024-02
HV0003,B03404,B03404,2024-02-05 09:03:20,2024-02-05 09:05:40,2024-02-05 09:05:40,2024-02-05 09:50:23,78,76,18.29,2683,46.4,6.94,1.47,4.73,0.0,0.0,0.0,57.68,N,N,N,N,N,140.0,140.0,0.0,2823.0,9,Monday,East Tremont,Bronx,East New York,Brooklyn,-73.88552139857157,40.844959817621785,-73.87682032859912,40.66093356035302,3.143,54.809999999999995,46.4,8.41,-11.280000000000001,-0.2058018609742748,0.9543794260156542,19.244379426015655,1.7281452724562056,3.8488758852031313,5.5770211576593365,52.10297884234066,66.44375622827714,2024-02
HV0003,B03404,B03404,2024-02-02 18:47:09,2024-02-02 18:50:05,2024-02-02 18:50:48,2024-02-02 18:54:18,139,219,0.83,210,8.3,0.0,0.23,0.74,0.0,0.0,0.0,5.39,N,N,N,N,N,219.0,176.0,43.0,429.0,18,Friday,Laurelton,Queens,Springfield Gardens South,Queens,-73.74423510970438,40.67709672027596,-73.76450535543216,40.66218473801039,3.143,8.530000000000001,8.3,0.23,2.910000000000001,0.34114888628370466,0.6956190476190476,1.5256190476190477,0.13700059047619045,0.3051238095238096,0.44212440000000003,4.9478756,41.5206344055944,2024-02
HV0003,B03404,B03404,2024-02-18 04:17:24,2024-02-18 04:27:35,2024-02-18 04:28:06,2024-02-18 04:45:02,148,65,3.87,1016,30.06,0.0,0.83,2.67,2.75,0.0,0.0,14.64,N,N,N,N,N,642.0,611.0,31.0,1658.0,4,Sunday,Lower East Side,Manhattan,Downtown Brooklyn/MetroTech,Brooklyn,-73.99089618330311,40.71893779448139,-73.98608580922685,40.69533700725102,3.143,33.64,30.06,3.58,15.419999999999998,0.45838287752675383,2.3273326771653546,6.197332677165354,0.5565204744094487,1.239466535433071,1.7959870098425197,12.84401299015748,27.888086106493926,2024-02
HV0003,B03404,B03404,2024-02-15 22:21:55,2024-02-15 22:28:39,2024-02-15 22:29:00,2024-02-15 22:34:31,225,177,0.92,331,8.91,0.0,0.25,0.79,0.0,0.0,0.0,5.58,N,N,N,N,N,425.0,404.0,21.0,756.0,22,Thursday,Stuyvesant Heights,Brooklyn,Ocean Hill,Brooklyn,-73.93188774325893,40.68816752944304,-73.91363235241506,40.67664341763747,3.143,9.16,8.91,0.25,3.33,0.3635371179039301,1.1229003021148036,2.042900302114804,0.18345244712990938,0.4085800604229608,0.5920325075528702,4.98796749244713,23.75222615451014,2024-02
HV0003,B03404,B03404,2024-02-07 19:01:29,2024-02-07 19:04:48,2024-02-07 19:04:50,2024-02-07 19:09:02,198,198,0.5,252,8.93,0.0,0.25,0.79,0.0,0.0,0.0,5.39,N,N,N,N,N,201.0,199.0,2.0,453.0,19,Wednesday,Ridgewood,Queens,Ridgewood,Queens,-73.90170912961153,40.706526169337856,-73.90170912961153,40.706526169337856,3.143,9.18,8.93,0.25,3.54,0.38562091503267976,0.3948412698412698,0.8948412698412698,0.08035674603174602,0.17896825396825397,0.25932499999999997,5.130675,40.7735761589404,2024-02
HV0003,B03404,B03404,2024-02-07 10:09:37,2024-02-07 10:09:53,2024-02-07 10:11:21,2024-02-07 10:22:38,14,227,1.66,677,8.55,0.0,0.24,0.76,0.0,0.0,0.0,8.54,N,N,N,N,N,104.0,16.0,88.0,781.0,10,Wednesday,Bay Ridge,Brooklyn,Sunset Park East,Brooklyn,-74.02989257930119,40.62483341741767,-74.0046526133707,40.64188580330356,3.143,8.790000000000001,8.55,0.24,0.010000000000001563,0.0011376564277589946,0.039231905465288035,1.699231905465288,0.15259102511078287,0.33984638109305765,0.4924374062038405,8.047562593796158,37.095038844642986,2024-02
HV0003,B03404,B03404,2024-02-20 09:09:13,2024-02-20 09:11:29,2024-02-20 09:12:20,2024-02-20 09:26:11,53,92,2.97,831,16.11,0.0,0.44,1.43,0.0,0.0,0.0,11.71,N,N,N,N,N,187.0,136.0,51.0,1018.0,9,Tuesday,College Point,Queens,Flushing,Queens,-73.84281303024585,40.78091097765128,-73.8288586430752,40.76110071120437,3.143,16.55,16.11,0.44,4.399999999999999,0.2658610271903322,0.4860649819494586,3.4560649819494587,0.3103546353790614,0.6912129963898918,1.0015676317689532,10.708432368231048,37.86871957331215,2024-02
HV0003,B03404,B03404,2024-02-12 21:36:54,2024-02-12 21:38:29,2024-02-12 21:38:41,2024-02-12 21:52:53,63,77,2.68,852,13.39,0.0,0.37,1.19,0.0,0.0,0.0,12.53,N,N,N,N,N,107.0,95.0,12.0,959.0,21,Monday,Cypress Hills,Brooklyn,East New York/Pennsylvania Avenue,Brooklyn,-73.87817291227658,40.68383923597394,-73.89536398494168,40.666558142144005,3.143,13.76,13.39,0.37,0.8600000000000012,0.06250000000000008,0.29882629107981223,2.9788262910798124,0.2674986009389671,0.5957652582159625,0.8632638591549295,11.66673614084507,43.795881237791704,2024-02
HV0003,B03404,B03404,2024-02-16 08:36:36,2024-02-16 08:40:49,2024-02-16 08:40:53,2024-02-16 09:03:22,239,200,9.3,1349,44.46,3.18,1.31,4.23,2.75,0.0,5.29,24.9,N,N,N,N,N,257.0,253.0,4.0,1606.0,8,Friday,Upper West Side South,Manhattan,Riverdale/North Riverdale/Fieldston,Bronx,-73.97863166507607,40.783960878966745,-73.90698736246745,40.89952795847699,3.143,56.99,44.46,7.24,24.85,0.43604141077381997,1.7441808747220164,11.044180874722016,0.9917674425500371,2.208836174944403,3.2006036174944406,21.699396382505558,48.64123722105853,2024-02
HV0003,B03404,B03404,2024-02-22 16:59:37,2024-02-22 17:02:42,2024-02-22 17:04:18,2024-02-22 17:27:53,20,169,1.94,1415,15.16,0.0,0.42,1.35,0.0,0.0,0.0,15.85,N,N,N,N,N,281.0,185.0,96.0,1696.0,17,Thursday,Belmont,Bronx,Mount Hope,Bronx,-73.88586731138831,40.857778885275984,-73.90512230176171,40.849057751559215,3.143,15.58,15.16,0.42,-0.6899999999999995,-0.04428754813863925,0.2536395759717315,2.1936395759717313,0.19698883392226144,0.4387279151943463,0.6357167491166077,15.214283250883392,32.29446916461097,2024-02
HV0003,B03404,B03404,2024-02-20 19:23:42,2024-02-20 19:25:22,2024-02-20 19:25:56,2024-02-20 19:40:59,135,28,2.47,903,16.08,0.0,0.44,1.43,0.0,0.0,0.0,11.74,N,N,N,N,N,134.0,100.0,34.0,1037.0,19,Tuesday,Kew Gardens Hills,Queens,Briarwood/Jamaica Hills,Queens,-73.82119512222988,40.72837651566491,-73.80872941622545,40.71159574889735,3.143,16.52,16.08,0.44,4.339999999999998,0.26271186440677957,0.2735326688815061,2.7435326688815063,0.24636923366555927,0.5487065337763013,0.7950757674418606,10.94492423255814,37.995879688726426,2024-02
HV0003,B03404,B03404,2024-02-08 14:29:38,2024-02-08 14:30:59,2024-02-08 14:31:32,2024-02-08 14:44:21,90,50,1.83,769,16.27,0.0,0.45,1.44,2.75,0.0,0.0,9.63,N,N,N,N,N,114.0,81.0,33.0,883.0,14,Thursday,Flatiron,Manhattan,Clinton West,Manhattan,-73.9969712245153,40.742278038328486,-73.99513507723576,40.76623709408489,3.143,19.47,16.27,3.2,6.639999999999999,0.3410374935798664,0.19275682704811445,2.0227568270481147,0.18164356306892068,0.40455136540962294,0.5861949284785436,9.043805071521458,36.87168545580662,2024-02
HV0003,B03404,B03404,2024-02-10 08:01:42,2024-02-10 08:04:08,2024-02-10 08:04:08,2024-02-10 08:13:17,244,152,1.82,549,14.28,0.0,0.39,1.27,0.0,0.0,0.0,7.55,N,N,N,N,N,146.0,146.0,0.0,695.0,8,Saturday,Washington Heights South,Manhattan,Manhattanville,Manhattan,-73.9413990935137,40.84170795917971,-73.95378198907079,40.81797460055961,3.143,14.67,14.28,0.39,6.7299999999999995,0.4587593728698023,0.48400728597449905,2.304007285974499,0.20689985428051,0.46080145719489984,0.6677013114754098,6.88229868852459,35.64931694775327,2024-02
HV0003,B03404,B03404,2024-02-24 12:18:04,2024-02-24 12:18:52,2024-02-24 12:20:18,2024-02-24 12:45:54,239,31,10.53,1536,28.69,0.0,0.79,2.55,2.75,0.0,0.0,28.28,N,N,N,N,N,134.0,48.0,86.0,1670.0,12,Saturday,Upper West Side South,Manhattan,Bronx Park,Bronx,-73.97863166507607,40.783960878966745,-73.87547596096849,40.85774514357254,3.143,32.230000000000004,28.69,3.54,0.41000000000000014,0.012721067328575864,0.3290625,10.859062499999999,0.9751438124999997,2.1718124999999997,3.1469563124999995,25.133043687500003,54.17901633233533,2024-02
HV0003,B03404,B03404,2024-02-07 10:36:30,2024-02-07 10:38:13,2024-02-07 10:38:44,2024-02-07 10:43:16,80,80,0.84,272,5.84,0.0,0.16,0.52,0.0,0.0,0.0,7.38,N,N,N,N,N,134.0,103.0,31.0,406.0,10,Wednesday,East Williamsburg,Brooklyn,East Williamsburg,Brooklyn,-73.93679348509205,40.71536904490185,-73.93679348509205,40.71536904490185,3.143,6.0,5.84,0.16,-1.54,-0.25666666666666665,0.3180882352941176,1.1580882352941175,0.10399632352941174,0.2316176470588235,0.3356139705882353,7.044386029411765,62.46253622138511,2024-02
HV0003,B03404,B03404,2024-02-03 07:13:49,2024-02-03 07:14:18,2024-02-03 07:16:19,2024-02-03 07:32:08,255,36,3.04,949,16.26,0.0,0.45,1.44,0.0,0.0,0.0,12.91,N,N,N,N,N,150.0,29.0,121.0,1099.0,7,Saturday,Williamsburg (North Side),Brooklyn,Bushwick North,Brooklyn,-73.95741799903575,40.71880332024791,-73.9177095234613,40.700521468719735,3.143,16.71,16.26,0.45,3.3500000000000014,0.20047875523638548,0.09289778714436249,3.1328977871443624,0.28133422128556373,0.6265795574288725,0.9079137787144362,12.002086221285564,39.31529608428393,2024-02
HV0003,B03404,B03404,2024-02-23 20:18:49,2024-02-23 20:22:24,2024-02-23 20:26:12,2024-02-23 20:38:11,25,232,2.61,719,15.38,0.0,0.42,1.36,2.75,0.0,1.0,11.19,N,N,N,N,N,443.0,215.0,228.0,1162.0,20,Friday,Boerum Hill,Brooklyn,Two Bridges/Seward Park,Manhattan,-73.98611365960022,40.685633257491546,-73.98302452983464,40.71473195717586,3.143,19.55,15.38,3.17,5.190000000000003,0.2654731457800513,0.7804589707927677,3.3904589707927677,0.3044632155771905,0.6780917941585536,0.9825550097357441,10.207444990264255,31.623753842471015,2024-02
HV0003,B03404,B03404,2024-02-05 07:43:48,2024-02-05 07:48:49,2024-02-05 07:49:05,2024-02-05 08:00:24,179,145,1.74,679,12.47,0.0,0.34,1.11,0.0,0.0,0.0,8.67,N,N,N,N,N,317.0,301.0,16.0,996.0,7,Monday,Old Astoria,Queens,Long Island City/Hunters Point,Queens,-73.92833280320959,40.77156956195687,-73.94889136420674,40.74537869757109,3.143,12.81,12.47,0.34,3.8000000000000007,0.29664324746291965,0.771340206185567,2.511340206185567,0.2255183505154639,0.5022680412371134,0.7277863917525773,7.942213608247423,28.706796174388273,2024-02
HV0003,B03404,B03404,2024-02-07 12:07:06,2024-02-07 12:09:04,2024-02-07 12:09:28,2024-02-07 12:20:28,246,170,1.16,660,23.46,0.0,0.65,2.08,2.75,0.0,0.0,11.79,N,N,N,N,N,142.0,118.0,24.0,802.0,12,Wednesday,West Chelsea/Hudson Yards,Manhattan,Murray Hill,Manhattan,-74.00401522931482,40.75330822391948,-73.97849134130094,40.74774513853527,3.143,26.86,23.46,3.4,11.670000000000002,0.4344750558451229,0.2073939393939394,1.3673939393939394,0.12279197575757574,0.2734787878787879,0.3962707636363636,11.393729236363635,51.14392175923826,2024-02
HV0003,B03404,B03404,2024-02-23 17:59:35,2024-02-23 18:06:32,2024-02-23 18:07:23,2024-02-23 18:16:40,145,112,1.5,557,9.82,0.0,0.27,0.87,0.0,0.0,0.0,7.42,N,N,N,N,N,468.0,417.0,51.0,1025.0,18,Friday,Long Island City/Hunters Point,Queens,Greenpoint,Brooklyn,-73.94889136420674,40.74537869757109,-73.94953985600077,40.72950555799535,3.143,10.09,9.82,0.27,2.4000000000000004,0.2378592666005947,1.122980251346499,2.6229802513464993,0.23554362657091563,0.5245960502692999,0.7601396768402156,6.659860323159784,23.39072893987827,2024-02
HV0003,B03404,B03404,2024-02-17 20:03:29,2024-02-17 20:07:04,2024-02-17 20:08:39,2024-02-17 20:33:20,248,41,6.72,1481,13.63,6.94,0.57,1.83,0.0,0.0,0.0,23.75,N,N,N,N,N,310.0,215.0,95.0,1791.0,20,Saturday,West Farms/Bronx River,Bronx,Central Harlem,Manhattan,-73.87228952703794,40.83416474537906,-73.95129182852196,40.804333323455445,3.143,21.14,13.63,7.510000000000001,-10.12,-0.4787133396404919,0.9755570560432141,7.695557056043214,0.6910610236326805,1.5391114112086428,2.2301724348413234,21.51982756515868,43.25593480433905,2024-02
HV0003,B03404,B03404,2024-02-16 22:04:35,2024-02-16 22:06:32,2024-02-16 22:07:05,2024-02-16 22:24:48,255,79,2.86,1063,39.31,0.0,1.08,3.49,2.75,0.0,0.0,22.26,N,N,N,N,N,150.0,117.0,33.0,1213.0,22,Friday,Williamsburg (North Side),Brooklyn,East Village,Manhattan,-73.95741799903575,40.71880332024791,-73.98593725800136,40.72761958691338,3.143,43.14,39.31,3.83,17.05,0.3952248493277701,0.31478833490122293,3.1747883349012227,0.2850959924741298,0.6349576669802446,0.9200536594543745,21.339946340545627,63.333723681751245,2024-02
HV0003,B03404,B03404,2024-02-22 13:11:46,2024-02-22 13:15:52,2024-02-22 13:17:22,2024-02-22 13:50:38,219,95,7.51,1996,32.24,0.0,0.89,2.86,0.0,0.0,0.0,29.63,N,N,N,N,N,336.0,246.0,90.0,2332.0,13,Thursday,Springfield Gardens South,Queens,Forest Hills,Queens,-73.76450535543216,40.66218473801039,-73.84766918479201,40.72143087062858,3.143,33.13,32.24,0.89,2.610000000000003,0.0787805614246907,0.9255811623246493,8.435581162324649,0.7575151883767534,1.6871162324649298,2.444631420841683,27.185368579158315,41.967121305733244,2024-02
HV0003,B03404,B03404,2024-02-29 19:40:54,2024-02-29 19:44:40,2024-02-29 19:45:57,2024-02-29 19:54:19,168,167,1.38,502,9.82,0.0,0.27,0.87,0.0,0.0,0.0,6.53,N,N,N,N,N,303.0,226.0,77.0,805.0,19,Thursday,Mott Haven/Port Morris,Bronx,Morrisania/Melrose,Bronx,-73.91682135545611,40.80734651795231,-73.90235192494784,40.827512011036994,3.143,10.09,9.82,0.27,3.29,0.3260654112983152,0.6212749003984063,2.001274900398406,0.17971448605577686,0.40025498007968124,0.5799694661354581,5.950030533864542,26.608832201133353,2024-02
HV0003,B03404,B03404,2024-02-01 07:18:14,2024-02-01 07:30:47,2024-02-01 07:30:58,2024-02-01 07:43:50,244,116,2.31,772,17.89,0.0,0.49,1.59,0.0,0.0,0.0,10.3,N,N,N,N,N,764.0,753.0,11.0,1536.0,7,Thursday,Washington Heights South,Manhattan,Hamilton Heights,Manhattan,-73.9413990935137,40.84170795917971,-73.94852161825773,40.82701211556071,3.143,18.38,17.89,0.49,7.59,0.4129488574537541,2.2531476683937823,4.563147668393782,0.4097706606217616,0.9126295336787564,1.322400194300518,8.977599805699484,21.041249544608164,2024-02
HV0003,B03404,B03404,2024-02-08 12:55:29,2024-02-08 13:00:46,2024-02-08 13:01:56,2024-02-08 13:27:45,242,159,4.13,1549,23.21,0.0,0.64,2.06,0.0,0.0,0.0,31.53,N,N,N,N,N,387.0,317.0,70.0,1936.0,13,Thursday,Van Nest/Morris Park,Bronx,Melrose South,Bronx,-73.85067119492659,40.84678260105803,-73.9128491499624,40.81825923634175,3.143,23.85,23.21,0.64,-8.32,-0.3488469601677149,0.8451969012265979,4.975196901226598,0.44677268173014845,0.9950393802453196,1.441812061975468,30.088187938024532,55.94910980211173,2024-02
HV0003,B03404,B03404,2024-02-15 20:35:25,2024-02-15 20:43:29,2024-02-15 20:43:47,2024-02-15 21:07:01,170,239,3.64,1394,26.11,0.0,0.72,2.32,2.75,0.0,0.0,17.88,N,N,N,N,N,502.0,484.0,18.0,1896.0,20,Thursday,Murray Hill,Manhattan,Upper West Side South,Manhattan,-73.97849134130094,40.74774513853527,-73.97863166507607,40.783960878966745,3.143,29.58,26.11,3.4699999999999998,8.23,0.2782285327924273,1.263816355810617,4.903816355810617,0.4403627087517934,0.9807632711621235,1.4211259799139169,16.458874020086082,31.251026620416614,2024-02
HV0003,B03404,B03404,2024-02-20 18:16:54,2024-02-20 18:20:44,2024-02-20 18:21:14,2024-02-20 18:28:53,76,222,1.41,459,10.69,0.0,0.29,0.95,0.0,0.0,0.0,7.16,N,N,N,N,N,260.0,230.0,30.0,719.0,18,Tuesday,East New York,Brooklyn,Starrett City,Brooklyn,-73.87682032859912,40.66093356035302,-73.88241288548672,40.64752638452626,3.143,10.979999999999999,10.69,0.29,3.5299999999999994,0.3214936247723133,0.7065359477124182,2.116535947712418,0.19006492810457515,0.42330718954248364,0.6133721176470588,6.546627882352942,32.77866533584227,2024-02
HV0003,B03404,B03404,2024-02-27 08:35:10,2024-02-27 08:37:51,2024-02-27 08:38:00,2024-02-27 08:45:07,221,206,1.42,427,8.86,0.0,0.24,0.79,0.0,0.0,0.0,6.89,N,N,N,N,N,170.0,161.0,9.0,597.0,8,Tuesday,Stapleton,Staten Island,Saint George/New Brighton,Staten Island,-74.07370346784535,40.61876794148682,-74.10231448191689,40.638972921799166,3.143,9.1,8.86,0.24,1.9699999999999998,0.21648351648351646,0.5354098360655737,1.9554098360655736,0.1755958032786885,0.3910819672131147,0.5666777704918032,6.323322229508197,38.13058630859214,2024-02
HV0003,B03404,B03404,2024-02-10 03:25:58,2024-02-10 03:29:49,2024-02-10 03:31:00,2024-02-10 03:40:03,107,229,2.18,543,16.69,0.0,0.46,1.48,2.75,0.0,0.0,8.41,N,N,N,N,N,302.0,231.0,71.0,845.0,3,Saturday,Gramercy,Manhattan,Sutton Place/Turtle Bay North,Manhattan,-73.98405192785955,40.73682342425488,-73.96514558738956,40.75672829786632,3.143,19.900000000000002,16.69,3.21,8.280000000000001,0.41608040201005025,0.9274033149171272,3.1074033149171276,0.279044817679558,0.6214806629834255,0.9005254806629835,7.509474519337017,31.993027538003858,2024-02
HV0003,B03404,B03404,2024-02-05 22:56:24,2024-02-05 23:00:09,2024-02-05 23:00:46,2024-02-05 23:12:32,164,90,1.49,706,11.08,0.0,0.3,0.98,2.75,0.0,15.0,14.37,N,N,N,N,N,262.0,225.0,37.0,968.0,23,Monday,Midtown South,Manhattan,Flatiron,Manhattan,-73.98515619423324,40.74857395489648,-73.9969712245153,40.742278038328486,3.143,29.130000000000003,11.08,3.05,11.709999999999999,0.40199107449364907,0.47485835694050993,1.96485835694051,0.17644428045325777,0.392971671388102,0.5694159518413597,13.80058404815864,51.324486129515606,2024-02
HV0003,B03404,B03404,2024-02-01 12:54:31,2024-02-01 12:57:26,2024-02-01 12:57:58,2024-02-01 13:04:40,247,247,0.94,402,8.2,0.0,0.23,0.73,0.0,0.0,0.0,5.4,N,N,N,N,N,207.0,175.0,32.0,609.0,12,Thursday,West Concourse,Bronx,West Concourse,Bronx,-73.92440974289835,40.82898691319468,-73.92440974289835,40.82898691319468,3.143,8.43,8.2,0.23,2.799999999999999,0.3321470937129299,0.4092039800995025,1.3492039800995024,0.1211585174129353,0.26984079601990046,0.3909993134328358,5.009000686567164,29.60985627527388,2024-02
HV0003,B03404,B03404,2024-02-03 22:24:58,2024-02-03 22:29:13,2024-02-03 22:29:19,2024-02-03 22:49:07,64,260,12.22,1188,26.8,0.0,0.74,2.38,0.0,0.0,5.98,28.23,N,N,N,N,N,261.0,255.0,6.0,1449.0,22,Saturday,Douglaston,Queens,Woodside,Queens,-73.7393367458354,40.76061368124985,-73.90630705433507,40.74423288564698,3.143,33.519999999999996,26.8,0.74,4.550000000000001,0.13573985680190934,2.622979797979798,14.8429797979798,1.332899585858586,2.96859595959596,4.3014955454545465,23.928504454545454,59.44970050818746,2024-02
HV0003,B03404,B03404,2024-02-16 09:14:16,2024-02-16 09:14:57,2024-02-16 09:16:18,2024-02-16 09:47:46,223,242,8.37,1888,29.91,6.94,1.01,3.27,0.0,0.0,0.0,28.75,N,N,N,N,N,122.0,41.0,81.0,2010.0,9,Friday,Steinway,Queens,Van Nest/Morris Park,Bronx,-73.90540723993595,40.77742599740797,-73.85067119492659,40.84678260105803,3.143,37.86,29.91,7.95,1.1600000000000001,0.030639197041732704,0.18176377118644066,8.55176377118644,0.7679483866525423,1.710352754237288,2.4783011408898306,26.27169885911017,47.05378900139135,2024-02
HV0003,B03404,B03404,2024-02-07 18:00:00,2024-02-07 17:58:43,2024-02-07 18:01:37,2024-02-07 18:19:21,230,234,2.14,1064,67.0,0.0,1.84,5.95,2.75,0.0,15.5,48.24,N,N,N,N,N,97.0,-77.0,174.0,1161.0,18,Wednesday,Times Sq/Theatre District,Manhattan,Union Sq,Manhattan,-73.98419629996178,40.7598170009371,-73.99045767416112,40.74033681887629,3.143,87.09,67.0,4.59,34.26,0.39338615225628654,-0.1548684210526316,1.9851315789473685,0.17826481578947367,0.3970263157894737,0.5752911315789474,47.66470886842105,147.79754687882496,2024-02
HV0003,B03404,B03404,2024-02-08 17:43:54,2024-02-08 17:45:59,2024-02-08 17:48:00,2024-02-08 18:05:11,172,214,3.46,1031,21.52,0.0,0.59,1.91,0.0,0.0,0.0,20.49,N,N,N,N,N,246.0,125.0,121.0,1277.0,17,Thursday,New Dorp/Midland Beach,Staten Island,South Beach/Dongan Hills,Staten Island,-74.10501915168439,40.57176861427633,-74.0855126589004,40.58678618255626,3.143,22.11,21.52,0.59,1.0300000000000011,0.04658525554047947,0.41949563530552864,3.8794956353055285,0.34837870805043647,0.7758991270611058,1.1242778351115423,19.365722164888457,54.594048389662056,2024-02
HV0003,B03404,B03404,2024-02-24 20:11:45,2024-02-24 20:13:31,2024-02-24 20:15:18,2024-02-24 20:42:01,127,83,12.23,1603,32.43,6.94,1.08,3.49,0.0,0.0,0.0,31.14,N,N,N,N,N,213.0,106.0,107.0,1816.0,20,Saturday,Inwood,Manhattan,Elmhurst/Maspeth,Queens,-73.91930824408637,40.86607442573871,-73.89217328348057,40.738323179532586,3.143,40.449999999999996,32.43,8.02,1.2899999999999991,0.03189122373300369,0.8087211478477855,13.038721147847786,1.1708771590767313,2.6077442295695574,3.7786213886462887,27.36137861135371,54.240618392551404,2024-02
HV0003,B03404,B03404,2024-02-13 22:51:09,2024-02-13 22:53:19,2024-02-13 22:55:20,2024-02-13 23:19:34,230,182,12.67,1454,34.97,0.0,0.96,3.1,2.75,0.0,0.0,30.33,N,N,N,N,N,251.0,130.0,121.0,1705.0,22,Tuesday,Times Sq/Theatre District,Manhattan,Parkchester,Bronx,-73.98419629996178,40.7598170009371,-73.85798692430247,40.837748057064935,3.143,38.68,34.97,3.71,4.640000000000001,0.11995863495346434,1.132806052269601,13.8028060522696,1.23949198349381,2.76056121045392,4.00005319394773,26.32994680605227,55.59402258169394,2024-02
HV0003,B03404,B03404,2024-02-03 14:56:11,2024-02-03 15:00:31,2024-02-03 15:00:40,2024-02-03 15:32:43,231,230,4.11,1923,33.36,0.0,0.92,2.96,2.75,0.0,3.99,23.48,N,N,N,N,N,269.0,260.0,9.0,2192.0,15,Saturday,TriBeCa/Civic Center,Manhattan,Times Sq/Theatre District,Manhattan,-74.00787947243188,40.717772159208046,-73.98419629996178,40.7598170009371,3.143,41.02,33.36,3.67,13.870000000000001,0.33812774256460265,0.5556942277691108,4.665694227769111,0.4189793416536661,0.9331388455538223,1.3521181872074886,22.127881812792513,36.34141173633807,2024-02
HV0003,B03404,B03404,2024-02-11 01:45:33,2024-02-11 01:47:06,2024-02-11 01:48:28,2024-02-11 02:01:09,243,20,3.68,761,19.65,0.0,0.54,1.74,0.0,0.0,3.28,11.99,N,N,N,N,N,175.0,93.0,82.0,936.0,1,Sunday,Washington Heights North,Manhattan,Belmont,Bronx,-73.93283150973461,40.85710754449232,-73.88586731138831,40.857778885275984,3.143,23.47,19.65,0.54,10.94,0.46612697060076697,0.4497240473061761,4.129724047306176,0.37084921944809457,0.8259448094612353,1.1967940289093297,10.793205971090671,41.512330658041044,2024-02
HV0003,B03404,B03404,2024-02-13 07:52:45,2024-02-13 07:53:33,2024-02-13 07:54:29,2024-02-13 08:01:22,249,114,0.96,413,9.11,0.0,0.25,0.81,2.75,0.0,0.0,5.39,N,N,N,N,N,104.0,48.0,56.0,517.0,7,Tuesday,West Village,Manhattan,Greenwich Village South,Manhattan,-74.00287478437944,40.73457538224023,-73.99737994674842,40.72833985411046,3.143,12.11,9.11,3.0,3.7199999999999998,0.30718414533443433,0.11157384987893462,1.0715738498789347,0.09622733171912833,0.21431476997578694,0.31054210169491525,5.079457898305084,35.36953275415533,2024-02
HV0003,B03404,B03404,2024-02-25 05:57:19,2024-02-25 05:57:43,2024-02-25 05:57:59,2024-02-25 06:08:38,87,79,3.88,639,18.13,0.0,0.5,1.61,2.75,0.0,0.0,11.11,N,N,N,N,N,40.0,24.0,16.0,679.0,5,Sunday,Financial District North,Manhattan,East Village,Manhattan,-74.0074957883342,40.70680798106304,-73.98593725800136,40.72761958691338,3.143,21.38,18.13,3.25,7.02,0.3283442469597755,0.14572769953051642,4.025727699530516,0.3615103474178403,0.8051455399061033,1.1666558873239437,9.943344112676055,52.71876112759028,2024-02
HV0003,B03404,B03404,2024-02-25 18:57:56,2024-02-25 19:02:01,2024-02-25 19:02:48,2024-02-25 19:14:10,61,17,1.55,682,7.34,0.0,0.2,0.65,0.0,0.0,0.0,8.45,N,N,N,N,N,292.0,245.0,47.0,974.0,19,Sunday,Crown Heights North,Brooklyn,Bedford,Brooklyn,-73.93928693646026,40.67446920571126,-73.94990474718477,40.69150649558427,3.143,7.54,7.34,0.2,-1.1099999999999994,-0.14721485411140575,0.5568181818181819,2.106818181818182,0.1891922727272727,0.4213636363636364,0.6105559090909091,7.83944409090909,28.9753580362143,2024-02
HV0003,B03404,B03404,2024-02-10 04:16:54,2024-02-10 04:21:36,2024-02-10 04:22:16,2024-02-10 04:38:45,230,74,4.64,989,22.6,0.0,0.62,2.01,2.75,0.0,0.0,23.2,N,N,N,N,N,322.0,282.0,40.0,1311.0,4,Saturday,Times Sq/Theatre District,Manhattan,East Harlem North,Manhattan,-73.98419629996178,40.7598170009371,-73.93734546230694,40.80116855904873,3.143,25.970000000000002,22.6,3.37,-0.5999999999999979,-0.023103581055063452,1.3230333670374115,5.963033367037411,0.5354803963599595,1.1926066734074823,1.7280870697674418,21.47191293023256,58.96177463679421,2024-02
HV0003,B03404,B03404,2024-02-20 14:50:23,2024-02-20 14:53:08,2024-02-20 14:53:16,2024-02-20 15:00:21,245,245,1.38,425,8.16,0.0,0.22,0.72,0.0,0.0,0.0,6.8,N,N,N,N,N,173.0,165.0,8.0,598.0,14,Tuesday,West Brighton,Staten Island,West Brighton,Staten Island,-74.10286029241341,40.63004903591536,-74.10286029241341,40.63004903591536,3.143,8.38,8.16,0.22,1.3600000000000003,0.162291169451074,0.5357647058823529,1.9157647058823528,0.17203567058823527,0.3831529411764706,0.5551886117647058,6.244811388235294,37.59418227031281,2024-02
HV0003,B03404,B03404,2024-02-01 09:49:06,2024-02-01 09:52:17,2024-02-01 09:52:20,2024-02-01 10:05:33,178,26,2.23,793,16.31,0.0,0.45,1.45,0.0,0.0,0.0,10.39,Y,N,N,N,N,194.0,191.0,3.0,987.0,9,Thursday,Ocean Parkway South,Brooklyn,Borough Park,Brooklyn,-73.9703257591723,40.61731435955054,-73.9886606263467,40.63094893241426,3.143,16.759999999999998,16.31,0.45,5.919999999999998,0.35322195704057274,0.5371122320302648,2.767112232030265,0.24848667843631775,0.553422446406053,0.8019091248423708,9.58809087515763,34.971760030970074,2024-02
HV0003,B03404,B03404,2024-02-05 21:22:47,2024-02-05 21:27:37,2024-02-05 21:27:56,2024-02-05 21:30:37,220,220,0.61,161,8.92,0.0,0.25,0.79,0.0,0.0,0.0,12.64,N,N,N,N,N,309.0,290.0,19.0,470.0,21,Monday,Spuyten Duyvil/Kingsbridge,Bronx,Spuyten Duyvil/Kingsbridge,Bronx,-73.91066473993713,40.88240269359515,-73.91066473993713,40.88240269359515,3.143,9.17,8.92,0.25,-3.7200000000000006,-0.40567066521265,1.0987577639751553,1.7087577639751554,0.15344644720496894,0.3417515527950311,0.495198,12.144802,93.02401531914893,2024-02
HV0003,B03404,B03404,2024-02-10 18:25:44,2024-02-10 18:27:39,2024-02-10 18:27:45,2024-02-10 18:56:11,106,4,7.35,1706,26.17,6.94,0.91,2.94,2.75,0.0,6.39,32.21,N,N,N,N,N,121.0,115.0,6.0,1827.0,18,Saturday,Gowanus,Brooklyn,Alphabet City,Manhattan,-73.99064748886755,40.67351226923787,-73.97696809691621,40.723751540194456,3.143,43.16,26.17,10.600000000000001,0.3500000000000014,0.008109360518999107,0.49545720984759667,7.845457209847597,0.7045220574443142,1.5690914419695194,2.2736134994138335,29.936386500586167,58.987953695736294,2024-02
HV0003,B03404,B03404,2024-02-28 15:57:30,2024-02-28 16:00:14,2024-02-28 16:02:16,2024-02-28 16:08:52,49,97,0.92,396,9.95,0.0,0.27,0.88,0.0,0.0,0.0,5.46,N,N,N,N,N,286.0,164.0,122.0,682.0,16,Wednesday,Clinton Hill,Brooklyn,Fort Greene,Brooklyn,-73.96236330714036,40.68796671165343,-73.97488192727519,40.69078610719341,3.143,10.219999999999999,9.95,0.27,4.489999999999999,0.43933463796477495,0.381010101010101,1.301010101010101,0.11683070707070706,0.2602020202020202,0.3770327272727273,5.082967272727273,26.830912290055984,2024-02
HV0003,B03404,B03404,2024-02-14 12:41:44,2024-02-14 12:46:20,2024-02-14 12:46:29,2024-02-14 13:05:02,48,170,0.89,1113,20.78,0.0,0.57,1.84,2.75,0.0,0.0,12.04,N,N,N,N,N,285.0,276.0,9.0,1398.0,12,Wednesday,Clinton East,Manhattan,Murray Hill,Manhattan,-73.98984463380468,40.762252049908085,-73.97849134130094,40.74774513853527,3.143,24.1,20.78,3.32,8.740000000000002,0.3626556016597511,0.22070080862533692,1.110700808625337,0.09974093261455526,0.2221401617250674,0.32188109433962264,11.718118905660376,30.175413490970925,2024-02
HV0003,B03404,B03404,2024-02-17 13:23:00,2024-02-17 13:24:45,2024-02-17 13:25:44,2024-02-17 13:50:31,68,263,6.12,1487,36.95,0.0,1.02,3.28,2.75,0.0,0.0,24.97,N,N,N,N,N,164.0,105.0,59.0,1651.0,13,Saturday,East Chelsea,Manhattan,Yorkville West,Manhattan,-73.99991751678058,40.748426777755405,-73.95100985225696,40.77876514921805,3.143,40.720000000000006,36.95,3.77,11.980000000000004,0.294204322200393,0.43214525891055816,6.552145258910558,0.5883826442501681,1.3104290517821118,1.8988116960322798,23.07118830396772,50.30664923942083,2024-02
HV0003,B03404,B03404,2024-02-08 19:45:32,2024-02-08 19:48:28,2024-02-08 19:48:28,2024-02-08 20:10:50,36,189,3.52,1342,22.35,0.0,0.61,1.98,0.0,0.0,0.0,17.25,N,N,N,N,N,176.0,176.0,0.0,1518.0,19,Thursday,Bushwick North,Brooklyn,Prospect Heights,Brooklyn,-73.9177095234613,40.700521468719735,-73.96758660822772,40.67763488015176,3.143,22.96,22.35,0.61,5.100000000000001,0.22212543554006975,0.4616393442622951,3.981639344262295,0.3575512131147541,0.7963278688524591,1.1538790819672131,16.09612091803279,38.17261877794337,2024-02
HV0003,B03404,B03404,2024-02-20 20:34:43,2024-02-20 20:36:06,2024-02-20 20:37:18,2024-02-20 20:41:52,166,151,0.86,274,8.92,0.0,0.25,0.79,0.0,0.0,0.0,5.4,N,N,N,N,N,155.0,83.0,72.0,429.0,20,Tuesday,Morningside Heights,Manhattan,Manhattan Valley,Manhattan,-73.96176346467264,40.809456315241775,-73.96816796764816,40.79796146642212,3.143,9.17,8.92,0.25,3.5199999999999996,0.3838604143947655,0.2605109489051095,1.1205109489051095,0.10062188321167884,0.22410218978102192,0.3247240729927008,5.0752759270073,42.589728058802514,2024-02
HV0003,B03404,B03404,2024-02-03 21:11:22,2024-02-03 21:12:54,2024-02-03 21:17:54,2024-02-03 21:28:08,246,246,1.57,614,26.69,0.0,0.73,2.37,2.75,0.0,0.0,14.9,N,N,N,N,N,392.0,92.0,300.0,1006.0,21,Saturday,West Chelsea/Hudson Yards,Manhattan,West Chelsea/Hudson Yards,Manhattan,-74.00401522931482,40.75330822391948,-74.00401522931482,40.75330822391948,3.143,30.17,26.69,3.48,11.790000000000001,0.3907855485581704,0.23524429967426713,1.8052442996742672,0.1621109381107492,0.36104885993485347,0.5231597980456026,14.376840201954398,51.44793710440938,2024-02
HV0003,B03404,B03404,2024-02-29 15:36:20,2024-02-29 15:38:26,2024-02-29 15:39:22,2024-02-29 15:56:06,246,113,1.86,1004,21.86,0.0,0.6,1.94,2.75,0.0,0.0,12.11,N,N,N,N,N,182.0,126.0,56.0,1186.0,15,Thursday,West Chelsea/Hudson Yards,Manhattan,Greenwich Village North,Manhattan,-74.00401522931482,40.75330822391948,-73.99430449266352,40.73257849687629,3.143,25.21,21.86,3.35,9.75,0.3867512891709639,0.23342629482071714,2.093426294820717,0.18798968127490037,0.41868525896414344,0.6066749402390438,11.503325059760956,34.917344194889914,2024-02
HV0003,B03404,B03404,2024-02-28 11:08:12,2024-02-28 11:09:45,2024-02-28 11:11:13,2024-02-28 11:32:17,237,145,3.5,1264,27.97,0.0,0.77,2.48,2.75,0.0,5.09,16.48,N,N,N,N,N,181.0,93.0,88.0,1445.0,11,Wednesday,Upper East Side South,Manhattan,Long Island City/Hunters Point,Queens,-73.96563449518534,40.76861447337675,-73.94889136420674,40.74537869757109,3.143,36.58,27.97,3.52,16.580000000000002,0.4532531437944233,0.2575158227848101,3.7575158227848102,0.33742492088607595,0.7515031645569621,1.088928085443038,15.391071914556962,38.34453902588586,2024-02
HV0003,B03404,B03404,2024-02-10 21:48:32,2024-02-10 21:52:26,2024-02-10 21:53:59,2024-02-10 22:18:24,65,164,6.5,1465,36.62,0.0,1.01,3.25,2.75,0.0,0.0,33.26,N,N,N,N,N,327.0,234.0,93.0,1792.0,21,Saturday,Downtown Brooklyn/MetroTech,Brooklyn,Midtown South,Manhattan,-73.98608580922685,40.69533700725102,-73.98515619423324,40.74857395489648,3.143,40.379999999999995,36.62,3.76,3.3599999999999994,0.08320950965824665,1.0382252559726963,7.538225255972696,0.6769326279863481,1.5076450511945394,2.1845776791808875,31.07542232081911,62.42830376950268,2024-02
HV0003,B03404,B03404,2024-02-20 08:21:43,2024-02-20 08:31:31,2024-02-20 08:32:55,2024-02-20 08:47:42,39,210,6.87,887,23.22,0.0,0.64,2.06,0.0,0.0,0.0,17.37,N,N,N,N,N,672.0,588.0,84.0,1559.0,8,Tuesday,Canarsie,Brooklyn,Sheepshead Bay,Brooklyn,-73.89973483047997,40.63803639656562,-73.94050746825633,40.59202328403454,3.143,23.86,23.22,0.64,5.849999999999998,0.24518021793797143,4.554182638105975,11.424182638105975,1.0258916009019166,2.284836527621195,3.3107281285231114,14.05927187147689,32.465284629452725,2024-02
HV0003,B03404,B03404,2024-02-05 09:15:16,2024-02-05 09:19:56,2024-02-05 09:21:09,2024-02-05 09:39:48,17,35,3.24,1119,15.44,0.0,0.42,1.37,0.0,0.0,0.0,24.78,Y,N,N,N,N,353.0,280.0,73.0,1472.0,9,Monday,Bedford,Brooklyn,Brownsville,Brooklyn,-73.94990474718477,40.69150649558427,-73.91025783392547,40.66400239681814,3.143,15.86,15.44,0.42,-9.340000000000002,-0.5889029003783104,0.8107238605898123,4.050723860589812,0.3637550026809651,0.8101447721179625,1.1738997747989277,23.606100225201075,57.73231033337219,2024-02
HV0003,B03404,B03404,2024-02-26 17:36:40,2024-02-26 17:46:35,2024-02-26 17:46:35,2024-02-26 17:54:49,215,130,1.13,494,11.56,0.0,0.32,1.03,0.0,0.0,0.0,6.12,N,N,N,N,N,595.0,595.0,0.0,1089.0,17,Monday,South Jamaica,Queens,Jamaica,Queens,-73.79096502686893,40.69442676074992,-73.79398135276409,40.70436829225682,3.143,11.88,11.56,0.32,5.44,0.45791245791245794,1.3610323886639675,2.4910323886639674,0.22369470850202425,0.4982064777327935,0.7219011862348177,5.398098813765182,17.844954756248537,2024-02
HV0003,B03404,B03404,2024-02-29 20:30:21,2024-02-29 20:32:15,2024-02-29 20:33:18,2024-02-29 20:53:18,11,33,7.34,1200,27.9,0.0,0.77,2.48,0.0,0.0,0.0,20.92,N,N,N,N,N,177.0,114.0,63.0,1377.0,20,Thursday,Bath Beach,Brooklyn,Brooklyn Heights,Brooklyn,-74.0074879610041,40.60427244439089,-73.99524997291579,40.69579763638819,3.143,28.669999999999998,27.9,0.77,6.979999999999997,0.24346006278339719,0.6973,8.0373,0.72174954,1.60746,2.32920954,18.59079046,48.60337375163399,2024-02
HV0003,B03404,B03404,2024-02-21 13:03:39,2024-02-21 13:05:54,2024-02-21 13:07:20,2024-02-21 13:27:50,42,236,4.73,1230,16.29,0.0,0.45,1.45,2.75,0.0,4.18,17.78,N,N,N,N,N,221.0,135.0,86.0,1451.0,13,Wednesday,Central Harlem North,Manhattan,Upper East Side North,Manhattan,-73.9407718835631,40.81825672430646,-73.957011704106,40.78043571518905,3.143,23.669999999999998,16.29,3.2,2.6899999999999977,0.11364596535699188,0.5191463414634147,5.249146341463415,0.4713733414634147,1.049829268292683,1.5212026097560978,16.258797390243902,40.338849486476946,2024-02
HV0003,B03404,B03404,2024-02-27 10:20:41,2024-02-27 10:23:34,2024-02-27 10:25:35,2024-02-27 10:49:35,213,42,6.21,1440,26.15,0.0,0.72,2.32,0.0,0.0,0.0,21.69,N,N,N,N,N,294.0,173.0,121.0,1734.0,10,Tuesday,Soundview/Castle Hill,Bronx,Central Harlem North,Manhattan,-73.85813492907864,40.81785812742239,-73.9407718835631,40.81825672430646,3.143,26.869999999999997,26.15,0.72,4.459999999999997,0.16598436918496456,0.7460625,6.9560625,0.6246544125,1.3912125,2.0158669125,19.674133087500003,40.845951046712806,2024-02
HV0003,B03404,B03404,2024-02-26 13:27:54,2024-02-26 13:29:14,2024-02-26 13:30:23,2024-02-26 13:44:27,69,169,2.21,844,8.97,0.0,0.25,0.8,0.0,0.0,0.0,10.84,N,N,N,N,N,149.0,80.0,69.0,993.0,13,Monday,East Concourse/Concourse Village,Bronx,Mount Hope,Bronx,-73.9150298985607,40.83141570129418,-73.90512230176171,40.849057751559215,3.143,9.22,8.97,0.25,-1.8699999999999992,-0.20281995661605196,0.20947867298578196,2.419478672985782,0.2172691848341232,0.4838957345971564,0.7011649194312796,10.13883508056872,36.757106032273306,2024-02
HV0003,B03404,B03404,2024-02-22 08:46:34,2024-02-22 08:49:48,2024-02-22 08:51:34,2024-02-22 08:59:03,208,183,4.02,449,16.09,0.0,0.44,1.43,0.0,0.0,0.0,11.25,N,N,N,N,N,300.0,194.0,106.0,749.0,8,Thursday,Schuylerville/Edgewater Park,Bronx,Pelham Bay,Bronx,-73.82353896872594,40.82331715898944,-73.8315818648629,40.84917189594048,3.143,16.53,16.09,0.44,4.84,0.29280096793708404,1.736926503340757,5.756926503340757,0.5169719999999999,1.1513853006681514,1.6683573006681511,9.581642699331848,46.053289342582985,2024-02
HV0003,B03404,B03404,2024-02-01 17:52:18,2024-02-01 17:57:42,2024-02-01 17:58:34,2024-02-01 18:11:58,145,233,2.5,804,15.34,6.94,0.61,1.98,2.75,0.0,2.76,11.36,N,N,N,N,N,376.0,324.0,52.0,1180.0,17,Thursday,Long Island City/Hunters Point,Queens,UN/Turtle Bay South,Manhattan,-73.94889136420674,40.74537869757109,-73.9704423734757,40.74991338603123,3.143,28.4,15.34,10.3,6.740000000000002,0.2373239436619719,1.007462686567164,3.5074626865671643,0.31497014925373135,0.7014925373134329,1.0164626865671642,10.343537313432835,31.5565545155578,2024-02
HV0003,B03404,B03404,2024-02-03 18:24:25,2024-02-03 18:25:01,2024-02-03 18:26:45,2024-02-03 18:36:16,107,148,1.13,571,14.52,0.0,0.4,1.29,2.75,0.0,0.0,6.85,N,N,N,N,N,140.0,36.0,104.0,711.0,18,Saturday,Gramercy,Manhattan,Lower East Side,Manhattan,-73.98405192785955,40.73682342425488,-73.99089618330311,40.71893779448139,3.143,17.67,14.52,3.15,7.67,0.4340690435766836,0.07124343257443082,1.2012434325744308,0.10787166024518388,0.24024868651488618,0.3481203467600701,6.5018796532399294,32.92090963665787,2024-02
HV0003,B03404,B03404,2024-02-11 23:16:37,2024-02-11 23:27:37,2024-02-11 23:27:39,2024-02-11 23:58:45,181,37,4.05,1866,44.66,0.0,1.23,3.96,0.0,0.0,0.0,50.86,N,N,N,N,N,662.0,660.0,2.0,2528.0,23,Sunday,Park Slope,Brooklyn,Bushwick South,Brooklyn,-73.98141426627474,40.67037356101699,-73.9222368522579,40.694993402702586,3.143,45.88999999999999,44.66,1.23,-6.200000000000003,-0.1351056875136196,1.432475884244373,5.482475884244373,0.49232633440514467,1.0964951768488747,1.5888215112540194,49.27117848874598,70.1646529111889,2024-02
HV0003,B03404,B03404,2024-02-21 08:39:04,2024-02-21 08:42:17,2024-02-21 08:42:22,2024-02-21 08:47:17,81,259,1.12,295,8.92,0.0,0.25,0.79,0.0,0.0,0.0,5.39,N,N,N,N,N,198.0,193.0,5.0,493.0,8,Wednesday,Eastchester,Bronx,Woodlawn/Wakefield,Bronx,-73.83664438560328,40.88093458369951,-73.85221507735194,40.89793162870983,3.143,9.17,8.92,0.25,3.5300000000000002,0.3849509269356598,0.7327457627118645,1.8527457627118646,0.16637656949152543,0.370549152542373,0.5369257220338984,4.853074277966101,35.438270589610475,2024-02
HV0003,B03404,B03404,2024-02-02 07:22:03,2024-02-02 07:26:37,2024-02-02 07:27:01,2024-02-02 07:32:52,214,214,1.39,351,8.91,0.0,0.25,0.79,0.0,0.0,0.0,6.39,N,N,N,N,N,298.0,274.0,24.0,649.0,7,Friday,South Beach/Dongan Hills,Staten Island,South Beach/Dongan Hills,Staten Island,-74.0855126589004,40.58678618255626,-74.0855126589004,40.58678618255626,3.143,9.16,8.91,0.25,2.5200000000000005,0.2751091703056769,1.0850712250712249,2.4750712250712246,0.22226139601139594,0.49501424501424496,0.7172756410256409,5.672724358974358,31.466575797084268,2024-02
HV0003,B03404,B03404,2024-02-11 18:34:43,2024-02-11 18:37:44,2024-02-11 18:38:30,2024-02-11 18:58:13,228,61,3.03,1183,17.01,0.0,0.47,1.51,0.0,0.0,1.0,15.1,N,N,N,N,N,227.0,181.0,46.0,1410.0,18,Sunday,Sunset Park West,Brooklyn,Crown Heights North,Brooklyn,-74.01127289375856,40.652353822117504,-73.93928693646026,40.67446920571126,3.143,18.48,17.01,0.47,2.910000000000002,0.15746753246753256,0.4635925612848689,3.493592561284869,0.3137246120033812,0.6987185122569738,1.012443124260355,14.087556875739644,35.96823032103739,2024-02
HV0003,B03404,B03404,2024-02-22 11:18:07,2024-02-22 11:18:41,2024-02-22 11:20:13,2024-02-22 11:36:31,75,159,2.55,978,15.19,0.0,0.42,1.35,0.0,0.0,0.0,12.54,N,N,N,N,N,126.0,34.0,92.0,1104.0,11,Thursday,East Harlem South,Manhattan,Melrose South,Bronx,-73.94575002008068,40.79001009948004,-73.9128491499624,40.81825923634175,3.143,15.61,15.19,0.42,2.6500000000000004,0.16976297245355546,0.08865030674846626,2.638650306748466,0.23695079754601223,0.5277300613496932,0.7646808588957055,11.775319141104294,38.39777980794879,2024-02
HV0003,B03404,B03404,2024-02-01 09:37:48,2024-02-01 09:38:22,2024-02-01 09:40:20,2024-02-01 10:07:49,25,114,3.39,1649,28.79,0.0,0.79,2.56,2.75,0.0,0.0,19.95,N,N,N,N,N,152.0,34.0,118.0,1801.0,9,Thursday,Boerum Hill,Brooklyn,Greenwich Village South,Manhattan,-73.98611365960022,40.685633257491546,-73.99737994674842,40.72833985411046,3.143,32.33,28.79,3.54,8.84,0.27343025054129294,0.06989690721649484,3.459896907216495,0.31069874226804123,0.6919793814432991,1.0026781237113402,18.947321876288658,37.873602862098366,2024-02
HV0003,B03404,B03404,2024-02-09 17:26:51,2024-02-09 17:30:47,2024-02-09 17:31:12,2024-02-09 17:42:00,233,164,1.48,648,13.64,0.0,0.38,1.21,2.75,0.0,0.0,9.03,N,N,N,N,N,261.0,236.0,25.0,909.0,17,Friday,UN/Turtle Bay South,Manhattan,Midtown South,Manhattan,-73.9704423734757,40.74991338603123,-73.98515619423324,40.74857395489648,3.143,16.770000000000003,13.64,3.13,4.610000000000001,0.27489564698867025,0.5390123456790124,2.0190123456790126,0.1813073086419753,0.40380246913580253,0.5851097777777778,8.444890222222222,33.445109790979096,2024-02
HV0003,B03404,B03404,2024-02-26 17:03:52,2024-02-26 17:05:23,2024-02-26 17:06:15,2024-02-26 17:23:29,216,76,3.43,1034,17.85,0.0,0.49,1.58,0.0,0.0,0.0,14.23,N,N,N,N,N,143.0,91.0,52.0,1177.0,17,Monday,South Ozone Park,Queens,East New York,Brooklyn,-73.81945966887841,40.6761529751015,-73.87682032859912,40.66093356035302,3.143,18.34,17.85,0.49,3.620000000000001,0.19738276990185394,0.3018665377176015,3.7318665377176017,0.33512161508704064,0.7463733075435204,1.081494922630561,13.148505077369439,40.21632818906541,2024-02
HV0003,B03404,B03404,2024-02-24 20:32:46,2024-02-24 20:36:34,2024-02-24 20:37:32,2024-02-24 20:46:08,119,116,1.56,516,8.49,0.0,0.23,0.75,0.0,0.0,0.0,8.45,N,N,N,N,N,286.0,228.0,58.0,802.0,20,Saturday,Highbridge,Bronx,Hamilton Heights,Manhattan,-73.92615739281834,40.83782626996652,-73.94852161825773,40.82701211556071,3.143,8.72,8.49,0.23,0.040000000000000924,0.0045871559633028575,0.6893023255813954,2.2493023255813953,0.20198734883720926,0.4498604651162791,0.6518478139534883,7.798152186046511,35.004174401206285,2024-02
HV0003,B03404,B03404,2024-02-02 22:52:46,2024-02-02 22:54:11,2024-02-02 22:56:12,2024-02-02 23:18:56,4,13,5.08,1364,22.9,0.0,0.63,2.03,2.75,0.0,0.0,20.51,N,N,N,N,N,206.0,85.0,121.0,1570.0,22,Friday,Alphabet City,Manhattan,Battery Park City,Manhattan,-73.97696809691621,40.723751540194456,-74.01607908770592,40.71203749145812,3.143,26.279999999999998,22.9,3.38,2.389999999999997,0.09094368340943673,0.31656891495601175,5.396568914956012,0.4846118885630498,1.0793137829912023,1.563925671554252,18.94607432844575,43.44322775949344,2024-02
HV0003,B03404,B03404,2024-02-20 13:04:34,2024-02-20 13:07:57,2024-02-20 13:08:57,2024-02-20 13:21:17,18,127,1.88,740,16.08,0.0,0.44,1.43,0.0,0.0,0.0,9.42,N,N,N,N,N,263.0,203.0,60.0,1003.0,13,Tuesday,Bedford Park,Bronx,Inwood,Manhattan,-73.890183667512,40.86768169710327,-73.91930824408637,40.86607442573871,3.143,16.52,16.08,0.44,6.659999999999998,0.4031476997578692,0.5157297297297296,2.3957297297297293,0.2151365297297297,0.4791459459459459,0.6942824756756756,8.725717524324324,31.31862720594972,2024-02
HV0003,B03404,B03404,2024-02-11 02:14:40,2024-02-11 02:16:13,2024-02-11 02:17:09,2024-02-11 02:31:43,181,188,2.79,874,17.9,0.0,0.49,1.59,0.0,0.0,0.0,20.13,N,N,N,N,N,149.0,93.0,56.0,1023.0,2,Sunday,Park Slope,Brooklyn,Prospect-Lefferts Gardens,Brooklyn,-73.98141426627474,40.67037356101699,-73.94744189565975,40.65874424163321,3.143,18.389999999999997,17.9,0.49,-2.2300000000000004,-0.12126155519303974,0.29687643020594967,3.0868764302059497,0.2772015034324943,0.61737528604119,0.8945767894736842,19.235423210526314,67.69063886402222,2024-02
HV0003,B03404,B03404,2024-02-27 14:04:33,2024-02-27 14:05:54,2024-02-27 14:06:24,2024-02-27 14:21:20,182,213,1.65,896,12.53,0.0,0.34,1.11,0.0,0.0,0.0,10.59,N,N,N,N,N,111.0,81.0,30.0,1007.0,14,Tuesday,Parkchester,Bronx,Soundview/Castle Hill,Bronx,-73.85798692430247,40.837748057064935,-73.85813492907864,40.81785812742239,3.143,12.87,12.53,0.34,1.9399999999999995,0.15073815073815072,0.14916294642857142,1.7991629464285714,0.16156483258928572,0.3598325892857143,0.521397421875,10.068602578125,35.995004251489576,2024-02
HV0003,B03404,B03404,2024-02-02 17:05:05,2024-02-02 17:11:37,2024-02-02 17:12:24,2024-02-02 17:23:34,45,88,1.18,670,11.53,0.0,0.32,1.02,0.75,0.0,0.0,7.85,Y,N,N,N,N,439.0,392.0,47.0,1109.0,17,Friday,Chinatown,Manhattan,Financial District South,Manhattan,-73.99815128380202,40.71245880657525,-74.01151486998491,40.70335745268971,3.143,12.6,11.53,1.07,3.6799999999999997,0.292063492063492,0.6903880597014925,1.8703880597014924,0.16796084776119402,0.3740776119402985,0.5420384597014924,7.307961540298507,23.722868841365756,2024-02
HV0003,B03404,B03404,2024-02-29 18:31:36,2024-02-29 18:42:13,2024-02-29 18:42:49,2024-02-29 18:56:54,261,246,3.19,845,30.01,0.0,0.83,2.66,2.75,0.0,0.0,14.04,N,N,N,N,N,673.0,637.0,36.0,1518.0,18,Thursday,World Trade Center,Manhattan,West Chelsea/Hudson Yards,Manhattan,-74.01302266265675,40.7091384408997,-74.00401522931482,40.75330822391948,3.143,33.59,30.01,3.58,15.970000000000002,0.47543911878535283,2.4047692307692308,5.594769230769231,0.5024102769230768,1.1189538461538462,1.6213641230769231,12.418635876923076,29.451310380054725,2024-02
HV0003,B03404,B03404,2024-02-20 05:23:24,2024-02-20 05:24:54,2024-02-20 05:26:55,2024-02-20 05:46:08,182,168,5.14,1153,18.26,0.0,0.5,1.62,0.0,0.0,0.0,17.59,N,N,N,N,N,211.0,90.0,121.0,1364.0,5,Tuesday,Parkchester,Bronx,Mott Haven/Port Morris,Bronx,-73.85798692430247,40.837748057064935,-73.91682135545611,40.80734651795231,3.143,18.76,18.26,0.5,0.6700000000000017,0.0357142857142858,0.40121422376409366,5.541214223764094,0.49760103729401556,1.1082428447528188,1.6058438820468344,15.984156117953166,42.18692230544824,2024-02
HV0003,B03404,B03404,2024-02-14 12:04:44,2024-02-14 12:06:17,2024-02-14 12:06:36,2024-02-14 12:22:35,43,230,1.1,959,18.95,0.0,0.52,1.68,2.75,0.0,0.0,10.46,N,N,N,N,N,112.0,93.0,19.0,1071.0,12,Wednesday,Central Park,Manhattan,Times Sq/Theatre District,Manhattan,-73.96555517265493,40.78247645954525,-73.98419629996178,40.7598170009371,3.143,22.22,18.95,3.27,8.489999999999998,0.382088208820882,0.10667361835245048,1.2066736183524505,0.10835929092805005,0.2413347236704901,0.34969401459854016,10.11030598540146,33.984221799668774,2024-02
HV0003,B03404,B03404,2024-02-19 19:34:30,2024-02-19 19:41:56,2024-02-19 19:42:21,2024-02-19 19:53:59,82,129,0.96,698,9.82,0.0,0.27,0.87,0.0,0.0,0.0,7.82,N,N,N,N,N,471.0,446.0,25.0,1169.0,19,Monday,Elmhurst,Queens,Jackson Heights,Queens,-73.8771182418676,40.73949455225884,-73.88531716686686,40.7573109858269,3.143,10.09,9.82,0.27,2.0,0.19821605550049554,0.6134097421203438,1.5734097421203437,0.14129219484240685,0.31468194842406877,0.4559741432664756,7.364025856733525,22.67792393861479,2024-02
HV0003,B03404,B03404,2024-02-17 14:54:02,2024-02-17 14:59:07,2024-02-17 14:59:49,2024-02-17 15:11:51,42,235,3.82,722,14.54,0.0,0.4,1.29,0.0,0.0,0.0,11.8,N,N,N,N,N,347.0,305.0,42.0,1069.0,14,Saturday,Central Harlem North,Manhattan,University Heights/Morris Heights,Bronx,-73.9407718835631,40.81825672430646,-73.91597563385105,40.85252046623772,3.143,14.94,14.54,0.4,2.7399999999999984,0.18340026773761703,1.6137119113573408,5.43371191135734,0.4879473296398892,1.0867423822714681,1.5746897119113572,10.225310288088643,34.43509545100011,2024-02
HV0003,B03404,B03404,2024-02-18 12:47:58,2024-02-18 12:55:00,2024-02-18 13:00:00,2024-02-18 13:20:47,140,90,4.17,1247,65.53,0.0,1.8,5.82,2.75,0.0,0.0,44.22,N,N,N,N,N,722.0,422.0,300.0,1969.0,13,Sunday,Lenox Hill East,Manhattan,Flatiron,Manhattan,-73.9547388423982,40.76548333944988,-73.9969712245153,40.742278038328486,3.143,70.08,65.53,4.55,21.310000000000002,0.30408105022831056,1.4111788291900562,5.581178829190057,0.5011898588612671,1.1162357658380113,1.6174256246992784,42.60257437530072,77.89195924382051,2024-02
HV0003,B03404,B03404,2024-02-28 16:05:30,2024-02-28 16:13:23,2024-02-28 16:13:44,2024-02-28 16:30:11,65,4,4.36,987,18.79,0.0,0.52,1.67,0.75,0.0,0.0,15.01,Y,N,N,N,N,494.0,473.0,21.0,1481.0,16,Wednesday,Downtown Brooklyn/MetroTech,Brooklyn,Alphabet City,Manhattan,-73.98608580922685,40.69533700725102,-73.97696809691621,40.723751540194456,3.143,20.06,18.79,1.27,3.7799999999999994,0.1884346959122632,2.089442755825735,6.449442755825736,0.579159959473151,1.2898885511651472,1.8690485106382981,13.1409514893617,31.942893559555788,2024-02
HV0003,B03404,B03404,2024-02-19 13:05:52,2024-02-19 13:07:48,2024-02-19 13:09:47,2024-02-19 13:30:22,66,189,2.93,1235,19.82,0.0,0.55,1.76,0.0,0.0,0.0,15.46,N,N,N,N,N,235.0,116.0,119.0,1470.0,13,Monday,DUMBO/Vinegar Hill,Brooklyn,Prospect Heights,Brooklyn,-73.98570143908047,40.70225846444536,-73.96758660822772,40.67763488015176,3.143,20.37,19.82,0.55,4.359999999999999,0.21404025527736864,0.27520647773279355,3.2052064777327938,0.28782754170040487,0.6410412955465588,0.9288688372469636,14.531131162753038,35.58644366388499,2024-02
HV0003,B03404,B03404,2024-02-02 09:07:11,2024-02-02 09:08:28,2024-02-02 09:10:06,2024-02-02 09:41:46,50,113,3.98,1900,48.81,0.0,1.34,4.33,2.75,0.0,0.0,33.35,N,N,N,N,N,175.0,77.0,98.0,2075.0,9,Friday,Clinton West,Manhattan,Greenwich Village North,Manhattan,-73.99513507723576,40.76623709408489,-73.99430449266352,40.73257849687629,3.143,52.900000000000006,48.81,4.09,15.46,0.29224952741020793,0.16129473684210524,4.141294736842105,0.371888267368421,0.828258947368421,1.200147214736842,32.14985278526316,55.77805784431199,2024-02
HV0003,B03404,B03404,2024-02-10 22:34:11,2024-02-10 22:41:41,2024-02-10 22:42:28,2024-02-10 22:49:36,143,143,1.21,428,12.69,0.0,0.35,1.13,2.75,0.0,0.0,5.61,N,N,N,N,N,497.0,450.0,47.0,925.0,22,Saturday,Lincoln Square West,Manhattan,Lincoln Square West,Manhattan,-73.9876454292326,40.775964624542496,-73.9876454292326,40.775964624542496,3.143,15.79,12.69,3.1,7.079999999999999,0.4483850538315389,1.2721962616822429,2.482196261682243,0.22290122429906542,0.49643925233644864,0.719340476635514,4.890659523364486,19.03391814498611,2024-02
HV0003,B03404,B03404,2024-02-26 09:10:01,2024-02-26 09:10:35,2024-02-26 09:12:21,2024-02-26 09:18:49,167,69,0.65,388,8.2,0.0,0.23,0.73,0.0,0.0,0.0,5.39,N,N,N,N,N,140.0,34.0,106.0,528.0,9,Monday,Morrisania/Melrose,Bronx,East Concourse/Concourse Village,Bronx,-73.90235192494784,40.827512011036994,-73.9150298985607,40.83141570129418,3.143,8.43,8.2,0.23,2.8099999999999996,0.3333333333333333,0.05695876288659794,0.706958762886598,0.0634848969072165,0.1413917525773196,0.2048766494845361,5.185123350515464,35.35311375351453,2024-02
HV0003,B03404,B03404,2024-02-24 04:00:00,2024-02-24 04:05:29,2024-02-24 04:06:21,2024-02-24 04:23:16,127,3,4.4,1015,24.66,0.0,0.68,2.19,0.0,0.0,0.0,16.57,N,N,N,N,N,381.0,329.0,52.0,1396.0,4,Saturday,Inwood,Manhattan,Allerton/Pelham Gardens,Bronx,-73.91930824408637,40.86607442573871,-73.84742177366226,40.864473188810734,3.143,25.34,24.66,0.68,8.09,0.319258089976322,1.4262068965517243,5.826206896551724,0.5231933793103448,1.1652413793103449,1.6884347586206898,14.88156524137931,38.37652927576326,2024-02
HV0003,B03404,B03404,2024-02-28 10:40:00,2024-02-28 10:20:45,2024-02-28 10:21:42,2024-02-28 10:43:20,108,89,4.19,1298,19.64,0.0,0.54,1.74,0.0,0.0,0.0,17.71,N,N,N,N,N,-1098.0,-1155.0,57.0,200.0,10,Wednesday,Gravesend,Brooklyn,Flatbush/Ditmas Park,Brooklyn,-73.98143160455264,40.58840336656386,-73.96096812758745,40.637899248043546,3.143,20.18,19.64,0.54,1.9299999999999997,0.09563924677898908,-3.728389830508475,0.46161016949152556,0.04145259322033899,0.09232203389830512,0.13377462711864413,17.576225372881357,316.37205671186445,2024-02
HV0003,B03404,B03404,2024-02-28 18:15:36,2024-02-28 18:16:43,2024-02-28 18:18:34,2024-02-28 18:21:37,249,158,0.42,183,18.58,0.0,0.51,1.65,2.75,0.0,0.0,10.61,N,N,N,N,N,178.0,67.0,111.0,361.0,18,Wednesday,West Village,Manhattan,Meatpacking/West Village West,Manhattan,-74.00287478437944,40.73457538224023,-74.00898395410488,40.73503468604606,3.143,21.84,18.58,3.26,7.969999999999999,0.36492673992673985,0.1537704918032787,0.5737704918032787,0.051524590163934424,0.11475409836065574,0.16627868852459016,10.443721311475409,104.14791335543345,2024-02
HV0003,B03404,B03404,2024-02-13 15:37:46,2024-02-13 15:42:10,2024-02-13 15:44:10,2024-02-13 16:05:48,76,225,4.11,1298,21.46,0.0,0.59,1.9,0.0,0.0,0.0,17.61,N,N,N,N,N,384.0,264.0,120.0,1682.0,15,Tuesday,East New York,Brooklyn,Stuyvesant Heights,Brooklyn,-73.87682032859912,40.66093356035302,-73.93188774325893,40.68816752944304,3.143,22.05,21.46,0.59,3.8500000000000014,0.17460317460317465,0.8359322033898307,4.945932203389831,0.4441447118644068,0.9891864406779662,1.433331152542373,16.176668847457627,34.62307244402346,2024-02
HV0003,B03404,B03404,2024-02-10 00:18:16,2024-02-10 00:19:34,2024-02-10 00:21:10,2024-02-10 00:58:15,79,149,12.66,2225,49.27,0.0,1.35,4.37,2.75,0.0,0.0,40.8,N,N,N,N,N,174.0,78.0,96.0,2399.0,0,Saturday,East Village,Manhattan,Madison,Brooklyn,-73.98593725800136,40.72761958691338,-73.94813579159555,40.604913128039314,3.143,53.370000000000005,49.27,4.1,8.470000000000006,0.15870339141839995,0.4438112359550562,13.103811235955057,1.176722248988764,2.6207622471910117,3.797484496179776,37.00251550382022,55.52690946800866,2024-02
HV0003,B03404,B03404,2024-02-17 15:04:10,2024-02-17 15:11:12,2024-02-17 15:12:08,2024-02-17 15:19:33,60,167,1.19,445,9.81,0.0,0.27,0.87,0.0,0.0,0.0,5.74,N,N,N,N,N,478.0,422.0,56.0,923.0,15,Saturday,Crotona Park East,Bronx,Morrisania/Melrose,Bronx,-73.88590012794502,40.83398980020464,-73.90235192494784,40.827512011036994,3.143,10.08,9.81,0.27,4.07,0.4037698412698413,1.128494382022472,2.3184943820224717,0.20820079550561793,0.46369887640449436,0.6718996719101122,5.068100328089888,19.76723854942968,2024-02
HV0003,B03404,B03404,2024-02-16 18:16:36,2024-02-16 18:17:20,2024-02-16 18:17:20,2024-02-16 18:27:26,189,49,1.35,606,13.35,0.0,0.37,1.18,0.0,0.0,0.0,8.47,N,N,N,N,N,44.0,44.0,0.0,650.0,18,Friday,Prospect Heights,Brooklyn,Clinton Hill,Brooklyn,-73.96758660822772,40.67763488015176,-73.96236330714036,40.68796671165343,3.143,13.719999999999999,13.35,0.37,4.879999999999999,0.35568513119533524,0.09801980198019804,1.4480198019801982,0.1300321782178218,0.28960396039603964,0.4196361386138614,8.050363861386138,44.58663061690785,2024-02
HV0003,B03404,B03404,2024-02-24 15:39:29,2024-02-24 15:41:50,2024-02-24 15:41:50,2024-02-24 15:46:03,237,237,0.54,253,9.15,0.0,0.25,0.81,2.75,0.0,0.0,5.39,N,N,N,N,N,141.0,141.0,0.0,394.0,15,Saturday,Upper East Side South,Manhattan,Upper East Side South,Manhattan,-73.96563449518534,40.76861447337675,-73.96563449518534,40.76861447337675,3.143,12.15,9.15,3.0,3.7600000000000007,0.30946502057613173,0.30094861660079053,0.8409486166007906,0.07551718577075099,0.16818972332015814,0.24370690909090914,5.146293090909091,47.02196732810337,2024-02
HV0003,B03404,B03404,2024-02-15 10:12:23,2024-02-15 10:14:14,2024-02-15 10:14:37,2024-02-15 10:39:02,41,248,7.33,1465,22.32,0.0,0.61,1.98,0.0,0.0,0.0,23.4,N,N,N,N,N,134.0,111.0,23.0,1599.0,10,Thursday,Central Harlem,Manhattan,West Farms/Bronx River,Bronx,-73.95129182852196,40.804333323455445,-73.87228952703794,40.83416474537906,3.143,22.93,22.32,0.61,-1.0799999999999983,-0.04709986916703002,0.5553788395904437,7.885378839590444,0.7081070197952217,1.577075767918089,2.2851827877133104,21.114817212286688,47.53805000890061,2024-02
HV0003,B03404,B03404,2024-02-29 13:48:46,2024-02-29 13:50:58,2024-02-29 13:50:58,2024-02-29 14:01:12,113,114,1.02,614,23.22,0.0,0.64,2.06,2.75,0.0,0.0,13.76,N,N,N,N,N,132.0,132.0,0.0,746.0,13,Thursday,Greenwich Village North,Manhattan,Greenwich Village South,Manhattan,-73.99430449266352,40.73257849687629,-73.99737994674842,40.72833985411046,3.143,26.61,23.22,3.39,9.459999999999999,0.3555054490792935,0.21928338762214986,1.2392833876221498,0.11128764820846904,0.24785667752442997,0.359144325732899,13.4008556742671,64.66900861576617,2024-02
HV0003,B03404,B03404,2024-02-21 21:31:34,2024-02-21 21:33:00,2024-02-21 21:33:44,2024-02-21 21:40:05,231,261,1.21,381,9.15,0.0,0.25,0.81,2.75,0.0,0.0,5.39,N,N,N,N,N,130.0,86.0,44.0,511.0,21,Wednesday,TriBeCa/Civic Center,Manhattan,World Trade Center,Manhattan,-74.00787947243188,40.717772159208046,-74.01302266265675,40.7091384408997,3.143,12.15,9.15,3.0,3.7600000000000007,0.30946502057613173,0.27312335958005246,1.4831233595800524,0.13318447769028868,0.2966246719160105,0.4298091496062992,4.9601908503937,34.94459307518066,2024-02
HV0003,B03404,B03404,2024-02-17 19:06:58,2024-02-17 19:13:53,2024-02-17 19:15:17,2024-02-17 19:22:21,254,259,1.3,424,8.95,0.0,0.25,0.79,0.0,0.0,0.0,6.37,N,N,N,N,N,499.0,415.0,84.0,923.0,19,Saturday,Williamsbridge/Olinville,Bronx,Woodlawn/Wakefield,Bronx,-73.85894858301965,40.88215615951764,-73.85221507735194,40.89793162870983,3.143,9.2,8.95,0.25,2.579999999999999,0.2804347826086956,1.2724056603773586,2.572405660377359,0.23100202830188682,0.5144811320754717,0.7454831603773586,5.6245168396226415,21.93744379484454,2024-02
HV0003,B03404,B03404,2024-02-05 19:37:20,2024-02-05 19:41:16,2024-02-05 19:41:36,2024-02-05 20:05:50,226,92,7.24,1454,24.18,0.0,0.66,2.15,0.0,0.0,0.0,23.18,N,N,N,N,N,256.0,236.0,20.0,1710.0,19,Monday,Sunnyside,Queens,Flushing,Queens,-73.92467262943985,40.73769725609221,-73.8288586430752,40.76110071120437,3.143,24.84,24.18,0.66,1.0,0.040257648953301126,1.175130674002751,8.415130674002752,0.7556787345254471,1.6830261348005504,2.4387048693259974,20.741295130674004,43.66588448562948,2024-02
HV0003,B03404,B03404,2024-02-15 07:06:53,2024-02-15 07:19:36,2024-02-15 07:20:41,2024-02-15 07:37:22,181,87,3.31,1001,27.01,0.0,0.74,2.4,2.75,0.0,0.0,13.76,N,N,N,N,N,828.0,763.0,65.0,1829.0,7,Thursday,Park Slope,Brooklyn,Financial District North,Manhattan,-73.98141426627474,40.67037356101699,-74.0074957883342,40.70680798106304,3.143,30.5,27.01,3.49,13.250000000000002,0.43442622950819676,2.5230069930069927,5.833006993006993,0.523804027972028,1.1666013986013988,1.6904054265734267,12.069594573426572,23.756446399308725,2024-02
HV0003,B03404,B03404,2024-02-13 07:37:37,2024-02-13 07:40:00,2024-02-13 07:40:00,2024-02-13 08:03:16,79,228,7.53,1396,39.6,0.0,1.09,3.51,2.75,0.0,0.0,23.25,N,N,N,N,N,143.0,143.0,0.0,1539.0,7,Tuesday,East Village,Manhattan,Sunset Park West,Brooklyn,-73.98593725800136,40.72761958691338,-74.01127289375856,40.652353822117504,3.143,43.440000000000005,39.6,3.84,16.35,0.37638121546961323,0.771339541547278,8.301339541547279,0.7454602908309456,1.6602679083094558,2.4057281991404014,20.844271800859598,48.758530528326546,2024-02
HV0003,B03404,B03404,2024-02-05 08:05:16,2024-02-05 08:07:30,2024-02-05 08:08:29,2024-02-05 08:16:19,249,246,1.41,470,22.12,0.0,0.61,1.96,2.75,0.0,0.0,13.05,N,N,N,N,N,193.0,134.0,59.0,663.0,8,Monday,West Village,Manhattan,West Chelsea/Hudson Yards,Manhattan,-74.00287478437944,40.73457538224023,-74.00401522931482,40.75330822391948,3.143,25.48,22.12,3.36,9.07,0.3559654631083203,0.402,1.8119999999999998,0.16271759999999996,0.3624,0.5251176,12.524882400000001,68.00841122171946,2024-02
HV0003,B03404,B03404,2024-02-23 10:17:57,2024-02-23 10:24:10,2024-02-23 10:24:10,2024-02-23 10:29:53,166,238,1.43,343,10.0,0.0,0.28,0.89,2.75,0.0,0.0,5.4,N,N,N,N,N,373.0,373.0,0.0,716.0,10,Friday,Morningside Heights,Manhattan,Upper West Side North,Manhattan,-73.96176346467264,40.809456315241775,-73.97304858188282,40.79170437688446,3.143,13.03,10.0,3.0300000000000002,4.6,0.35303146584804296,1.5550728862973762,2.985072886297376,0.26805954518950437,0.5970145772594753,0.8650741224489796,4.534925877551021,22.801303294949264,2024-02
HV0003,B03404,B03404,2024-02-10 06:02:43,2024-02-10 06:04:53,2024-02-10 06:06:22,2024-02-10 06:23:02,41,235,5.46,1000,21.42,0.0,0.59,1.9,0.0,0.0,0.0,21.97,N,N,N,N,N,219.0,130.0,89.0,1219.0,6,Saturday,Central Harlem,Manhattan,University Heights/Morris Heights,Bronx,-73.95129182852196,40.804333323455445,-73.91597563385105,40.85252046623772,3.143,22.01,21.42,0.59,-0.5499999999999972,-0.024988641526578696,0.7098,6.1698,0.5540480400000001,1.2339600000000002,1.7880080400000002,20.181991959999998,59.60227322067268,2024-02
HV0003,B03404,B03404,2024-02-24 11:01:12,2024-02-24 11:03:53,2024-02-24 11:05:54,2024-02-24 11:28:29,18,69,3.62,1355,18.87,0.0,0.52,1.67,0.0,0.0,0.0,17.49,N,N,N,N,N,282.0,161.0,121.0,1637.0,11,Saturday,Bedford Park,Bronx,East Concourse/Concourse Village,Bronx,-73.890183667512,40.86768169710327,-73.9150298985607,40.83141570129418,3.143,19.39,18.87,0.52,1.3800000000000026,0.07117070654976805,0.43012546125461254,4.050125461254613,0.3637012664206642,0.8100250922509226,1.1737263586715867,16.31627364132841,35.88184795893847,2024-02
HV0003,B03404,B03404,2024-02-03 20:38:59,2024-02-03 20:39:17,2024-02-03 20:40:58,2024-02-03 20:48:36,161,48,0.76,458,10.07,0.0,0.28,0.89,2.75,0.0,0.0,5.39,N,N,N,N,N,119.0,18.0,101.0,577.0,20,Saturday,Midtown Center,Manhattan,Clinton East,Manhattan,-73.97769778229288,40.758027399461895,-73.98984463380468,40.762252049908085,3.143,13.1,10.07,3.0300000000000002,4.680000000000001,0.3572519083969466,0.029868995633187775,0.7898689956331878,0.07093023580786026,0.15797379912663756,0.22890403493449782,5.161095965065502,32.200945362627046,2024-02
HV0003,B03404,B03404,2024-02-13 07:03:40,2024-02-13 07:06:40,2024-02-13 07:08:35,2024-02-13 07:27:53,129,28,8.25,1158,23.06,0.0,0.63,2.05,0.0,0.0,0.0,21.73,N,N,N,N,N,295.0,180.0,115.0,1453.0,7,Tuesday,Jackson Heights,Queens,Briarwood/Jamaica Hills,Queens,-73.88531716686686,40.7573109858269,-73.80872941622545,40.71159574889735,3.143,23.689999999999998,23.06,0.63,1.3299999999999983,0.05614183199662298,1.282383419689119,9.532383419689118,0.8560080310880829,1.9064766839378238,2.7624847150259066,18.967515284974095,46.99453202058275,2024-02
HV0003,B03404,B03404,2024-02-26 10:43:24,2024-02-26 10:44:39,2024-02-26 10:44:51,2024-02-26 11:36:58,142,101,24.74,3127,92.65,6.94,2.74,8.84,2.75,0.0,0.0,61.91,N,N,N,N,N,87.0,75.0,12.0,3214.0,10,Monday,Lincoln Square East,Manhattan,Glen Oaks,Queens,-73.98153210008745,40.77363265587896,-73.71102562340906,40.74599229129239,3.143,105.08,92.65,12.43,30.74000000000001,0.2925390178911307,0.5933802366485449,25.333380236648544,2.274937545251039,5.066676047329709,7.341613592580748,54.56838640741925,61.12202584527358,2024-02
HV0003,B03404,B03404,2024-02-25 00:27:32,2024-02-25 00:31:06,2024-02-25 00:31:06,2024-02-25 00:35:09,240,200,0.96,243,8.9,0.0,0.24,0.79,0.0,0.0,0.0,12.14,N,N,N,N,N,214.0,214.0,0.0,457.0,0,Sunday,Van Cortlandt Park,Bronx,Riverdale/North Riverdale/Fieldston,Bronx,-73.88197726427191,40.8945982201158,-73.90698736246745,40.89952795847699,3.143,9.14,8.9,0.24,-3.24,-0.3544857768052516,0.845432098765432,1.805432098765432,0.1621278024691358,0.3610864197530864,0.5232142222222222,11.616785777777778,91.51078512035012,2024-02
HV0003,B03404,B03404,2024-02-10 13:23:02,2024-02-10 13:27:53,2024-02-10 13:28:23,2024-02-10 13:46:42,65,79,4.75,1099,17.36,0.0,0.48,1.54,2.75,0.0,0.0,16.57,N,N,N,N,N,321.0,291.0,30.0,1420.0,13,Saturday,Downtown Brooklyn/MetroTech,Brooklyn,East Village,Manhattan,-73.98608580922685,40.69533700725102,-73.98593725800136,40.72761958691338,3.143,20.59,17.36,3.23,0.7899999999999991,0.03836813987372507,1.2577343039126476,6.007734303912647,0.5394945404913557,1.2015468607825295,1.7410414012738853,14.828958598726114,37.5945429263479,2024-02
HV0003,B03404,B03404,2024-02-27 23:10:52,2024-02-27 23:13:03,2024-02-27 23:14:16,2024-02-27 23:34:37,233,36,7.13,1221,24.6,6.94,0.87,2.8,2.75,0.0,0.0,20.85,N,N,N,N,N,204.0,131.0,73.0,1425.0,23,Tuesday,UN/Turtle Bay South,Manhattan,Bushwick North,Brooklyn,-73.9704423734757,40.74991338603123,-73.9177095234613,40.700521468719735,3.143,35.160000000000004,24.6,10.56,3.75,0.10665529010238907,0.764971334971335,7.894971334971335,0.7089684258804259,1.5789942669942671,2.287962692874693,18.56203730712531,46.89356793379026,2024-02
HV0003,B03404,B03404,2024-02-01 20:21:30,2024-02-01 20:21:38,2024-02-01 20:22:14,2024-02-01 20:44:38,255,249,3.24,1344,25.25,0.0,0.69,2.24,2.75,0.0,0.0,16.89,N,N,N,N,N,44.0,8.0,36.0,1388.0,20,Thursday,Williamsburg (North Side),Brooklyn,West Village,Manhattan,-73.95741799903575,40.71880332024791,-74.00287478437944,40.73457538224023,3.143,28.69,25.25,3.44,8.36,0.2913907284768212,0.019285714285714285,3.2592857142857143,0.2926838571428571,0.6518571428571429,0.9445410000000001,15.945459,41.357098270893374,2024-02
HV0003,B03404,B03404,2024-02-20 17:26:02,2024-02-20 17:26:31,2024-02-20 17:26:54,2024-02-20 17:35:52,249,246,1.53,538,12.68,0.0,0.35,1.13,2.75,0.0,3.0,7.07,N,N,N,N,N,52.0,29.0,23.0,590.0,17,Tuesday,West Village,Manhattan,West Chelsea/Hudson Yards,Manhattan,-74.00287478437944,40.73457538224023,-74.00401522931482,40.75330822391948,3.143,18.78,12.68,3.1,8.61,0.45846645367412137,0.0824721189591078,1.6124721189591078,0.14479999628252788,0.3224944237918216,0.46729442007434946,6.602705579925651,40.28769506395312,2024-02
HV0003,B03404,B03404,2024-02-12 11:00:59,2024-02-12 11:01:21,2024-02-12 11:02:46,2024-02-12 11:22:21,238,230,2.9,1175,19.26,0.0,0.53,1.71,2.75,0.0,0.0,14.85,N,N,N,N,N,107.0,22.0,85.0,1282.0,11,Monday,Upper West Side North,Manhattan,Times Sq/Theatre District,Manhattan,-73.97304858188282,40.79170437688446,-73.98419629996178,40.7598170009371,3.143,22.540000000000003,19.26,3.2800000000000002,4.410000000000002,0.19565217391304354,0.05429787234042553,2.9542978723404256,0.2652959489361702,0.5908595744680851,0.8561555234042553,13.993844476595743,39.29628714176652,2024-02
HV0003,B03404,B03404,2024-02-15 16:30:53,2024-02-15 16:36:00,2024-02-15 16:36:18,2024-02-15 16:46:27,235,42,2.25,609,9.83,0.0,0.27,0.87,0.0,0.0,0.0,8.68,N,N,N,N,N,325.0,307.0,18.0,934.0,16,Thursday,University Heights/Morris Heights,Bronx,Central Harlem North,Manhattan,-73.91597563385105,40.85252046623772,-73.9407718835631,40.81825672430646,3.143,10.1,9.83,0.27,1.1500000000000004,0.11386138613861391,1.1342364532019706,3.3842364532019706,0.30390443349753693,0.6768472906403942,0.9807517241379311,7.699248275862068,29.675903418740308,2024-02
HV0003,B03404,B03404,2024-02-27 18:05:14,2024-02-27 18:07:40,2024-02-27 18:08:21,2024-02-27 18:28:32,161,230,0.83,1211,9.13,0.0,0.25,0.81,2.75,0.0,0.0,12.47,N,N,N,N,N,187.0,146.0,41.0,1398.0,18,Tuesday,Midtown Center,Manhattan,Times Sq/Theatre District,Manhattan,-73.97769778229288,40.758027399461895,-73.98419629996178,40.7598170009371,3.143,12.13,9.13,3.0,-3.34,-0.2753503709810387,0.10006606110652352,0.9300660611065235,0.0835199322873658,0.1860132122213047,0.2695331445086705,12.20046685549133,31.417511215857505,2024-02
HV0003,B03404,B03404,2024-02-23 18:57:05,2024-02-23 18:58:14,2024-02-23 19:00:15,2024-02-23 19:05:17,258,258,0.82,302,8.92,0.0,0.25,0.79,0.0,0.0,0.0,5.39,N,N,N,N,N,190.0,69.0,121.0,492.0,19,Friday,Woodhaven,Queens,Woodhaven,Queens,-73.85576684520184,40.68872054521105,-73.85576684520184,40.68872054521105,3.143,9.17,8.92,0.25,3.5300000000000002,0.3849509269356598,0.18735099337748343,1.0073509933774834,0.09046011920529799,0.20147019867549668,0.29193031788079465,5.098069682119205,37.30294889355516,2024-02
HV0003,B03404,B03404,2024-02-24 08:16:55,2024-02-24 08:18:30,2024-02-24 08:18:43,2024-02-24 08:28:55,87,33,2.68,612,14.53,0.0,0.4,1.29,2.75,0.0,0.0,10.52,N,N,N,N,N,108.0,95.0,13.0,720.0,8,Saturday,Financial District North,Manhattan,Brooklyn Heights,Brooklyn,-74.0074957883342,40.70680798106304,-73.99524997291579,40.69579763638819,3.143,17.68,14.53,3.15,4.01,0.22680995475113122,0.41601307189542486,3.096013071895425,0.27802197385620914,0.619202614379085,0.897224588235294,9.622775411764705,48.11387705882352,2024-02
HV0003,B03404,B03404,2024-02-17 09:39:01,2024-02-17 09:44:12,2024-02-17 09:44:24,2024-02-17 10:00:26,72,91,3.47,962,17.86,0.0,0.49,1.59,0.0,0.0,0.0,13.6,N,N,N,N,N,323.0,311.0,12.0,1285.0,9,Saturday,East Flatbush/Remsen Village,Brooklyn,Flatlands,Brooklyn,-73.92225109435532,40.65236395430748,-73.93009732098176,40.62627204277785,3.143,18.349999999999998,17.86,0.49,4.26,0.23215258855585832,1.1217983367983368,4.5917983367983375,0.4123434906444907,0.9183596673596676,1.3307031580041584,12.26929684199584,34.3731273394436,2024-02
HV0003,B03404,B03404,2024-02-10 15:38:58,2024-02-10 15:45:18,2024-02-10 15:47:19,2024-02-10 16:07:55,39,108,8.89,1236,30.94,0.0,0.85,2.75,0.0,0.0,0.0,25.12,N,N,N,N,N,501.0,380.0,121.0,1737.0,15,Saturday,Canarsie,Brooklyn,Gravesend,Brooklyn,-73.89973483047997,40.63803639656562,-73.98143160455264,40.58840336656386,3.143,31.790000000000003,30.94,0.85,5.82,0.18307643913180244,2.733171521035599,11.6231715210356,1.0437608025889968,2.32463430420712,3.368395106796117,21.751604893203883,45.08104641078525,2024-02
HV0003,B03404,B03404,2024-02-11 17:19:13,2024-02-11 17:19:25,2024-02-11 17:21:27,2024-02-11 17:39:32,164,158,2.18,1085,22.44,0.0,0.62,1.99,2.75,0.0,0.0,13.07,N,N,N,N,N,134.0,12.0,122.0,1219.0,17,Sunday,Midtown South,Manhattan,Meatpacking/West Village West,Manhattan,-73.98515619423324,40.74857395489648,-74.00898395410488,40.73503468604606,3.143,25.810000000000002,22.44,3.37,9.370000000000001,0.3630375823324293,0.024110599078341014,2.204110599078341,0.19792913179723504,0.44082211981566827,0.6387512516129032,12.431248748387096,36.712465540765834,2024-02
HV0003,B03404,B03404,2024-02-08 00:34:23,2024-02-08 00:36:33,2024-02-08 00:37:43,2024-02-08 00:42:25,17,225,0.98,282,8.87,0.0,0.24,0.79,0.0,0.0,0.0,5.4,N,N,N,N,N,200.0,130.0,70.0,482.0,0,Thursday,Bedford,Brooklyn,Stuyvesant Heights,Brooklyn,-73.94990474718477,40.69150649558427,-73.93188774325893,40.68816752944304,3.143,9.11,8.87,0.24,3.469999999999999,0.38090010976948396,0.45177304964539006,1.43177304964539,0.128573219858156,0.286354609929078,0.414927829787234,4.985072170212766,37.232904175862984,2024-02
HV0003,B03404,B03404,2024-02-01 12:49:54,2024-02-01 12:51:30,2024-02-01 12:52:49,2024-02-01 13:09:38,7,95,8.16,1009,25.3,0.0,0.7,2.25,0.0,0.0,0.0,20.21,N,N,N,N,N,175.0,96.0,79.0,1184.0,12,Thursday,Astoria,Queens,Forest Hills,Queens,-73.91969416440043,40.761491926149866,-73.84766918479201,40.72143087062858,3.143,26.0,25.3,0.7,5.09,0.19576923076923075,0.7763726461843409,8.93637264618434,0.8024862636273538,1.7872745292368681,2.589760792864222,17.62023920713578,53.57505164331825,2024-02
HV0003,B03404,B03404,2024-02-03 09:20:00,2024-02-03 09:09:22,2024-02-03 09:15:43,2024-02-03 10:02:44,72,113,8.5,2821,56.52,0.0,1.55,5.02,2.75,0.0,0.0,42.94,N,N,N,N,N,-257.0,-638.0,381.0,2564.0,9,Saturday,East Flatbush/Remsen Village,Brooklyn,Greenwich Village North,Manhattan,-73.92225109435532,40.65236395430748,-73.99430449266352,40.73257849687629,3.143,60.82,56.52,4.3,13.580000000000005,0.22328181519237103,-1.9223679546260193,6.5776320453739805,0.5906713576745833,1.3155264090747962,1.9061977667493797,41.03380223325062,57.61376288599931,2024-02
HV0003,B03404,B03404,2024-02-13 10:59:34,2024-02-13 11:02:31,2024-02-13 11:02:31,2024-02-13 11:29:26,196,236,8.17,1615,35.07,0.0,0.96,3.11,2.75,0.0,0.0,25.92,N,N,N,N,N,177.0,177.0,0.0,1792.0,11,Tuesday,Rego Park,Queens,Upper East Side North,Manhattan,-73.86333842618821,40.72615456414307,-73.957011704106,40.78043571518905,3.143,38.78,35.07,3.71,9.149999999999999,0.23594636410520883,0.8954117647058824,9.065411764705882,0.8140739764705881,1.8130823529411764,2.6271563294117644,23.292843670588237,46.79365915966387,2024-02
HV0003,B03404,B03404,2024-02-08 11:44:50,2024-02-08 11:47:11,2024-02-08 11:49:13,2024-02-08 11:56:01,14,14,1.3,408,5.96,0.0,0.16,0.53,0.0,0.0,0.0,5.72,N,N,N,N,N,263.0,141.0,122.0,671.0,11,Thursday,Bay Ridge,Brooklyn,Bay Ridge,Brooklyn,-74.02989257930119,40.62483341741767,-74.02989257930119,40.62483341741767,3.143,6.12,5.96,0.16,0.2400000000000002,0.03921568627450984,0.44926470588235295,1.749264705882353,0.15708397058823528,0.3498529411764706,0.5069369117647059,5.213063088235294,27.96874384150083,2024-02
HV0003,B03404,B03404,2024-02-10 17:16:31,2024-02-10 17:18:12,2024-02-10 17:18:43,2024-02-10 17:39:43,63,198,3.55,1260,17.21,0.0,0.47,1.53,0.0,0.0,0.0,16.5,N,N,N,N,N,132.0,101.0,31.0,1392.0,17,Saturday,Cypress Hills,Brooklyn,Ridgewood,Queens,-73.87817291227658,40.68383923597394,-73.90170912961153,40.706526169337856,3.143,17.68,17.21,0.47,0.7100000000000009,0.040158371040724034,0.2845634920634921,3.834563492063492,0.34434380158730155,0.7669126984126984,1.1112564999999999,15.3887435,39.79847456896552,2024-02
HV0003,B03404,B03404,2024-02-29 23:31:55,2024-02-29 23:39:59,2024-02-29 23:40:46,2024-03-01 00:03:59,113,238,4.96,1393,34.19,0.0,0.94,3.03,2.75,0.0,0.0,21.29,N,N,N,N,N,531.0,484.0,47.0,1924.0,23,Thursday,Greenwich Village North,Manhattan,Upper West Side North,Manhattan,-73.99430449266352,40.73257849687629,-73.97304858188282,40.79170437688446,3.143,37.879999999999995,34.19,3.69,12.899999999999999,0.3405491024287223,1.7233596554199568,6.683359655419957,0.6001656970567121,1.3366719310839914,1.9368376281407036,19.353162371859295,36.21173832572425,2024-02
HV0003,B03404,B03404,2024-02-07 10:13:19,2024-02-07 10:14:11,2024-02-07 10:16:12,2024-02-07 10:42:47,189,211,4.03,1595,34.57,0.0,0.95,3.07,2.75,0.0,0.0,27.88,N,N,N,N,N,173.0,52.0,121.0,1768.0,10,Wednesday,Prospect Heights,Brooklyn,SoHo,Manhattan,-73.96758660822772,40.67763488015176,-74.00153738622468,40.72388757677251,3.143,38.27,34.57,3.7,6.690000000000001,0.17481055657172723,0.1313855799373041,4.1613855799373045,0.3736924250783699,0.8322771159874609,1.2059695410658309,26.67403045893417,54.31363668108767,2024-02
HV0003,B03404,B03404,2024-02-22 09:51:12,2024-02-22 09:53:49,2024-02-22 09:54:14,2024-02-22 10:15:44,235,129,10.94,1290,29.72,6.94,1.01,3.25,0.0,0.0,0.0,26.51,N,N,N,N,N,182.0,157.0,25.0,1472.0,9,Thursday,University Heights/Morris Heights,Bronx,Jackson Heights,Queens,-73.91597563385105,40.85252046623772,-73.88531716686686,40.7573109858269,3.143,37.669999999999995,29.72,7.95,3.2099999999999973,0.08521369790284039,1.3314573643410852,12.271457364341085,1.1019768713178293,2.454291472868217,3.556268344186046,22.953731655813954,56.136843723458036,2024-02
HV0003,B03404,B03404,2024-02-07 10:24:44,2024-02-07 10:25:59,2024-02-07 10:27:58,2024-02-07 10:47:30,41,143,3.05,1172,14.55,0.0,0.4,1.29,2.75,0.0,0.0,15.02,N,N,N,N,N,194.0,75.0,119.0,1366.0,10,Wednesday,Central Harlem,Manhattan,Lincoln Square West,Manhattan,-73.95129182852196,40.804333323455445,-73.9876454292326,40.775964624542496,3.143,17.700000000000003,14.55,3.15,-0.46999999999999886,-0.026553672316384114,0.195179180887372,3.245179180887372,0.29141709044368597,0.6490358361774744,0.9404529266211603,14.079547073378839,37.10568774828977,2024-02
HV0003,B03404,B03404,2024-02-26 18:40:39,2024-02-26 18:44:32,2024-02-26 18:45:13,2024-02-26 18:54:47,171,56,3.49,574,15.2,0.0,0.42,1.35,0.0,0.0,0.0,11.74,N,N,N,N,N,274.0,233.0,41.0,848.0,18,Monday,Murray Hill-Queens,Queens,Corona,Queens,-73.80954545137605,40.768350879648686,-73.85884532361277,40.7414060161842,3.143,15.62,15.2,0.42,3.459999999999999,0.22151088348271442,1.416672473867596,4.906672473867596,0.44061918815331014,0.9813344947735193,1.4219536829268296,10.31804631707317,43.80302681776346,2024-02
HV0003,B03404,B03404,2024-02-29 17:46:11,2024-02-29 17:48:48,2024-02-29 17:48:48,2024-02-29 18:00:19,237,142,1.67,691,15.39,0.0,0.42,1.37,2.75,0.0,0.0,8.69,N,N,N,N,N,157.0,157.0,0.0,848.0,17,Thursday,Upper East Side South,Manhattan,Lincoln Square East,Manhattan,-73.96563449518534,40.76861447337675,-73.98153210008745,40.77363265587896,3.143,18.560000000000002,15.39,3.17,6.700000000000001,0.36099137931034486,0.37943560057887116,2.049435600578871,0.18403931693198258,0.4098871201157742,0.5939264370477568,8.096073562952242,34.370123616306685,2024-02
HV0003,B03404,B03404,2024-02-26 13:45:38,2024-02-26 13:49:15,2024-02-26 13:49:33,2024-02-26 14:03:33,107,170,1.25,840,10.95,0.0,0.3,0.97,2.75,0.0,3.0,9.54,N,N,N,N,N,235.0,217.0,18.0,1075.0,13,Monday,Gramercy,Manhattan,Murray Hill,Manhattan,-73.98405192785955,40.73682342425488,-73.97849134130094,40.74774513853527,3.143,17.0,10.95,3.05,4.41,0.25941176470588234,0.3229166666666667,1.5729166666666667,0.14124791666666667,0.3145833333333334,0.45583125,9.08416875,30.421402325581397,2024-02
HV0003,B03404,B03404,2024-02-03 17:54:22,2024-02-03 17:57:13,2024-02-03 17:57:21,2024-02-03 18:15:18,229,239,2.78,1077,40.94,0.0,1.13,3.63,2.75,0.0,9.69,22.24,N,N,N,N,N,179.0,171.0,8.0,1256.0,17,Saturday,Sutton Place/Turtle Bay North,Manhattan,Upper West Side South,Manhattan,-73.96514558738956,40.75672829786632,-73.97863166507607,40.783960878966745,3.143,54.51,40.94,3.88,28.389999999999997,0.520821867547239,0.44139275766016706,3.221392757660167,0.28928106963788297,0.6442785515320334,0.9335596211699164,21.306440378830082,61.069415098557556,2024-02
HV0003,B03404,B03404,2024-02-22 21:09:45,2024-02-22 21:22:03,2024-02-22 21:22:03,2024-02-22 21:45:13,51,119,8.85,1390,25.97,0.0,0.71,2.3,0.0,0.0,0.0,24.7,N,N,N,N,N,738.0,738.0,0.0,2128.0,21,Thursday,Co-Op City,Bronx,Highbridge,Bronx,-73.82826341101214,40.87397187629544,-73.92615739281834,40.83782626996652,3.143,26.68,25.97,0.71,1.2699999999999996,0.04760119940029983,4.698776978417266,13.548776978417266,1.2166801726618703,2.7097553956834535,3.926435568345324,20.773564431654677,35.143248098663925,2024-02
HV0003,B03404,B03404,2024-02-06 23:09:23,2024-02-06 23:13:37,2024-02-06 23:13:49,2024-02-06 23:16:47,122,122,0.96,178,7.5,0.0,0.21,0.67,0.0,0.0,0.0,13.21,Y,N,N,N,N,266.0,254.0,12.0,444.0,23,Tuesday,Hollis,Queens,Hollis,Queens,-73.76113717815645,40.710638338456064,-73.76113717815645,40.710638338456064,3.143,7.71,7.5,0.21,-5.710000000000001,-0.740596627756161,1.369887640449438,2.3298876404494377,0.20922391011235947,0.46597752808988757,0.6752014382022471,12.534798561797754,101.63350185241421,2024-02
HV0003,B03404,B03404,2024-02-24 13:26:07,2024-02-24 13:28:15,2024-02-24 13:28:34,2024-02-24 13:58:13,36,260,5.04,1779,20.98,0.0,0.58,1.86,0.0,0.0,0.0,23.34,N,N,N,N,N,147.0,128.0,19.0,1926.0,13,Saturday,Bushwick North,Brooklyn,Woodside,Queens,-73.9177095234613,40.700521468719735,-73.90630705433507,40.74423288564698,3.143,21.56,20.98,0.58,-2.3599999999999994,-0.10946196660482373,0.36263069139966275,5.402630691399663,0.4851562360876897,1.0805261382799327,1.5656823743676225,21.774317625632378,40.69965911333154,2024-02
HV0003,B03404,B03404,2024-02-11 00:21:28,2024-02-11 00:40:03,2024-02-11 00:40:19,2024-02-11 00:58:36,45,256,3.44,1097,18.83,0.0,0.52,1.67,2.75,0.0,0.0,16.28,N,N,N,N,N,1131.0,1115.0,16.0,2228.0,0,Sunday,Chinatown,Manhattan,Williamsburg (South Side),Brooklyn,-73.99815128380202,40.71245880657525,-73.95990445316505,40.71087946812129,3.143,22.099999999999998,18.83,3.27,2.549999999999997,0.11538461538461527,3.49644484958979,6.93644484958979,0.6228927474931631,1.3872889699179582,2.0101817174111214,14.26981828258888,23.057157009569103,2024-02
HV0003,B03404,B03404,2024-02-07 22:12:10,2024-02-07 22:13:37,2024-02-07 22:15:39,2024-02-07 22:29:49,243,152,3.96,850,17.59,0.0,0.48,1.56,0.0,0.0,1.0,23.91,N,N,N,N,N,209.0,87.0,122.0,1059.0,22,Wednesday,Washington Heights North,Manhattan,Manhattanville,Manhattan,-73.93283150973461,40.85710754449232,-73.95378198907079,40.81797460055961,3.143,19.07,17.59,0.48,-5.32,-0.2789722076560042,0.40531764705882356,4.3653176470588235,0.39200552470588235,0.8730635294117648,1.2650690541176473,22.644930945882354,76.97993522679553,2024-02
HV0003,B03404,B03404,2024-02-21 22:55:08,2024-02-21 22:56:20,2024-02-21 23:01:20,2024-02-21 23:21:01,237,246,4.08,1181,46.85,0.0,1.29,4.16,2.75,0.0,0.0,26.0,N,N,N,N,N,372.0,72.0,300.0,1553.0,23,Wednesday,Upper East Side South,Manhattan,West Chelsea/Hudson Yards,Manhattan,-73.96563449518534,40.76861447337675,-74.00401522931482,40.75330822391948,3.143,50.89,46.85,4.04,20.85,0.4097072116329338,0.24873835732430144,4.328738357324301,0.3887207044877222,0.8657476714648603,1.2544683759525825,24.745531624047416,57.362468671326916,2024-02
HV0003,B03404,B03404,2024-02-08 22:12:27,2024-02-08 22:21:58,2024-02-08 22:22:13,2024-02-08 22:37:20,249,231,1.86,907,16.29,0.0,0.45,1.45,2.75,0.0,0.0,10.97,N,N,N,N,N,586.0,571.0,15.0,1493.0,22,Thursday,West Village,Manhattan,TriBeCa/Civic Center,Manhattan,-74.00287478437944,40.73457538224023,-74.00787947243188,40.717772159208046,3.143,19.49,16.29,3.2,5.3199999999999985,0.27296049256028726,1.170959206174201,3.030959206174201,0.2721801367144432,0.6061918412348403,0.8783719779492835,10.091628022050717,24.333463415527515,2024-02
HV0003,B03404,B03404,2024-02-10 16:16:51,2024-02-10 16:17:44,2024-02-10 16:18:08,2024-02-10 16:51:56,230,231,4.67,2028,48.06,0.0,1.32,4.27,2.75,0.0,11.28,26.15,N,N,N,N,N,77.0,53.0,24.0,2105.0,16,Saturday,Times Sq/Theatre District,Manhattan,TriBeCa/Civic Center,Manhattan,-73.98419629996178,40.7598170009371,-74.00787947243188,40.717772159208046,3.143,63.410000000000004,48.06,4.07,33.190000000000005,0.5234190190821637,0.12204635108481263,4.792046351084813,0.43032576232741615,0.9584092702169626,1.3887350325443788,24.76126496745562,42.34705647640866,2024-02
HV0003,B03404,B03404,2024-02-28 22:03:25,2024-02-28 22:06:15,2024-02-28 22:07:08,2024-02-28 22:26:08,148,43,5.82,1140,24.03,0.0,0.66,2.13,2.75,0.0,5.0,18.37,N,N,N,N,N,223.0,170.0,53.0,1363.0,22,Wednesday,Lower East Side,Manhattan,Central Park,Manhattan,-73.99089618330311,40.71893779448139,-73.96555517265493,40.78247645954525,3.143,32.44,24.03,3.41,10.66,0.32860665844636255,0.8678947368421053,6.687894736842106,0.600572947368421,1.3375789473684212,1.9381518947368424,16.431848105263157,43.40033248638838,2024-02
HV0003,B03404,B03404,2024-02-12 05:16:14,2024-02-12 05:20:10,2024-02-12 05:21:26,2024-02-12 05:28:59,126,126,1.51,453,10.73,0.0,0.3,0.95,0.0,0.0,3.0,7.24,N,N,N,N,N,312.0,236.0,76.0,765.0,5,Monday,Hunts Point,Bronx,Hunts Point,Bronx,-73.88553690148994,40.81207355275024,-73.88553690148994,40.81207355275024,3.143,14.030000000000001,10.73,0.3,6.49,0.46258018531717743,0.7866666666666666,2.296666666666667,0.20624066666666666,0.45933333333333337,0.665574,6.574426,30.938475294117648,2024-02
HV0003,B03404,B03404,2024-02-01 17:45:19,2024-02-01 17:48:42,2024-02-01 17:48:46,2024-02-01 18:00:56,68,50,2.46,730,19.01,0.0,0.52,1.69,2.75,0.0,0.0,10.09,N,N,N,N,N,207.0,203.0,4.0,937.0,17,Thursday,East Chelsea,Manhattan,Clinton West,Manhattan,-73.99991751678058,40.748426777755405,-73.99513507723576,40.76623709408489,3.143,22.28,19.01,3.27,8.920000000000002,0.4003590664272891,0.684082191780822,3.144082191780822,0.2823385808219178,0.6288164383561644,0.9111550191780822,9.178844980821918,35.26557303197322,2024-02
HV0003,B03404,B03404,2024-02-10 14:17:16,2024-02-10 14:23:40,2024-02-10 14:23:59,2024-02-10 14:29:43,17,17,1.47,344,10.71,0.0,0.29,0.95,0.0,0.0,0.0,14.11,N,N,N,N,N,403.0,384.0,19.0,747.0,14,Saturday,Bedford,Brooklyn,Bedford,Brooklyn,-73.94990474718477,40.69150649558427,-73.94990474718477,40.69150649558427,3.143,11.0,10.71,0.29,-3.3999999999999986,-0.30909090909090897,1.6409302325581394,3.1109302325581396,0.2793615348837209,0.622186046511628,0.9015475813953489,13.20845241860465,63.655192378817596,2024-02
HV0003,B03404,B03404,2024-02-29 22:44:44,2024-02-29 22:49:07,2024-02-29 22:50:17,2024-02-29 23:28:45,45,63,15.25,2308,57.55,0.0,1.58,5.11,2.75,0.0,0.0,43.17,N,N,N,N,N,333.0,263.0,70.0,2641.0,22,Thursday,Chinatown,Manhattan,Cypress Hills,Brooklyn,-73.99815128380202,40.71245880657525,-73.87817291227658,40.68383923597394,3.143,61.879999999999995,57.55,4.33,14.379999999999995,0.23238526179702645,1.737759965337955,16.987759965337954,1.5255008448873482,3.397551993067591,4.923052837954939,38.24694716204506,52.13517977408642,2024-02
HV0003,B03404,B03404,2024-02-15 13:34:52,2024-02-15 13:35:43,2024-02-15 13:36:36,2024-02-15 13:48:35,260,82,2.17,719,15.16,0.0,0.42,1.35,0.0,0.0,0.0,9.61,N,N,N,N,N,104.0,51.0,53.0,823.0,13,Thursday,Woodside,Queens,Elmhurst,Queens,-73.90630705433507,40.74423288564698,-73.8771182418676,40.73949455225884,3.143,15.58,15.16,0.42,5.550000000000001,0.35622593068035946,0.1539221140472879,2.3239221140472877,0.2086882058414464,0.46478442280945753,0.673472628650904,8.936527371349095,39.0905207009195,2024-02
HV0003,B03404,B03404,2024-02-22 16:58:10,2024-02-22 17:02:01,2024-02-22 17:02:07,2024-02-22 17:18:58,74,42,2.71,1011,17.84,0.0,0.49,1.58,0.0,0.0,0.0,13.06,N,N,N,N,N,237.0,231.0,6.0,1248.0,17,Thursday,East Harlem North,Manhattan,Central Harlem North,Manhattan,-73.93734546230694,40.80116855904873,-73.9407718835631,40.81825672430646,3.143,18.33,17.84,0.49,4.779999999999999,0.26077468630660117,0.6191988130563798,3.32919881305638,0.2989620534124629,0.665839762611276,0.9648018160237388,12.095198183976262,34.889994761469985,2024-02
HV0003,B03404,B03404,2024-02-15 06:47:54,2024-02-15 06:49:29,2024-02-15 06:50:04,2024-02-15 06:54:59,21,123,0.81,295,8.9,0.0,0.24,0.79,0.0,0.0,0.0,5.38,N,N,N,N,N,130.0,95.0,35.0,425.0,6,Thursday,Bensonhurst East,Brooklyn,Homecrest,Brooklyn,-73.9835379748552,40.60142880673965,-73.96433371333775,40.59995356501545,3.143,9.14,8.9,0.24,3.5200000000000005,0.3851203501094092,0.26084745762711864,1.0708474576271187,0.09616210169491526,0.21416949152542375,0.310331593220339,5.069668406779661,42.943073563310065,2024-02
HV0003,B03404,B03404,2024-02-05 21:59:17,2024-02-05 22:13:59,2024-02-05 22:16:01,2024-02-05 22:20:13,85,188,1.12,252,8.38,0.0,0.23,0.74,0.0,0.0,0.0,13.99,N,N,N,N,N,1004.0,882.0,122.0,1256.0,22,Monday,Erasmus,Brooklyn,Prospect-Lefferts Gardens,Brooklyn,-73.9516233279193,40.64611573218299,-73.94744189565975,40.65874424163321,3.143,8.610000000000001,8.38,0.23,-5.609999999999999,-0.651567944250871,3.9200000000000004,5.040000000000001,0.45259200000000005,1.0080000000000002,1.4605920000000003,12.529408,35.91231592356688,2024-02
HV0003,B03404,B03404,2024-02-23 10:40:11,2024-02-23 10:41:53,2024-02-23 10:42:27,2024-02-23 11:01:07,166,141,3.09,1120,26.13,0.0,0.72,2.32,2.75,0.0,6.38,15.59,N,N,N,N,N,136.0,102.0,34.0,1256.0,10,Friday,Morningside Heights,Manhattan,Lenox Hill West,Manhattan,-73.96176346467264,40.809456315241775,-73.95963478688095,40.76694745582751,3.143,35.98,26.13,3.4699999999999998,16.919999999999998,0.47026125625347415,0.28141071428571424,3.371410714285714,0.3027526821428571,0.6742821428571428,0.9770348249999999,14.612965175,41.884295087579616,2024-02
HV0003,B03404,B03404,2024-02-09 07:11:01,2024-02-09 07:13:43,2024-02-09 07:14:10,2024-02-09 07:30:00,168,47,2.91,950,13.4,0.0,0.39,1.27,0.0,0.0,0.0,21.57,N,N,N,N,N,189.0,162.0,27.0,1139.0,7,Friday,Mott Haven/Port Morris,Bronx,Claremont/Bathgate,Bronx,-73.91682135545611,40.80734651795231,-73.90031679211252,40.84274782905238,3.143,13.790000000000001,13.4,0.39,-8.17,-0.5924583031182016,0.49623157894736847,3.4062315789473687,0.3058795957894737,0.6812463157894738,0.9871259115789475,20.582874088421054,65.05561608280578,2024-02
HV0003,B03404,B03404,2024-02-14 09:04:38,2024-02-14 09:12:17,2024-02-14 09:12:24,2024-02-14 09:27:23,39,91,3.05,899,12.61,0.0,0.35,1.12,0.0,0.0,3.0,12.46,N,N,N,N,N,466.0,459.0,7.0,1365.0,9,Wednesday,Canarsie,Brooklyn,Flatlands,Brooklyn,-73.89973483047997,40.63803639656562,-73.93009732098176,40.62627204277785,3.143,15.959999999999999,12.61,0.35,3.1499999999999986,0.1973684210526315,1.5572302558398219,4.607230255839822,0.4137292769744159,0.9214460511679644,1.3351753281423804,11.12482467185762,29.340196936767352,2024-02
HV0003,B03404,B03404,2024-02-29 17:30:29,2024-02-29 17:42:42,2024-02-29 17:44:28,2024-02-29 18:11:32,230,249,2.19,1624,23.49,0.0,0.65,2.08,2.75,0.0,0.0,19.15,N,N,N,N,N,839.0,733.0,106.0,2463.0,17,Thursday,Times Sq/Theatre District,Manhattan,West Village,Manhattan,-73.98419629996178,40.7598170009371,-74.00287478437944,40.73457538224023,3.143,26.889999999999997,23.49,3.4,4.34,0.16139828932688732,0.988466748768473,3.178466748768473,0.2854263140394088,0.6356933497536946,0.9211196637931034,18.228880336206895,26.64391766558864,2024-02
HV0003,B03404,B03404,2024-02-29 08:40:26,2024-02-29 08:40:41,2024-02-29 08:42:05,2024-02-29 09:10:28,130,76,7.46,1703,21.87,0.0,0.6,1.94,0.0,0.0,0.0,26.81,N,N,N,N,N,99.0,15.0,84.0,1802.0,8,Thursday,Jamaica,Queens,East New York,Brooklyn,-73.79398135276409,40.70436829225682,-73.87682032859912,40.66093356035302,3.143,22.470000000000002,21.87,0.6,-4.939999999999998,-0.21984868713840663,0.0657075748678802,7.52570757486788,0.6758085402231356,1.505141514973576,2.180950055196712,24.62904994480329,49.2034294124816,2024-02
HV0003,B03404,B03404,2024-02-13 13:55:03,2024-02-13 14:00:13,2024-02-13 14:00:48,2024-02-13 14:09:30,129,82,0.96,522,6.47,0.0,0.18,0.57,0.0,0.0,0.0,6.35,N,N,N,N,N,345.0,310.0,35.0,867.0,14,Tuesday,Jackson Heights,Queens,Elmhurst,Queens,-73.88531716686686,40.7573109858269,-73.8771182418676,40.73949455225884,3.143,6.6499999999999995,6.47,0.18,0.1200000000000001,0.018045112781954906,0.5701149425287356,1.5301149425287357,0.13740432183908047,0.30602298850574716,0.44342731034482763,5.906572689655172,24.52556134112874,2024-02
HV0003,B03404,B03404,2024-02-03 19:50:19,2024-02-03 19:51:39,2024-02-03 19:52:25,2024-02-03 20:16:35,49,61,2.98,1450,23.79,0.0,0.65,2.11,0.0,0.0,0.0,17.84,N,N,N,N,N,126.0,80.0,46.0,1576.0,19,Saturday,Clinton Hill,Brooklyn,Crown Heights North,Brooklyn,-73.96236330714036,40.68796671165343,-73.93928693646026,40.67446920571126,3.143,24.439999999999998,23.79,0.65,5.949999999999999,0.2434533551554828,0.16441379310344828,3.1444137931034484,0.28236835862068965,0.6288827586206898,0.9112511172413794,16.92874888275862,38.66973095046385,2024-02
HV0003,B03404,B03404,2024-02-20 15:21:11,2024-02-20 15:23:10,2024-02-20 15:23:13,2024-02-20 15:33:18,262,236,1.24,605,26.31,0.0,0.72,2.34,2.75,0.0,0.0,15.12,N,N,N,N,N,122.0,119.0,3.0,727.0,15,Tuesday,Yorkville East,Manhattan,Upper East Side North,Manhattan,-73.94651027083967,40.77593169638859,-73.957011704106,40.78043571518905,3.143,29.779999999999998,26.31,3.4699999999999998,11.19,0.3757555406312962,0.243900826446281,1.483900826446281,0.13325429421487603,0.2967801652892562,0.4300344595041322,14.689965540495868,72.74260790341832,2024-02
HV0003,B03404,B03404,2024-02-25 12:06:39,2024-02-25 12:07:57,2024-02-25 12:09:03,2024-02-25 12:18:17,229,161,1.53,554,10.01,0.0,0.28,0.89,2.75,0.0,0.0,8.22,N,N,N,N,N,144.0,78.0,66.0,698.0,12,Sunday,Sutton Place/Turtle Bay North,Manhattan,Midtown Center,Manhattan,-73.96514558738956,40.75672829786632,-73.97769778229288,40.758027399461895,3.143,13.04,10.01,3.0300000000000002,1.7899999999999991,0.1372699386503067,0.21541516245487366,1.7454151624548737,0.15673828158844766,0.3490830324909748,0.5058213140794224,7.7141786859205785,39.78659494171072,2024-02
HV0003,B03404,B03404,2024-02-03 23:28:53,2024-02-03 23:29:55,2024-02-03 23:31:45,2024-02-03 23:49:31,52,17,3.3,1066,25.88,0.0,0.71,2.3,0.0,0.0,0.0,19.36,N,N,N,N,N,172.0,62.0,110.0,1238.0,23,Saturday,Cobble Hill,Brooklyn,Bedford,Brooklyn,-73.99672396676043,40.68665075208901,-73.94990474718477,40.69150649558427,3.143,26.59,25.88,0.71,6.52,0.2452049642722828,0.1919324577861163,3.491932457786116,0.3135755347091932,0.6983864915572232,1.0119620262664164,18.348037973733582,53.35455307386179,2024-02
HV0003,B03404,B03404,2024-02-29 06:43:34,2024-02-29 06:53:13,2024-02-29 06:53:30,2024-02-29 07:04:03,119,42,1.43,633,12.46,0.0,0.34,1.11,0.0,0.0,0.0,7.83,N,N,N,N,N,596.0,579.0,17.0,1229.0,6,Thursday,Highbridge,Bronx,Central Harlem North,Manhattan,-73.92615739281834,40.83782626996652,-73.9407718835631,40.81825672430646,3.143,12.8,12.46,0.34,4.630000000000001,0.36171875000000003,1.3080094786729857,2.7380094786729856,0.2458732511848341,0.5476018957345972,0.7934751469194312,7.036524853080569,20.611464175012244,2024-02
HV0003,B03404,B03404,2024-02-19 15:11:28,2024-02-19 15:16:21,2024-02-19 15:16:50,2024-02-19 16:16:55,124,90,21.55,3605,47.93,6.94,1.51,4.87,2.75,0.0,8.0,62.21,N,N,N,N,N,322.0,293.0,29.0,3927.0,15,Monday,Howard Beach,Queens,Flatiron,Manhattan,-73.8449183059148,40.65824687444377,-73.9969712245153,40.742278038328486,3.143,67.13,47.93,11.200000000000001,-6.280000000000001,-0.09354982869060036,1.751497919556172,23.301497919556173,2.0924745131761444,4.660299583911235,6.7527740970873795,55.45722590291262,50.839320919400414,2024-02
HV0003,B03404,B03404,2024-02-26 20:24:46,2024-02-26 20:26:37,2024-02-26 20:27:03,2024-02-26 20:31:12,114,234,0.75,249,18.58,0.0,0.51,1.65,2.75,0.0,4.69,10.61,N,N,N,N,N,137.0,111.0,26.0,386.0,20,Monday,Greenwich Village South,Manhattan,Union Sq,Manhattan,-73.99737994674842,40.72833985411046,-73.99045767416112,40.74033681887629,3.143,26.53,18.58,3.26,12.66,0.47719562759140594,0.33433734939759036,1.0843373493975903,0.0973734939759036,0.21686746987951808,0.31424096385542166,10.295759036144577,96.02262313502715,2024-02
HV0003,B03404,B03404,2024-02-29 00:08:14,2024-02-29 00:11:17,2024-02-29 00:11:24,2024-02-29 00:36:10,255,227,8.32,1486,29.5,0.0,0.81,2.62,0.0,0.0,0.0,24.9,N,N,N,N,N,190.0,183.0,7.0,1676.0,0,Thursday,Williamsburg (North Side),Brooklyn,Sunset Park East,Brooklyn,-73.95741799903575,40.71880332024791,-74.0046526133707,40.64188580330356,3.143,30.31,29.5,0.81,4.600000000000001,0.15176509402837352,1.0246029609690444,9.344602960969045,0.8391453458950202,1.868920592193809,2.7080659380888292,22.19193406191117,47.667638796467905,2024-02
HV0003,B03404,B03404,2024-02-11 00:51:21,2024-02-11 00:53:51,2024-02-11 00:53:51,2024-02-11 01:28:52,164,225,8.32,2101,26.14,0.0,0.72,2.32,0.75,0.0,0.0,33.68,Y,N,N,N,N,150.0,150.0,0.0,2251.0,0,Sunday,Midtown South,Manhattan,Stuyvesant Heights,Brooklyn,-73.98515619423324,40.74857395489648,-73.93188774325893,40.68816752944304,3.143,27.61,26.14,1.47,-7.539999999999999,-0.27308946034045634,0.5940028557829605,8.914002855782961,0.8004774564493099,1.7828005711565922,2.583278027605902,31.096721972394096,49.732651755050526,2024-02
HV0003,B03404,B03404,2024-02-27 22:28:09,2024-02-27 22:33:46,2024-02-27 22:34:13,2024-02-27 23:07:02,144,7,9.63,1969,28.89,0.0,0.79,2.56,2.75,0.0,0.0,31.16,N,N,N,N,N,364.0,337.0,27.0,2333.0,22,Tuesday,Little Italy/NoLiTa,Manhattan,Astoria,Queens,-73.99691839304907,40.72088834178079,-73.91969416440043,40.761491926149866,3.143,32.43,28.89,3.54,-2.2699999999999996,-0.0699969164353993,1.6482021330624683,11.27820213306247,1.0127825515490096,2.255640426612494,3.2684229781615035,27.891577021838497,43.03886724329986,2024-02
HV0003,B03404,B03404,2024-02-03 07:31:16,2024-02-03 07:33:25,2024-02-03 07:35:17,2024-02-03 07:56:06,76,173,10.48,1249,30.46,0.0,0.84,2.7,0.0,0.0,0.0,25.51,N,N,N,N,N,241.0,129.0,112.0,1490.0,7,Saturday,East New York,Brooklyn,North Corona,Queens,-73.87682032859912,40.66093356035302,-73.86303760148317,40.7525784829494,3.143,31.3,30.46,0.84,4.949999999999999,0.15814696485623,1.0824019215372298,11.56240192153723,1.0383036925540432,2.312480384307446,3.3507840768614896,22.15921592313851,53.53904518342191,2024-02
HV0003,B03404,B03404,2024-02-11 18:15:33,2024-02-11 18:32:17,2024-02-11 18:33:43,2024-02-11 18:41:53,35,35,1.33,490,10.72,0.0,0.29,0.95,0.0,0.0,0.0,21.42,N,N,N,N,N,1090.0,1004.0,86.0,1580.0,18,Sunday,Brownsville,Brooklyn,Brownsville,Brooklyn,-73.91025783392547,40.66400239681814,-73.91025783392547,40.66400239681814,3.143,11.01,10.72,0.29,-10.700000000000001,-0.9718437783832881,2.7251428571428575,4.055142857142858,0.36415182857142864,0.8110285714285717,1.1751804000000003,20.2448196,46.12743706329114,2024-02
HV0003,B03404,B03404,2024-02-16 09:03:04,2024-02-16 09:04:09,2024-02-16 09:06:10,2024-02-16 09:35:45,76,89,6.18,1775,26.86,0.0,0.74,2.38,0.0,0.0,0.0,24.81,N,N,N,N,N,186.0,65.0,121.0,1961.0,9,Friday,East New York,Brooklyn,Flatbush/Ditmas Park,Brooklyn,-73.87682032859912,40.66093356035302,-73.96096812758745,40.637899248043546,3.143,27.599999999999998,26.86,0.74,2.0500000000000007,0.07427536231884062,0.22630985915492957,6.40630985915493,0.5752866253521126,1.2812619718309861,1.8565485971830986,22.9534514028169,42.137901606395125,2024-02
HV0003,B03404,B03404,2024-02-14 00:50:37,2024-02-14 00:53:22,2024-02-14 00:54:47,2024-02-14 01:01:00,14,14,1.06,373,9.77,0.0,0.27,0.87,0.0,0.0,0.0,5.4,N,N,N,N,N,250.0,165.0,85.0,623.0,0,Wednesday,Bay Ridge,Brooklyn,Bay Ridge,Brooklyn,-74.02989257930119,40.62483341741767,-74.02989257930119,40.62483341741767,3.143,10.04,9.77,0.27,4.369999999999999,0.43525896414342624,0.4689008042895443,1.5289008042895444,0.1372952922252011,0.30578016085790893,0.44307545308311,4.95692454691689,28.643544733388133,2024-02
HV0003,B03404,B03404,2024-02-09 17:49:44,2024-02-09 17:53:11,2024-02-09 17:53:19,2024-02-09 18:08:47,224,186,1.96,928,15.12,0.0,0.44,1.43,0.75,0.0,0.0,11.31,Y,N,N,N,N,215.0,207.0,8.0,1143.0,17,Friday,Stuy Town/Peter Cooper Village,Manhattan,Penn Station/Madison Sq West,Manhattan,-73.97659739896895,40.73182002928329,-73.99243728054387,40.7484965983886,3.143,16.31,15.12,1.19,3.8099999999999987,0.23359901900674426,0.437198275862069,2.397198275862069,0.2152684051724138,0.4794396551724138,0.6947080603448277,10.615291939655172,33.43399036111865,2024-02
HV0003,B03404,B03404,2024-02-23 22:47:14,2024-02-23 22:49:33,2024-02-23 22:49:48,2024-02-23 23:22:46,49,236,10.47,1978,55.34,0.0,1.52,4.91,2.75,0.0,12.9,34.5,N,N,N,N,N,154.0,139.0,15.0,2132.0,22,Friday,Clinton Hill,Brooklyn,Upper East Side North,Manhattan,-73.96236330714036,40.68796671165343,-73.957011704106,40.78043571518905,3.143,72.51,55.34,4.27,33.74000000000001,0.4653151289477314,0.7357583417593528,11.205758341759353,1.0062770990899899,2.2411516683518706,3.2474287674418605,31.25257123255814,52.77169626510756,2024-02
HV0003,B03404,B03404,2024-02-20 10:14:39,2024-02-20 10:15:27,2024-02-20 10:17:28,2024-02-20 10:40:23,47,119,1.77,1375,17.93,0.0,0.49,1.59,0.0,0.0,0.0,15.26,N,N,N,N,N,169.0,48.0,121.0,1544.0,10,Tuesday,Claremont/Bathgate,Bronx,Highbridge,Bronx,-73.90031679211252,40.84274782905238,-73.92615739281834,40.83782626996652,3.143,18.419999999999998,17.93,0.49,2.67,0.1449511400651466,0.06178909090909091,1.831789090909091,0.16449466036363636,0.36635781818181823,0.5308524785454546,14.729147521454545,34.34257194121526,2024-02
HV0003,B03404,B03404,2024-02-20 16:19:10,2024-02-20 16:25:34,2024-02-20 16:26:02,2024-02-20 16:31:02,26,26,0.54,300,8.93,0.0,0.25,0.79,0.0,0.0,1.0,5.39,N,N,N,N,N,412.0,384.0,28.0,712.0,16,Tuesday,Borough Park,Brooklyn,Borough Park,Brooklyn,-73.9886606263467,40.63094893241426,-73.9886606263467,40.63094893241426,3.143,10.18,8.93,0.25,4.54,0.44597249508840864,0.6912,1.2312,0.11056176,0.24624000000000001,0.35680176,5.03319824,25.448755146067416,2024-02
HV0003,B03404,B03404,2024-02-14 22:59:15,2024-02-14 22:59:33,2024-02-14 23:02:53,2024-02-14 23:13:20,158,211,1.06,627,21.26,0.0,0.58,1.89,2.75,0.0,0.0,13.98,N,N,N,N,N,218.0,18.0,200.0,845.0,23,Wednesday,Meatpacking/West Village West,Manhattan,SoHo,Manhattan,-74.00898395410488,40.73503468604606,-74.00153738622468,40.72388757677251,3.143,24.59,21.26,3.33,7.280000000000001,0.2960553070353803,0.03043062200956938,1.0904306220095694,0.09792066985645934,0.21808612440191388,0.3160067942583732,13.663993205741628,58.21346217830753,2024-02
HV0003,B03404,B03404,2024-02-04 07:57:26,2024-02-04 07:58:46,2024-02-04 08:00:48,2024-02-04 08:18:58,114,257,7.86,1090,30.56,0.0,0.84,2.71,2.75,0.0,5.52,20.58,N,N,N,N,N,202.0,80.0,122.0,1292.0,8,Sunday,Greenwich Village South,Manhattan,Windsor Terrace,Brooklyn,-73.99737994674842,40.72833985411046,-73.97798213604382,40.65361125179132,3.143,39.67,30.56,3.59,15.5,0.39072346861608265,0.5768807339449542,8.436880733944955,0.7576318899082569,1.6873761467889912,2.445008036697248,18.13499196330275,50.53093735904791,2024-02
HV0003,B03404,B03404,2024-02-24 10:18:18,2024-02-24 10:31:54,2024-02-24 10:33:02,2024-02-24 10:59:57,138,17,9.36,1615,37.75,0.0,1.04,3.35,0.0,0.0,0.0,29.4,N,N,N,N,N,884.0,816.0,68.0,2499.0,10,Saturday,LaGuardia Airport,Queens,Bedford,Brooklyn,-73.8736284288142,40.77437514616604,-73.94990474718477,40.69150649558427,3.143,38.79,37.75,1.04,8.350000000000001,0.2152616653776747,4.729263157894737,14.089263157894736,1.2652158315789472,2.8178526315789476,4.083068463157895,25.316931536842105,36.470969800973016,2024-02
HV0003,B03404,B03404,2024-02-08 10:06:07,2024-02-08 10:07:29,2024-02-08 10:08:03,2024-02-08 10:11:12,135,135,0.67,189,8.94,0.0,0.25,0.79,0.0,0.0,0.0,7.48,N,N,N,N,N,116.0,82.0,34.0,305.0,10,Thursday,Kew Gardens Hills,Queens,Kew Gardens Hills,Queens,-73.82119512222988,40.72837651566491,-73.82119512222988,40.72837651566491,3.143,9.19,8.94,0.25,1.459999999999999,0.15886833514689871,0.29068783068783066,0.9606878306878307,0.08626976719576719,0.19213756613756616,0.27840733333333334,7.201592666666667,85.00240524590164,2024-02
HV0003,B03404,B03404,2024-02-24 21:58:04,2024-02-24 21:59:12,2024-02-24 22:01:13,2024-02-24 22:38:44,7,144,6.11,2251,39.27,0.0,1.08,3.49,2.75,0.0,0.0,29.19,N,N,N,N,N,189.0,68.0,121.0,2440.0,22,Saturday,Astoria,Queens,Little Italy/NoLiTa,Manhattan,-73.91969416440043,40.761491926149866,-73.99691839304907,40.72088834178079,3.143,43.1,39.27,3.83,10.080000000000002,0.23387470997679818,0.18457574411372724,6.294575744113727,0.5652529018214126,1.2589151488227455,1.824168050644158,27.365831949355844,40.37581763019715,2024-02
HV0003,B03404,B03404,2024-02-06 09:22:44,2024-02-06 09:25:05,2024-02-06 09:27:05,2024-02-06 09:38:22,191,130,2.37,677,12.75,0.0,0.35,1.13,0.0,0.0,0.0,10.48,N,N,N,N,N,261.0,141.0,120.0,938.0,9,Tuesday,Queens Village,Queens,Jamaica,Queens,-73.74153183175444,40.71545297944368,-73.79398135276409,40.70436829225682,3.143,13.1,12.75,0.35,2.2699999999999996,0.17328244274809157,0.4936041358936485,2.863604135893649,0.25715165140324964,0.5727208271787297,0.8298724785819793,9.650127521418021,37.03673675597535,2024-02
HV0003,B03404,B03404,2024-02-24 17:05:57,2024-02-24 17:07:24,2024-02-24 17:08:04,2024-02-24 17:28:50,137,43,3.34,1246,26.16,0.0,0.72,2.32,2.75,0.0,1.0,16.1,N,N,N,N,N,127.0,87.0,40.0,1373.0,17,Saturday,Kips Bay,Manhattan,Central Park,Manhattan,-73.97649447841282,40.74043833958882,-73.96555517265493,40.78247645954525,3.143,30.63,26.16,3.4699999999999998,11.059999999999999,0.3610839046686255,0.23321027287319418,3.573210272873194,0.3208742825040128,0.7146420545746388,1.0355163370786515,15.06448366292135,39.49901033249589,2024-02
HV0003,B03404,B03404,2024-02-11 06:02:01,2024-02-11 06:05:29,2024-02-11 06:05:46,2024-02-11 06:22:55,85,26,3.42,1029,19.68,0.0,0.54,1.75,0.0,0.0,0.0,20.97,N,N,N,N,N,225.0,208.0,17.0,1254.0,6,Sunday,Erasmus,Brooklyn,Borough Park,Brooklyn,-73.9516233279193,40.64611573218299,-73.9886606263467,40.63094893241426,3.143,20.22,19.68,0.54,-1.2899999999999991,-0.06379821958456969,0.6913119533527696,4.11131195335277,0.3691958134110787,0.822262390670554,1.1914582040816326,19.778541795918365,56.780502763402005,2024-02
HV0003,B03404,B03404,2024-02-25 22:31:58,2024-02-25 22:34:22,2024-02-25 22:35:10,2024-02-25 22:38:45,61,177,0.88,215,7.7,0.0,0.21,0.68,0.0,0.0,0.0,5.4,N,N,N,N,N,192.0,144.0,48.0,407.0,22,Sunday,Crown Heights North,Brooklyn,Ocean Hill,Brooklyn,-73.93928693646026,40.67446920571126,-73.91363235241506,40.67664341763747,3.143,7.91,7.7,0.21,2.3,0.2907711757269279,0.5893953488372093,1.4693953488372093,0.13195170232558137,0.2938790697674419,0.4258307720930232,4.974169227906977,43.99756565224844,2024-02
HV0003,B03404,B03404,2024-02-26 12:07:41,2024-02-26 12:11:28,2024-02-26 12:12:31,2024-02-26 12:22:54,196,157,2.13,623,9.37,0.0,0.26,0.83,0.0,0.0,1.0,8.65,N,N,N,N,N,290.0,227.0,63.0,913.0,12,Monday,Rego Park,Queens,Maspeth,Queens,-73.86333842618821,40.72615456414307,-73.9023306735786,40.72399415934883,3.143,10.629999999999999,9.37,0.26,1.7199999999999989,0.16180620884289737,0.776099518459069,2.9060995184590688,0.26096773675762436,0.5812199036918138,0.8421876404494382,7.807812359550562,30.78655475835928,2024-02
HV0003,B03404,B03404,2024-02-29 22:41:35,2024-02-29 22:42:46,2024-02-29 22:44:47,2024-02-29 22:52:24,217,217,1.04,457,8.93,0.0,0.25,0.79,0.0,0.0,0.0,5.85,N,N,N,N,N,192.0,71.0,121.0,649.0,22,Thursday,South Williamsburg,Brooklyn,South Williamsburg,Brooklyn,-73.95859672937166,40.70391593168995,-73.95859672937166,40.70391593168995,3.143,9.18,8.93,0.25,3.08,0.3355119825708061,0.16157549234135668,1.2015754923413566,0.10790147921225382,0.24031509846827134,0.34821657768052516,5.501783422319474,30.518367211633446,2024-02
HV0003,B03404,B03404,2024-02-02 16:26:50,2024-02-02 16:27:16,2024-02-02 16:28:12,2024-02-02 16:45:28,98,134,5.22,1036,21.42,0.0,0.59,1.9,0.0,0.0,0.0,16.6,N,N,N,N,N,82.0,26.0,56.0,1118.0,16,Friday,Fresh Meadows,Queens,Kew Gardens,Queens,-73.77725366396734,40.73446184193987,-73.82871255016717,40.70805026272772,3.143,22.01,21.42,0.59,4.82,0.2189913675601999,0.131003861003861,5.351003861003861,0.48052014671814663,1.0702007722007723,1.5507209189189188,15.049279081081082,48.459217076826384,2024-02
HV0003,B03404,B03404,2024-02-22 16:30:16,2024-02-22 16:30:48,2024-02-22 16:31:33,2024-02-22 16:56:16,142,170,2.12,1483,21.66,0.0,0.6,1.92,2.75,0.0,2.69,16.73,N,N,N,N,N,77.0,32.0,45.0,1560.0,16,Thursday,Lincoln Square East,Manhattan,Murray Hill,Manhattan,-73.98153210008745,40.77363265587896,-73.97849134130094,40.74774513853527,3.143,27.700000000000003,21.66,3.35,7.620000000000001,0.27509025270758125,0.04574511126095752,2.1657451112609576,0.19448391099123397,0.43314902225219154,0.6276329332434255,16.102367066756575,37.159308615592096,2024-02
HV0003,B03404,B03404,2024-02-05 12:05:56,2024-02-05 12:07:03,2024-02-05 12:07:04,2024-02-05 12:13:44,200,200,0.89,400,8.9,0.0,0.24,0.79,0.0,0.0,5.0,5.4,N,N,N,N,N,68.0,67.0,1.0,468.0,12,Monday,Riverdale/North Riverdale/Fieldston,Bronx,Riverdale/North Riverdale/Fieldston,Bronx,-73.90698736246745,40.89952795847699,-73.90698736246745,40.89952795847699,3.143,14.14,8.9,0.24,8.5,0.6011315417256011,0.149075,1.039075,0.09330893499999998,0.207815,0.301123935,5.098876065000001,39.22212357692308,2024-02
HV0003,B03404,B03404,2024-02-15 06:32:27,2024-02-15 06:41:52,2024-02-15 06:42:01,2024-02-15 07:07:58,27,14,15.14,1557,40.59,0.0,1.12,3.6,0.0,0.0,0.0,34.64,N,N,N,N,N,574.0,565.0,9.0,2131.0,6,Thursday,Breezy Point/Fort Tilden/Riis Beach,Queens,Bay Ridge,Brooklyn,-73.90691233568283,40.559134449678,-74.02989257930119,40.62483341741767,3.143,41.71,40.59,1.12,5.950000000000003,0.14265164229201638,5.493962748876044,20.633962748876044,1.8529298548490687,4.126792549775209,5.979722404624278,28.660277595375725,48.417174727054245,2024-02
HV0003,B03404,B03404,2024-02-11 11:13:49,2024-02-11 11:14:56,2024-02-11 11:16:09,2024-02-11 11:25:02,249,144,1.39,533,12.71,0.0,0.35,1.13,2.75,0.0,0.0,7.84,N,N,N,N,N,140.0,67.0,73.0,673.0,11,Sunday,West Village,Manhattan,Little Italy/NoLiTa,Manhattan,-74.00287478437944,40.73457538224023,-73.99691839304907,40.72088834178079,3.143,15.81,12.71,3.1,4.870000000000001,0.30803289057558514,0.1747279549718574,1.5647279549718573,0.14051257035647277,0.31294559099437147,0.45345816135084427,7.386541838649156,39.51196228697914,2024-02
HV0003,B03404,B03404,2024-02-24 17:34:56,2024-02-24 17:40:59,2024-02-24 17:41:19,2024-02-24 17:57:45,232,234,3.35,986,25.3,0.0,0.7,2.25,2.75,0.0,0.0,13.86,N,N,N,N,N,383.0,363.0,20.0,1369.0,17,Saturday,Two Bridges/Seward Park,Manhattan,Union Sq,Manhattan,-73.98302452983464,40.71473195717586,-73.99045767416112,40.74033681887629,3.143,28.75,25.3,3.45,11.440000000000001,0.3979130434782609,1.233316430020284,4.583316430020284,0.4115818154158215,0.9166632860040569,1.3282451014198784,12.531754898580122,32.954213027676,2024-02
HV0003,B03404,B03404,2024-02-27 08:25:31,2024-02-27 08:29:02,2024-02-27 08:29:10,2024-02-27 08:33:28,141,262,0.91,258,20.31,0.0,0.56,1.8,2.75,0.0,0.0,13.86,N,N,N,N,N,219.0,211.0,8.0,477.0,8,Tuesday,Lenox Hill West,Manhattan,Yorkville East,Manhattan,-73.95963478688095,40.76694745582751,-73.94651027083967,40.77593169638859,3.143,23.619999999999997,20.31,3.31,6.449999999999999,0.27307366638442,0.7442248062015504,1.6542248062015505,0.14854938759689923,0.33084496124031015,0.4793943488372094,13.38060565116279,100.9857030276437,2024-02
HV0003,B03404,B03404,2024-02-01 10:24:21,2024-02-01 10:27:27,2024-02-01 10:27:46,2024-02-01 10:46:19,183,242,2.11,1113,12.04,0.0,0.33,1.07,0.0,0.0,0.0,13.23,N,N,N,N,N,205.0,186.0,19.0,1318.0,10,Thursday,Pelham Bay,Bronx,Van Nest/Morris Park,Bronx,-73.8315818648629,40.84917189594048,-73.85067119492659,40.84678260105803,3.143,12.37,12.04,0.33,-1.1900000000000013,-0.09620048504446252,0.35261455525606467,2.4626145552560645,0.22114278706199458,0.49252291105121293,0.7136656981132075,12.516334301886793,34.18725605978183,2024-02
HV0003,B03404,B03404,2024-02-12 18:36:49,2024-02-12 18:37:27,2024-02-12 18:39:28,2024-02-12 19:13:16,261,37,5.4,2028,39.85,0.0,1.1,3.54,2.75,0.0,0.0,27.17,N,N,N,N,N,159.0,38.0,121.0,2187.0,18,Monday,World Trade Center,Manhattan,Bushwick South,Brooklyn,-74.01302266265675,40.7091384408997,-73.9222368522579,40.694993402702586,3.143,43.7,39.85,3.85,12.68,0.29016018306636154,0.10118343195266272,5.501183431952663,0.49400627218934906,1.1002366863905326,1.5942429585798816,25.57575704142012,42.10001159081501,2024-02
HV0003,B03404,B03404,2024-02-10 16:02:38,2024-02-10 16:04:58,2024-02-10 16:04:58,2024-02-10 16:14:04,131,122,1.66,546,9.84,0.0,0.27,0.87,0.0,0.0,0.0,7.31,N,N,N,N,N,140.0,140.0,0.0,686.0,16,Saturday,Jamaica Estates,Queens,Hollis,Queens,-73.77610132903203,40.72065468341462,-73.76113717815645,40.710638338456064,3.143,10.11,9.84,0.27,2.5300000000000002,0.2502472799208705,0.42564102564102557,2.0856410256410256,0.1872905641025641,0.41712820512820514,0.6044187692307692,6.70558123076923,35.18963911190849,2024-02
HV0003,B03404,B03404,2024-02-15 07:04:47,2024-02-15 07:13:05,2024-02-15 07:13:31,2024-02-15 07:25:10,39,76,2.32,699,15.16,0.0,0.42,1.35,0.0,0.0,0.0,9.62,N,N,N,N,N,524.0,498.0,26.0,1223.0,7,Thursday,Canarsie,Brooklyn,East New York,Brooklyn,-73.89973483047997,40.63803639656562,-73.87682032859912,40.66093356035302,3.143,15.58,15.16,0.42,5.540000000000001,0.3555840821566111,1.6528755364806864,3.9728755364806863,0.35676422317596557,0.7945751072961373,1.151339330472103,8.468660669527896,24.928191668275083,2024-02
HV0003,B03404,B03404,2024-02-02 11:46:13,2024-02-02 11:52:27,2024-02-02 11:54:05,2024-02-02 12:12:34,250,254,5.27,1109,19.68,0.0,0.54,1.75,0.0,0.0,0.0,17.34,N,N,N,N,N,472.0,374.0,98.0,1581.0,11,Friday,Westchester Village/Unionport,Bronx,Williamsbridge/Olinville,Bronx,-73.848640882231,40.83210078158579,-73.85894858301965,40.88215615951764,3.143,20.22,19.68,0.54,2.34,0.11572700296735905,1.7772587917042377,7.0472587917042375,0.6328438394950405,1.4094517583408477,2.042295597835888,15.297704402164111,34.833482509671605,2024-02
HV0003,B03404,B03404,2024-02-07 15:34:18,2024-02-07 15:35:56,2024-02-07 15:36:38,2024-02-07 16:02:21,47,3,5.39,1543,23.17,0.0,0.64,2.06,0.0,0.0,0.0,21.59,N,N,N,N,N,140.0,98.0,42.0,1683.0,15,Wednesday,Claremont/Bathgate,Bronx,Allerton/Pelham Gardens,Bronx,-73.90031679211252,40.84274782905238,-73.84742177366226,40.864473188810734,3.143,23.810000000000002,23.17,0.64,1.5800000000000018,0.06635867282654354,0.3423331173039533,5.732333117303953,0.5147635139338949,1.1464666234607905,1.6612301373946854,19.928769862605314,42.62838473284559,2024-02
HV0003,B03404,B03404,2024-02-19 22:32:11,2024-02-19 22:32:44,2024-02-19 22:34:44,2024-02-19 22:46:06,114,233,2.45,682,15.83,0.0,0.44,1.4,2.75,0.0,0.0,9.64,N,N,N,N,N,153.0,33.0,120.0,835.0,22,Monday,Greenwich Village South,Manhattan,UN/Turtle Bay South,Manhattan,-73.99737994674842,40.72833985411046,-73.9704423734757,40.74991338603123,3.143,19.02,15.83,3.19,6.1899999999999995,0.325446898002103,0.1185483870967742,2.5685483870967745,0.23065564516129033,0.5137096774193549,0.7443653225806453,8.895634677419356,38.35243693258644,2024-02
HV0003,B03404,B03404,2024-02-16 07:44:41,2024-02-16 07:47:40,2024-02-16 07:47:51,2024-02-16 07:51:45,55,55,0.75,234,8.94,0.0,0.25,0.79,0.0,0.0,0.0,5.4,N,N,N,N,N,190.0,179.0,11.0,424.0,7,Friday,Coney Island,Brooklyn,Coney Island,Brooklyn,-73.98794380632961,40.57696110526678,-73.98794380632961,40.57696110526678,3.143,9.19,8.94,0.25,3.539999999999999,0.3852013057671381,0.5737179487179487,1.3237179487179487,0.11886987179487178,0.26474358974358975,0.38361346153846154,5.016386538461539,42.591961175616845,2024-02
HV0003,B03404,B03404,2024-02-14 17:11:34,2024-02-14 17:15:27,2024-02-14 17:16:09,2024-02-14 17:59:05,7,224,5.68,2576,43.79,6.94,1.4,4.5,2.75,0.0,0.0,43.94,N,N,N,N,N,275.0,233.0,42.0,2851.0,17,Wednesday,Astoria,Queens,Stuy Town/Peter Cooper Village,Manhattan,-73.91969416440043,40.761491926149866,-73.97659739896895,40.73182002928329,3.143,54.879999999999995,43.79,11.09,-0.14999999999999858,-0.002733236151603473,0.5137577639751553,6.193757763975155,0.5561994472049689,1.238751552795031,1.794951,42.145049,53.21717867414942,2024-02
HV0003,B03404,B03404,2024-02-14 04:22:15,2024-02-14 04:24:29,2024-02-14 04:25:37,2024-02-14 04:30:21,114,4,0.99,284,8.26,0.0,0.23,0.73,2.75,0.0,0.0,5.4,N,N,N,N,N,202.0,134.0,68.0,486.0,4,Wednesday,Greenwich Village South,Manhattan,Alphabet City,Manhattan,-73.99737994674842,40.72833985411046,-73.97696809691621,40.723751540194456,3.143,11.24,8.26,2.98,2.8599999999999994,0.2544483985765124,0.467112676056338,1.457112676056338,0.13084871830985914,0.2914225352112676,0.4222712535211267,4.977728746478873,36.872064788732395,2024-02
HV0003,B03404,B03404,2024-02-23 21:26:29,2024-02-23 21:27:51,2024-02-23 21:28:08,2024-02-23 21:41:56,228,14,2.93,828,12.53,0.0,0.34,1.11,0.0,0.0,0.0,11.63,N,N,N,N,N,99.0,82.0,17.0,927.0,21,Friday,Sunset Park West,Brooklyn,Bay Ridge,Brooklyn,-74.01127289375856,40.652353822117504,-74.02989257930119,40.62483341741767,3.143,12.87,12.53,0.34,0.8999999999999986,0.06993006993006982,0.2901690821256039,3.220169082125604,0.2891711835748792,0.6440338164251208,0.9332050000000001,10.696795000000002,41.54095145631069,2024-02
HV0003,B03404,B03404,2024-02-04 08:02:10,2024-02-04 08:06:02,2024-02-04 08:06:21,2024-02-04 08:15:57,228,257,2.94,576,11.63,0.0,0.32,1.03,0.0,0.0,1.0,9.27,N,N,N,N,N,251.0,232.0,19.0,827.0,8,Sunday,Sunset Park West,Brooklyn,Windsor Terrace,Brooklyn,-74.01127289375856,40.652353822117504,-73.97798213604382,40.65361125179132,3.143,12.950000000000001,11.63,0.32,3.360000000000001,0.25945945945945953,1.1841666666666666,4.1241666666666665,0.37035016666666665,0.8248333333333333,1.1951835,8.074816499999999,35.150349939540504,2024-02
HV0003,B03404,B03404,2024-02-25 15:19:03,2024-02-25 15:19:44,2024-02-25 15:21:45,2024-02-25 15:36:23,168,69,2.07,878,14.35,0.0,0.39,1.27,0.0,0.0,0.0,10.98,N,N,N,N,N,162.0,41.0,121.0,1040.0,15,Sunday,Mott Haven/Port Morris,Bronx,East Concourse/Concourse Village,Bronx,-73.91682135545611,40.80734651795231,-73.9150298985607,40.83141570129418,3.143,14.74,14.35,0.39,3.369999999999999,0.22862957937584796,0.0966628701594533,2.166662870159453,0.19456632574031887,0.4333325740318906,0.6278988997722095,10.352101100227792,35.834196116173125,2024-02
HV0003,B03404,B03404,2024-02-02 07:12:47,2024-02-02 07:17:58,2024-02-02 07:18:36,2024-02-02 07:43:02,239,18,12.59,1466,27.43,3.18,0.84,2.72,2.75,0.0,0.0,30.32,N,N,N,N,N,349.0,311.0,38.0,1815.0,7,Friday,Upper West Side South,Manhattan,Bedford Park,Bronx,-73.97863166507607,40.783960878966745,-73.890183667512,40.86768169710327,3.143,34.2,27.43,6.7700000000000005,-2.8900000000000006,-0.08450292397660819,2.6708663028649386,15.260866302864939,1.3704257939972713,3.052173260572988,4.422599054570259,25.89740094542974,51.36674567688544,2024-02
HV0003,B03404,B03404,2024-02-15 14:30:54,2024-02-15 14:32:23,2024-02-15 14:32:50,2024-02-15 14:47:32,258,76,1.77,882,15.22,0.0,0.42,1.35,0.0,0.0,0.0,10.62,N,N,N,N,N,116.0,89.0,27.0,998.0,14,Thursday,Woodhaven,Queens,East New York,Brooklyn,-73.85576684520184,40.68872054521105,-73.87682032859912,40.66093356035302,3.143,15.64,15.22,0.42,4.600000000000001,0.2941176470588236,0.17860544217687074,1.9486054421768708,0.17498476870748297,0.3897210884353742,0.5647058571428571,10.055294142857143,36.271602118522765,2024-02
HV0003,B03404,B03404,2024-02-21 19:06:18,2024-02-21 19:09:35,2024-02-21 19:10:42,2024-02-21 19:38:35,256,179,7.25,1673,41.13,0.0,1.13,3.65,0.0,0.0,9.18,25.25,N,N,N,N,N,264.0,197.0,67.0,1937.0,19,Wednesday,Williamsburg (South Side),Brooklyn,Old Astoria,Queens,-73.95990445316505,40.71087946812129,-73.92833280320959,40.77156956195687,3.143,51.440000000000005,41.13,1.13,25.060000000000002,0.48716951788491447,0.8537059175134488,8.103705917513448,0.7277127913927076,1.6207411835026897,2.3484539748953974,22.9015460251046,42.56353417159348,2024-02
HV0003,B03404,B03404,2024-02-23 22:15:15,2024-02-23 22:15:57,2024-02-23 22:16:30,2024-02-23 22:31:01,148,80,3.68,871,19.88,0.0,0.55,1.76,2.75,0.0,0.0,13.03,N,N,N,N,N,75.0,42.0,33.0,946.0,22,Friday,Lower East Side,Manhattan,East Williamsburg,Brooklyn,-73.99089618330311,40.71893779448139,-73.93679348509205,40.71536904490185,3.143,23.18,19.88,3.3,6.85,0.29551337359792923,0.177451205510907,3.857451205510907,0.34639911825487946,0.7714902411021815,1.117889359357061,11.912110640642938,45.33149926671731,2024-02
HV0003,B03404,B03404,2024-02-03 16:57:19,2024-02-03 17:01:04,2024-02-03 17:01:04,2024-02-03 17:12:06,134,95,2.11,662,13.42,0.0,0.37,1.19,0.0,0.0,0.0,8.99,N,N,N,N,N,225.0,225.0,0.0,887.0,17,Saturday,Kew Gardens,Queens,Forest Hills,Queens,-73.82871255016717,40.70805026272772,-73.84766918479201,40.72143087062858,3.143,13.79,13.42,0.37,4.43,0.32124728063814356,0.7171450151057401,2.82714501510574,0.2538776223564954,0.5654290030211481,0.8193066253776435,8.170693374622356,33.16177694322489,2024-02
HV0003,B03404,B03404,2024-02-16 08:25:19,2024-02-16 08:31:59,2024-02-16 08:32:54,2024-02-16 08:54:47,221,5,11.85,1313,39.31,0.0,1.08,3.49,0.0,0.0,0.0,27.91,Y,N,N,N,N,455.0,400.0,55.0,1768.0,8,Friday,Stapleton,Staten Island,Arden Heights,Staten Island,-74.07370346784535,40.61876794148682,-74.18848507307743,40.5526586209353,3.143,40.39,39.31,1.08,11.400000000000002,0.2822480812082199,3.61005331302361,15.460053313023609,1.38831278750952,3.092010662604722,4.480323450114242,23.42967654988576,47.70748618755019,2024-02
HV0003,B03404,B03404,2024-02-06 17:36:31,2024-02-06 17:45:16,2024-02-06 17:46:26,2024-02-06 18:08:01,186,50,1.74,1295,21.63,0.0,0.59,1.92,2.75,0.0,4.03,22.79,N,N,N,N,N,595.0,525.0,70.0,1890.0,17,Tuesday,Penn Station/Madison Sq West,Manhattan,Clinton West,Manhattan,-73.99243728054387,40.7484965983886,-73.99513507723576,40.76623709408489,3.143,29.0,21.63,3.34,2.870000000000001,0.09896551724137935,0.7054054054054054,2.4454054054054053,0.21959740540540537,0.48908108108108106,0.7086784864864865,22.08132151351351,42.05966002574002,2024-02
HV0003,B03404,B03404,2024-02-04 23:41:20,2024-02-04 23:44:50,2024-02-04 23:45:09,2024-02-05 00:17:26,198,89,6.03,1937,28.61,0.0,0.79,2.54,0.0,0.0,0.0,27.13,N,N,N,N,N,229.0,210.0,19.0,2166.0,23,Sunday,Ridgewood,Queens,Flatbush/Ditmas Park,Brooklyn,-73.90170912961153,40.706526169337856,-73.96096812758745,40.637899248043546,3.143,29.4,28.61,0.79,1.4800000000000004,0.05034013605442179,0.6537429013939082,6.6837429013939085,0.6002001125451729,1.3367485802787817,1.9369486928239548,25.193051307176045,41.87210743574966,2024-02
HV0003,B03404,B03404,2024-02-03 23:58:49,2024-02-04 00:14:20,2024-02-04 00:14:30,2024-02-04 00:31:44,148,68,2.89,1034,30.62,0.0,0.84,2.72,2.75,0.0,0.0,19.77,N,N,N,N,N,941.0,931.0,10.0,1975.0,0,Sunday,Lower East Side,Manhattan,East Chelsea,Manhattan,-73.99089618330311,40.71893779448139,-73.99991751678058,40.748426777755405,3.143,34.21,30.62,3.59,10.850000000000001,0.31715872551885416,2.602117988394584,5.492117988394584,0.49319219535783365,1.098423597678917,1.5916157930367505,18.178384206963248,33.135282605097565,2024-02
HV0003,B03404,B03404,2024-02-10 21:52:39,2024-02-10 21:53:26,2024-02-10 21:55:27,2024-02-10 22:27:23,249,50,3.38,1916,27.09,0.0,0.74,2.4,2.75,0.0,0.0,22.46,N,N,N,N,N,168.0,47.0,121.0,2084.0,21,Saturday,West Village,Manhattan,Clinton West,Manhattan,-74.00287478437944,40.73457538224023,-73.99513507723576,40.76623709408489,3.143,30.58,27.09,3.49,4.629999999999999,0.15140614780902548,0.08291231732776619,3.462912317327766,0.31096952609603334,0.6925824634655533,1.0035519895615868,21.456448010438415,37.06488139998958,2024-02
HV0003,B03404,B03404,2024-02-14 10:25:33,2024-02-14 10:29:13,2024-02-14 10:29:48,2024-02-14 10:38:32,56,95,1.29,524,11.6,0.0,0.32,1.03,0.0,0.0,0.0,6.62,N,N,N,N,N,255.0,220.0,35.0,779.0,10,Wednesday,Corona,Queens,Forest Hills,Queens,-73.85884532361277,40.7414060161842,-73.84766918479201,40.72143087062858,3.143,11.92,11.6,0.32,4.9799999999999995,0.41778523489932884,0.5416030534351145,1.8316030534351144,0.16447795419847325,0.36632061068702293,0.5307985648854961,6.089201435114504,28.140083653930954,2024-02
HV0003,B03404,B03404,2024-02-19 23:27:51,2024-02-19 23:29:06,2024-02-19 23:30:22,2024-02-19 23:38:52,163,163,1.09,510,8.3,0.0,0.23,0.74,2.75,0.0,0.0,6.22,N,N,N,N,N,151.0,75.0,76.0,661.0,23,Monday,Midtown North,Manhattan,Midtown North,Manhattan,-73.97756832086549,40.764420870266285,-73.97756832086549,40.764420870266285,3.143,11.280000000000001,8.3,2.98,2.080000000000001,0.18439716312056745,0.16029411764705884,1.250294117647059,0.11227641176470587,0.25005882352941183,0.3623352352941177,5.857664764705882,31.902561502180298,2024-02
HV0003,B03404,B03404,2024-02-01 22:20:00,2024-02-01 22:20:08,2024-02-01 22:20:57,2024-02-01 22:44:15,145,141,2.92,1398,19.9,0.0,0.55,1.77,2.75,0.0,2.49,18.31,N,N,N,N,N,57.0,8.0,49.0,1455.0,22,Thursday,Long Island City/Hunters Point,Queens,Lenox Hill West,Manhattan,-73.94889136420674,40.74537869757109,-73.95963478688095,40.76694745582751,3.143,25.689999999999998,19.9,3.3,4.080000000000002,0.15881666017905807,0.01670958512160229,2.9367095851216023,0.2637165207439199,0.5873419170243205,0.8510584377682404,17.458941562231757,43.197381184903314,2024-02
HV0003,B03404,B03404,2024-02-21 18:06:24,2024-02-21 18:07:22,2024-02-21 18:07:56,2024-02-21 18:17:06,18,20,0.87,550,8.86,0.0,0.24,0.79,0.0,0.0,0.0,6.31,N,N,N,N,N,92.0,58.0,34.0,642.0,18,Wednesday,Bedford Park,Bronx,Belmont,Bronx,-73.890183667512,40.86768169710327,-73.88586731138831,40.857778885275984,3.143,9.1,8.86,0.24,2.55,0.2802197802197802,0.09174545454545455,0.9617454545454546,0.08636474181818182,0.19234909090909091,0.27871383272727274,6.031286167272727,33.82029626508071,2024-02
HV0003,B03404,B03404,2024-02-05 05:36:25,2024-02-05 05:47:16,2024-02-05 05:47:16,2024-02-05 05:55:17,182,185,1.41,481,11.57,0.0,0.32,1.03,0.0,0.0,0.0,13.19,N,N,N,N,N,651.0,651.0,0.0,1132.0,5,Monday,Parkchester,Bronx,Pelham Parkway,Bronx,-73.85798692430247,40.837748057064935,-73.85439388215148,40.85440439427695,3.143,11.89,11.57,0.32,-1.6199999999999992,-0.13624894869638343,1.908336798336798,3.318336798336798,0.29798664449064444,0.6636673596673597,0.9616540041580042,12.228345995841995,38.88873284896747,2024-02
HV0003,B03404,B03404,2024-02-14 07:42:06,2024-02-14 07:44:32,2024-02-14 07:46:32,2024-02-14 08:27:22,140,32,10.83,2450,39.12,6.94,1.27,4.09,2.75,0.0,5.41,37.26,N,N,N,N,N,266.0,146.0,120.0,2716.0,7,Wednesday,Lenox Hill East,Manhattan,Bronxdale,Bronx,-73.9547388423982,40.76548333944988,-73.86490087169818,40.86400152279616,3.143,55.489999999999995,39.12,10.96,7.270000000000003,0.13101459722472525,0.6453795918367347,11.475379591836735,1.0304890873469388,2.295075918367347,3.3255650057142856,33.93443499428571,44.97936891731537,2024-02
HV0003,B03404,B03404,2024-02-14 14:45:09,2024-02-14 14:48:19,2024-02-14 14:50:19,2024-02-14 14:59:36,218,10,1.01,557,10.63,0.0,0.29,0.94,0.0,0.0,0.0,6.68,N,N,N,N,N,310.0,190.0,120.0,867.0,14,Wednesday,Springfield Gardens North,Queens,Baisley Park,Queens,-73.7730358575979,40.67208910289741,-73.79098701332514,40.67895233930188,3.143,10.92,10.63,0.29,3.950000000000001,0.3617216117216118,0.344524236983842,1.354524236983842,0.121636276481149,0.2709048473967684,0.3925411238779174,6.287458876122082,26.10709567939965,2024-02
HV0003,B03404,B03404,2024-02-01 17:44:46,2024-02-01 17:49:43,2024-02-01 17:50:03,2024-02-01 18:18:20,137,142,3.31,1697,30.31,0.0,0.83,2.69,2.75,0.0,0.0,21.3,N,N,N,N,N,317.0,297.0,20.0,2014.0,17,Thursday,Kips Bay,Manhattan,Lincoln Square East,Manhattan,-73.97649447841282,40.74043833958882,-73.98153210008745,40.77363265587896,3.143,33.89,30.31,3.58,9.009999999999998,0.26586013573325457,0.5792987625220978,3.889298762522098,0.34925902887448435,0.7778597525044196,1.127118781378904,20.172881218621097,36.05877477012709,2024-02
HV0003,B03404,B03404,2024-02-18 02:39:12,2024-02-18 02:39:53,2024-02-18 02:41:52,2024-02-18 02:55:04,107,232,2.68,792,16.27,0.0,0.45,1.44,2.75,0.0,0.0,10.96,N,N,N,N,N,160.0,41.0,119.0,952.0,2,Sunday,Gramercy,Manhattan,Two Bridges/Seward Park,Manhattan,-73.98405192785955,40.73682342425488,-73.98302452983464,40.71473195717586,3.143,19.47,16.27,3.2,5.309999999999999,0.27272727272727265,0.13873737373737374,2.818737373737374,0.2531226161616162,0.5637474747474748,0.8168700909090909,10.14312990909091,38.35637360580596,2024-02
HV0003,B03404,B03404,2024-02-01 15:10:46,2024-02-01 15:12:10,2024-02-01 15:14:11,2024-02-01 15:37:00,161,237,1.72,1369,18.53,0.0,0.51,1.64,2.75,0.0,0.0,15.13,N,N,N,N,N,205.0,84.0,121.0,1574.0,15,Thursday,Midtown Center,Manhattan,Upper East Side South,Manhattan,-73.97769778229288,40.758027399461895,-73.96563449518534,40.76861447337675,3.143,21.790000000000003,18.53,3.26,3.4000000000000004,0.15603487838458008,0.10553688823959094,1.8255368882395908,0.16393321256391524,0.3651073776479182,0.5290405902118334,14.600959409788167,33.39482457130712,2024-02
HV0003,B03404,B03404,2024-02-04 14:35:10,2024-02-04 14:37:11,2024-02-04 14:39:12,2024-02-04 14:50:18,239,237,1.65,666,11.11,0.0,0.31,0.99,2.75,0.0,0.0,8.44,N,N,N,N,N,242.0,121.0,121.0,908.0,14,Sunday,Upper West Side South,Manhattan,Upper East Side South,Manhattan,-73.97863166507607,40.783960878966745,-73.96563449518534,40.76861447337675,3.143,14.17,11.11,3.06,2.67,0.18842625264643612,0.29977477477477477,1.9497747747747747,0.17508977477477475,0.38995495495495497,0.5650447297297297,7.87495527027027,31.22228961781164,2024-02
HV0003,B03404,B03404,2024-02-18 22:44:06,2024-02-18 22:48:05,2024-02-18 22:49:10,2024-02-18 22:53:53,179,179,0.89,283,8.91,0.0,0.25,0.79,0.0,0.0,0.0,6.6,N,N,N,N,N,304.0,239.0,65.0,587.0,22,Sunday,Old Astoria,Queens,Old Astoria,Queens,-73.92833280320959,40.77156956195687,-73.92833280320959,40.77156956195687,3.143,9.16,8.91,0.25,2.3100000000000005,0.2521834061135372,0.7516254416961131,1.6416254416961131,0.14741796466431095,0.32832508833922264,0.4757430530035336,6.124256946996466,37.55932710253369,2024-02
HV0003,B03404,B03404,2024-02-03 18:22:28,2024-02-03 18:23:21,2024-02-03 18:25:22,2024-02-03 18:39:36,233,107,1.8,854,20.38,0.0,0.56,1.81,2.75,0.0,0.0,11.57,N,N,N,N,N,174.0,53.0,121.0,1028.0,18,Saturday,UN/Turtle Bay South,Manhattan,Gramercy,Manhattan,-73.9704423734757,40.74991338603123,-73.98405192785955,40.73682342425488,3.143,23.689999999999998,20.38,3.31,8.809999999999999,0.3718868720979316,0.1117096018735363,1.9117096018735364,0.17167152224824356,0.3823419203747073,0.5540134426229508,11.01598655737705,38.57738483128149,2024-02
HV0003,B03404,B03404,2024-02-16 19:19:01,2024-02-16 19:22:49,2024-02-16 19:23:32,2024-02-16 19:45:31,146,262,6.28,1319,34.73,6.94,1.15,3.7,2.75,0.0,0.0,21.94,N,N,N,N,N,271.0,228.0,43.0,1590.0,19,Friday,Long Island City/Queens Plaza,Queens,Yorkville East,Manhattan,-73.93482872612303,40.754241860637634,-73.94651027083967,40.77593169638859,3.143,45.56999999999999,34.73,10.84,12.789999999999996,0.2806671055518981,1.085549658832449,7.36554965883245,0.661426359363154,1.47310993176649,2.1345362911296437,19.805463708870356,44.84255934083854,2024-02
HV0003,B03404,B03404,2024-02-22 18:41:39,2024-02-22 18:44:40,2024-02-22 18:45:16,2024-02-22 18:56:08,256,255,1.07,652,7.39,0.0,0.2,0.66,0.0,0.0,0.0,7.54,N,N,N,N,N,217.0,181.0,36.0,869.0,18,Thursday,Williamsburg (South Side),Brooklyn,Williamsburg (North Side),Brooklyn,-73.95990445316505,40.71087946812129,-73.95741799903575,40.71880332024791,3.143,7.59,7.39,0.2,-0.15000000000000036,-0.019762845849802417,0.29703987730061354,1.3670398773006136,0.1227601809815951,0.27340797546012274,0.3961681564417178,7.143831843558282,29.59470038758322,2024-02
HV0003,B03404,B03404,2024-02-10 23:58:23,2024-02-11 00:00:05,2024-02-11 00:02:06,2024-02-11 00:17:45,141,238,2.79,939,21.05,0.0,0.58,1.87,2.75,0.0,3.74,17.0,N,N,N,N,N,223.0,102.0,121.0,1162.0,0,Sunday,Lenox Hill West,Manhattan,Upper West Side North,Manhattan,-73.95963478688095,40.76694745582751,-73.97304858188282,40.79170437688446,3.143,28.119999999999997,21.05,3.33,7.789999999999999,0.27702702702702703,0.3030670926517572,3.0930670926517574,0.2777574249201278,0.6186134185303516,0.8963708434504793,16.10362915654952,49.890761586556174,2024-02
HV0003,B03404,B03404,2024-02-02 22:36:22,2024-02-02 22:40:46,2024-02-02 22:40:49,2024-02-02 22:54:56,205,215,3.25,847,15.2,0.0,0.42,1.35,0.0,0.0,2.0,12.23,N,N,N,N,N,267.0,264.0,3.0,1114.0,22,Friday,Saint Albans,Queens,South Jamaica,Queens,-73.76314638043442,40.69120002152517,-73.79096502686893,40.69442676074992,3.143,17.619999999999997,15.2,0.42,4.969999999999999,0.2820658342792281,1.0129870129870129,4.262987012987013,0.38281623376623375,0.8525974025974027,1.2354136363636363,10.994586363636364,35.5300816060062,2024-02
HV0003,B03404,B03404,2024-02-09 09:54:12,2024-02-09 10:00:58,2024-02-09 10:01:16,2024-02-09 10:14:50,234,186,1.5,814,16.27,0.0,0.45,1.44,2.75,0.0,0.0,9.62,N,N,N,N,N,424.0,406.0,18.0,1238.0,10,Friday,Union Sq,Manhattan,Penn Station/Madison Sq West,Manhattan,-73.99045767416112,40.74033681887629,-73.99243728054387,40.7484965983886,3.143,19.47,16.27,3.2,6.65,0.3415511042629687,0.7481572481572482,2.248157248157248,0.20188452088452086,0.44963144963144963,0.6515159705159705,8.968484029484028,26.07959814712641,2024-02
HV0003,B03404,B03404,2024-02-04 12:19:48,2024-02-04 12:21:09,2024-02-04 12:21:19,2024-02-04 12:28:10,130,121,1.16,411,9.84,0.0,0.27,0.87,0.0,0.0,0.0,5.39,N,N,N,N,N,91.0,81.0,10.0,502.0,12,Sunday,Jamaica,Queens,Hillcrest/Pomonok,Queens,-73.79398135276409,40.70436829225682,-73.80244406680485,40.72833215927266,3.143,10.11,9.84,0.27,4.45,0.44015825914935713,0.2286131386861314,1.3886131386861313,0.12469745985401459,0.2777226277372263,0.40242008759124087,4.9875799124087585,35.76750534795126,2024-02
HV0003,B03404,B03404,2024-02-06 09:01:25,2024-02-06 09:03:54,2024-02-06 09:06:07,2024-02-06 09:18:42,256,255,0.85,755,17.13,0.0,0.47,1.52,0.0,0.0,0.0,10.86,N,N,N,N,N,282.0,149.0,133.0,1037.0,9,Tuesday,Williamsburg (South Side),Brooklyn,Williamsburg (North Side),Brooklyn,-73.95990445316505,40.71087946812129,-73.95741799903575,40.71880332024791,3.143,17.599999999999998,17.13,0.47,6.27,0.35625,0.16774834437086092,1.0177483443708608,0.0913938013245033,0.20354966887417217,0.29494347019867545,10.565056529801325,36.67714899448869,2024-02
HV0003,B03404,B03404,2024-02-03 08:30:33,2024-02-03 08:33:41,2024-02-03 08:33:46,2024-02-03 09:00:40,257,45,6.75,1614,23.57,0.0,0.65,2.09,2.75,0.0,0.0,24.04,N,N,N,N,N,193.0,188.0,5.0,1807.0,8,Saturday,Windsor Terrace,Brooklyn,Chinatown,Manhattan,-73.97798213604382,40.65361125179132,-73.99815128380202,40.71245880657525,3.143,26.97,23.57,3.4,-0.46999999999999886,-0.017426770485724837,0.7862453531598512,7.536245353159851,0.6767548327137546,1.5072490706319703,2.184003903345725,21.855996096654273,43.54265962808821,2024-02
HV0003,B03404,B03404,2024-02-18 16:16:59,2024-02-18 16:22:12,2024-02-18 16:22:22,2024-02-18 16:37:15,224,186,1.78,893,16.33,0.0,0.45,1.45,2.75,0.0,0.0,10.73,N,N,N,N,N,323.0,313.0,10.0,1216.0,16,Sunday,Stuy Town/Peter Cooper Village,Manhattan,Penn Station/Madison Sq West,Manhattan,-73.97659739896895,40.73182002928329,-73.99243728054387,40.7484965983886,3.143,19.529999999999998,16.33,3.2,5.599999999999998,0.2867383512544802,0.6238969764837625,2.4038969764837628,0.21586994848824187,0.48077939529675257,0.6966493437849944,10.033350656215006,29.70399865326811,2024-02
HV0003,B03404,B03404,2024-02-22 08:01:48,2024-02-22 08:05:47,2024-02-22 08:05:56,2024-02-22 08:28:07,79,140,4.61,1331,27.91,0.0,0.77,2.48,2.75,0.0,5.08,18.57,N,N,N,N,N,248.0,239.0,9.0,1579.0,8,Thursday,East Village,Manhattan,Lenox Hill East,Manhattan,-73.98593725800136,40.72761958691338,-73.9547388423982,40.76548333944988,3.143,36.51,27.91,3.52,14.420000000000002,0.39496028485346485,0.8277911344853495,5.43779113448535,0.4883136438767844,1.08755822689707,1.5758718707738544,16.994128129226144,38.745320623948146,2024-02
HV0003,B03404,B03404,2024-02-21 09:02:59,2024-02-21 09:06:51,2024-02-21 09:07:52,2024-02-21 09:57:01,185,249,14.73,2949,56.8,6.94,1.75,5.66,2.75,0.0,0.0,48.08,N,N,N,N,N,293.0,232.0,61.0,3242.0,9,Wednesday,Pelham Parkway,Bronx,West Village,Manhattan,-73.85439388215148,40.85440439427695,-74.00287478437944,40.73457538224023,3.143,68.24,56.8,11.440000000000001,8.719999999999999,0.12778429073856976,1.1588199389623601,15.88881993896236,1.4268160305188198,3.1777639877924724,4.604580018311292,43.4754199816887,48.2762220647993,2024-02
HV0003,B03404,B03404,2024-02-20 10:42:18,2024-02-20 10:46:15,2024-02-20 10:47:50,2024-02-20 11:02:45,25,97,0.91,895,8.91,0.0,0.25,0.79,0.0,0.0,0.0,9.61,N,N,N,N,N,332.0,237.0,95.0,1227.0,10,Tuesday,Boerum Hill,Brooklyn,Fort Greene,Brooklyn,-73.98611365960022,40.685633257491546,-73.97488192727519,40.69078610719341,3.143,9.16,8.91,0.25,-0.6999999999999993,-0.07641921397379904,0.24097206703910615,1.1509720670391062,0.10335729162011172,0.23019441340782124,0.33355170502793297,9.276448294972067,27.21696321263198,2024-02
HV0003,B03404,B03404,2024-02-22 16:55:55,2024-02-22 16:58:57,2024-02-22 16:59:16,2024-02-22 17:02:56,36,37,0.73,220,8.03,0.0,0.22,0.71,0.0,0.0,0.0,6.39,N,N,N,N,N,201.0,182.0,19.0,421.0,16,Thursday,Bushwick North,Brooklyn,Bushwick South,Brooklyn,-73.9177095234613,40.700521468719735,-73.9222368522579,40.694993402702586,3.143,8.25,8.03,0.22,1.6399999999999997,0.19878787878787874,0.6039090909090908,1.3339090909090907,0.11978503636363634,0.2667818181818182,0.38656685454545453,6.0034331454545455,51.33577036493198,2024-02
HV0003,B03404,B03404,2024-02-16 18:30:10,2024-02-16 18:37:48,2024-02-16 18:38:38,2024-02-16 18:50:50,161,141,1.15,732,11.58,0.0,0.32,1.03,2.75,0.0,5.0,8.63,N,N,N,N,N,508.0,458.0,50.0,1240.0,18,Friday,Midtown Center,Manhattan,Lenox Hill West,Manhattan,-73.97769778229288,40.758027399461895,-73.95963478688095,40.76694745582751,3.143,19.65,11.58,3.07,7.9499999999999975,0.4045801526717556,0.719535519125683,1.8695355191256828,0.1678842896174863,0.3739071038251366,0.5417913934426228,8.088208606557378,23.48189595452142,2024-02
HV0003,B03404,B03404,2024-02-04 14:25:30,2024-02-04 14:28:12,2024-02-04 14:28:24,2024-02-04 14:38:51,74,42,1.19,627,10.73,0.0,0.3,0.95,0.0,0.0,0.0,7.45,N,N,N,N,N,174.0,162.0,12.0,801.0,14,Sunday,East Harlem North,Manhattan,Central Harlem North,Manhattan,-73.93734546230694,40.80116855904873,-73.9407718835631,40.81825672430646,3.143,11.030000000000001,10.73,0.3,3.2800000000000002,0.29737080689029916,0.3074641148325359,1.4974641148325358,0.1344722775119617,0.2994928229665072,0.4339651004784689,7.016034899521531,31.532741121445085,2024-02
HV0003,B03404,B03404,2024-02-23 21:06:09,2024-02-23 21:07:28,2024-02-23 21:08:16,2024-02-23 21:27:45,162,226,3.74,1169,16.3,0.0,0.45,1.45,2.75,0.0,1.5,15.9,N,N,N,N,N,127.0,79.0,48.0,1296.0,21,Friday,Midtown East,Manhattan,Sunnyside,Queens,-73.97235591714862,40.756686941672,-73.92467262943985,40.73769725609221,3.143,21.0,16.3,3.2,1.9000000000000004,0.09047619047619049,0.2527459366980325,3.9927459366980327,0.3585485851154833,0.7985491873396066,1.15709777245509,14.74290222754491,40.95250618762475,2024-02
HV0003,B03404,B03404,2024-02-01 08:25:09,2024-02-01 08:28:18,2024-02-01 08:28:26,2024-02-01 08:44:56,237,161,1.78,990,33.48,0.0,0.92,2.97,2.75,0.0,8.02,19.28,N,N,N,N,N,197.0,189.0,8.0,1187.0,8,Thursday,Upper East Side South,Manhattan,Midtown Center,Manhattan,-73.96563449518534,40.76861447337675,-73.97769778229288,40.758027399461895,3.143,45.17,33.48,3.67,22.22,0.49191941554128843,0.33981818181818185,2.119818181818182,0.19035967272727272,0.4239636363636364,0.614323309090909,18.66567669090909,56.61030841387761,2024-02
HV0003,B03404,B03404,2024-02-09 20:45:03,2024-02-09 20:46:25,2024-02-09 20:46:28,2024-02-09 21:00:52,124,63,4.15,864,15.2,0.0,0.42,1.35,0.0,0.0,0.0,14.57,N,N,N,N,N,85.0,82.0,3.0,949.0,20,Friday,Howard Beach,Queens,Cypress Hills,Brooklyn,-73.8449183059148,40.65824687444377,-73.87817291227658,40.68383923597394,3.143,15.62,15.2,0.42,0.629999999999999,0.040332906530089564,0.3938657407407408,4.543865740740741,0.40803914351851855,0.9087731481481482,1.316812291666667,13.253187708333334,50.27552766069547,2024-02
HV0003,B03404,B03404,2024-02-22 11:20:43,2024-02-22 11:28:23,2024-02-22 11:28:54,2024-02-22 11:39:25,234,137,1.19,631,12.75,0.0,0.35,1.13,2.75,0.0,0.0,7.49,N,N,N,N,N,491.0,460.0,31.0,1122.0,11,Thursday,Union Sq,Manhattan,Kips Bay,Manhattan,-73.99045767416112,40.74033681887629,-73.97649447841282,40.74043833958882,3.143,15.85,12.75,3.1,5.26,0.3318611987381703,0.8675118858954042,2.057511885895404,0.18476456735340727,0.41150237717908084,0.5962669445324881,6.8937330554675125,22.118929589735334,2024-02
HV0003,B03404,B03404,2024-02-03 19:37:56,2024-02-03 19:40:03,2024-02-03 19:41:20,2024-02-03 19:59:16,113,164,1.4,1076,19.38,0.0,0.53,1.72,2.75,0.0,0.0,12.2,N,N,N,N,N,204.0,127.0,77.0,1280.0,19,Saturday,Greenwich Village North,Manhattan,Midtown South,Manhattan,-73.99430449266352,40.73257849687629,-73.98515619423324,40.74857395489648,3.143,22.66,19.38,3.2800000000000002,7.18,0.31685789938217124,0.16524163568773234,1.5652416356877323,0.14055869888475836,0.3130483271375465,0.45360702602230485,11.746392973977695,33.03673023931226,2024-02
HV0003,B03404,B03404,2024-02-03 16:43:27,2024-02-03 16:45:48,2024-02-03 16:45:58,2024-02-03 16:54:17,10,216,1.29,499,9.77,0.0,0.27,0.87,0.0,0.0,0.0,6.39,Y,N,N,N,N,151.0,141.0,10.0,650.0,16,Saturday,Baisley Park,Queens,South Ozone Park,Queens,-73.79098701332514,40.67895233930188,-73.81945966887841,40.6761529751015,3.143,10.04,9.77,0.27,3.38,0.3366533864541833,0.36450901803607216,1.6545090180360722,0.14857490981963928,0.33090180360721444,0.4794767134268537,5.910523286573146,32.73520589486665,2024-02
HV0003,B03404,B03404,2024-02-27 13:10:56,2024-02-27 13:12:51,2024-02-27 13:12:54,2024-02-27 13:42:16,244,82,13.61,1762,34.18,6.94,1.13,3.65,0.0,0.0,0.0,35.94,N,N,N,N,N,118.0,115.0,3.0,1880.0,13,Tuesday,Washington Heights South,Manhattan,Elmhurst,Queens,-73.9413990935137,40.84170795917971,-73.8771182418676,40.73949455225884,3.143,42.25,34.18,8.07,-1.759999999999998,-0.041656804733727765,0.8882803632236095,14.498280363223609,1.3019455766174801,2.899656072644722,4.201601649262202,31.738398350737796,60.77565641630641,2024-02
HV0003,B03404,B03404,2024-02-11 21:16:22,2024-02-11 21:19:06,2024-02-11 21:19:23,2024-02-11 21:38:51,159,212,4.1,1168,17.85,0.0,0.49,1.58,0.0,0.0,0.0,16.37,N,N,N,N,N,181.0,164.0,17.0,1349.0,21,Sunday,Melrose South,Bronx,Soundview/Bruckner,Bronx,-73.9128491499624,40.81825923634175,-73.86967995832318,40.82790176764516,3.143,18.34,17.85,0.49,1.4800000000000004,0.08069792802617233,0.5756849315068493,4.675684931506849,0.419876506849315,0.9351369863013699,1.3550134931506848,15.014986506849317,40.069645236958884,2024-02
HV0003,B03404,B03404,2024-02-12 00:57:44,2024-02-12 00:59:30,2024-02-12 01:01:43,2024-02-12 01:07:28,48,48,0.88,345,8.99,0.0,0.25,0.8,2.75,0.0,0.0,5.98,N,N,N,N,N,239.0,106.0,133.0,584.0,1,Monday,Clinton East,Manhattan,Clinton East,Manhattan,-73.98984463380468,40.762252049908085,-73.98984463380468,40.762252049908085,3.143,11.99,8.99,3.0,3.01,0.25104253544620514,0.2703768115942029,1.150376811594203,0.10330383768115942,0.23007536231884063,0.33337920000000004,5.6466208,34.807936438356165,2024-02
HV0003,B03404,B03404,2024-02-15 15:34:19,2024-02-15 15:35:55,2024-02-15 15:36:32,2024-02-15 15:52:50,213,212,2.84,978,19.68,0.0,0.54,1.75,0.0,0.0,0.0,12.92,N,N,N,N,N,133.0,96.0,37.0,1111.0,15,Thursday,Soundview/Castle Hill,Bronx,Soundview/Bruckner,Bronx,-73.85813492907864,40.81785812742239,-73.86967995832318,40.82790176764516,3.143,20.22,19.68,0.54,6.76,0.33432245301681507,0.2787730061349693,3.118773006134969,0.2800658159509202,0.6237546012269939,0.9038204171779141,12.016179582822087,38.93631547989155,2024-02
HV0003,B03404,B03404,2024-02-27 01:36:52,2024-02-27 01:40:16,2024-02-27 01:40:47,2024-02-27 01:53:58,65,61,3.17,791,15.15,0.0,0.42,1.34,0.0,0.0,5.0,12.6,N,N,N,N,N,235.0,204.0,31.0,1026.0,1,Tuesday,Downtown Brooklyn/MetroTech,Brooklyn,Crown Heights North,Brooklyn,-73.98608580922685,40.69533700725102,-73.93928693646026,40.67446920571126,3.143,20.57,15.15,0.42,7.549999999999999,0.36703937773456485,0.8175474083438685,3.9875474083438682,0.3580817572692793,0.7975094816687737,1.155591238938053,11.444408761061947,40.15582021425245,2024-02
HV0003,B03404,B03404,2024-02-16 23:07:47,2024-02-16 23:13:07,2024-02-16 23:13:15,2024-02-16 23:23:33,174,18,1.72,618,10.74,0.0,0.3,0.95,0.0,0.0,0.0,8.07,N,N,N,N,N,328.0,320.0,8.0,946.0,23,Friday,Norwood,Bronx,Bedford Park,Bronx,-73.87902205824633,40.87713685159281,-73.890183667512,40.86768169710327,3.143,11.040000000000001,10.74,0.3,2.67,0.24184782608695649,0.8906148867313914,2.6106148867313914,0.23443321682847892,0.5221229773462783,0.7565561941747573,7.313443805825243,27.83128721032862,2024-02
HV0003,B03404,B03404,2024-02-28 16:48:03,2024-02-28 16:49:07,2024-02-28 16:49:19,2024-02-28 17:02:54,247,119,1.86,815,12.44,0.0,0.34,1.1,0.0,0.0,0.0,10.1,N,N,N,N,N,76.0,64.0,12.0,891.0,16,Wednesday,West Concourse,Bronx,Highbridge,Bronx,-73.92440974289835,40.82898691319468,-73.92615739281834,40.83782626996652,3.143,12.78,12.44,0.34,2.34,0.18309859154929578,0.14606134969325155,2.0060613496932516,0.18014430920245397,0.40121226993865033,0.5813565791411043,9.518643420858895,38.459165336803615,2024-02
HV0003,B03404,B03404,2024-02-19 23:56:25,2024-02-19 23:56:52,2024-02-19 23:57:40,2024-02-20 00:15:35,79,48,3.44,1075,20.75,0.0,0.57,1.84,2.75,0.0,0.0,14.63,N,N,N,N,N,75.0,27.0,48.0,1150.0,23,Monday,East Village,Manhattan,Clinton East,Manhattan,-73.98593725800136,40.72761958691338,-73.98984463380468,40.762252049908085,3.143,24.07,20.75,3.32,6.119999999999999,0.2542584129621936,0.0864,3.5263999999999998,0.31667071999999996,0.70528,1.02195072,13.608049280000001,42.59911078956522,2024-02
HV0003,B03404,B03404,2024-02-22 11:10:18,2024-02-22 11:12:59,2024-02-22 11:13:17,2024-02-22 11:45:53,223,87,13.06,1956,56.23,6.94,1.74,5.61,2.75,0.0,10.99,36.0,N,N,N,N,N,179.0,161.0,18.0,2135.0,11,Thursday,Steinway,Queens,Financial District North,Manhattan,-73.90540723993595,40.77742599740797,-74.0074957883342,40.70680798106304,3.143,78.64999999999999,56.23,11.43,31.22,0.39694850603941517,1.0749795501022497,14.13497955010225,1.269321163599182,2.8269959100204503,4.096317073619632,31.90368292638037,53.79543725291303,2024-02
HV0003,B03404,B03404,2024-02-06 06:09:04,2024-02-06 06:09:49,2024-02-06 06:11:16,2024-02-06 06:25:48,158,230,2.04,872,12.74,0.0,0.35,1.13,2.75,0.0,0.0,10.87,N,N,N,N,N,132.0,45.0,87.0,1004.0,6,Tuesday,Meatpacking/West Village West,Manhattan,Times Sq/Theatre District,Manhattan,-74.00898395410488,40.73503468604606,-73.98419629996178,40.7598170009371,3.143,15.84,12.74,3.1,1.870000000000001,0.11805555555555562,0.10527522935779818,2.1452752293577984,0.19264571559633029,0.4290550458715597,0.62170076146789,10.248299238532109,36.746889699915926,2024-02
HV0003,B03404,B03404,2024-02-14 21:03:38,2024-02-14 21:12:43,2024-02-14 21:13:05,2024-02-14 21:33:16,224,239,5.37,1211,31.55,0.0,0.87,2.8,2.75,0.0,0.0,18.44,N,N,N,N,N,567.0,545.0,22.0,1778.0,21,Wednesday,Stuy Town/Peter Cooper Village,Manhattan,Upper West Side South,Manhattan,-73.97659739896895,40.73182002928329,-73.97863166507607,40.783960878966745,3.143,35.17,31.55,3.62,13.11,0.37276087574637473,2.4167217175887696,7.78672171758877,0.6992476102394715,1.557344343517754,2.2565919537572254,16.183408046242775,32.76730538046906,2024-02
HV0003,B03404,B03404,2024-02-14 11:29:41,2024-02-14 11:33:55,2024-02-14 11:34:04,2024-02-14 11:46:19,82,56,1.79,735,13.36,0.0,0.37,1.19,0.0,0.0,0.0,9.26,N,N,N,N,N,263.0,254.0,9.0,998.0,11,Wednesday,Elmhurst,Queens,Corona,Queens,-73.8771182418676,40.73949455225884,-73.85884532361277,40.7414060161842,3.143,13.729999999999999,13.36,0.37,4.1,0.2986161689730517,0.6185850340136055,2.4085850340136057,0.2162909360544218,0.48171700680272117,0.698007942857143,8.561992057142858,30.88494128829087,2024-02
HV0003,B03404,B03404,2024-02-14 19:13:47,2024-02-14 19:14:59,2024-02-14 19:16:23,2024-02-14 19:19:29,94,94,0.44,186,8.96,0.0,0.25,0.8,0.0,0.0,1.0,5.4,N,N,N,N,N,156.0,72.0,84.0,342.0,19,Wednesday,Fordham South,Bronx,Fordham South,Bronx,-73.89953579023309,40.858154663426106,-73.89953579023309,40.858154663426106,3.143,10.21,8.96,0.25,4.5600000000000005,0.4466209598432909,0.1703225806451613,0.6103225806451613,0.05480696774193548,0.12206451612903227,0.17687148387096774,5.223128516129033,54.98030016977929,2024-02
HV0003,B03404,B03404,2024-02-15 21:20:55,2024-02-15 21:23:47,2024-02-15 21:23:49,2024-02-15 21:44:13,68,238,4.24,1224,46.67,0.0,1.28,4.14,2.75,0.0,8.0,26.78,N,N,N,N,N,174.0,172.0,2.0,1398.0,21,Thursday,East Chelsea,Manhattan,Upper West Side North,Manhattan,-73.99991751678058,40.748426777755405,-73.97304858188282,40.79170437688446,3.143,58.7,46.67,4.03,27.89,0.47512776831345827,0.5958169934640524,4.835816993464053,0.4342563660130719,0.9671633986928105,1.4014197647058824,25.37858023529412,65.35256712951276,2024-02
HV0003,B03404,B03404,2024-02-09 19:39:09,2024-02-09 19:40:16,2024-02-09 19:42:16,2024-02-09 19:52:22,89,188,1.79,606,13.44,0.0,0.39,1.27,0.0,0.0,5.0,14.46,N,N,N,N,N,187.0,67.0,120.0,793.0,19,Friday,Flatbush/Ditmas Park,Brooklyn,Prospect-Lefferts Gardens,Brooklyn,-73.96096812758745,40.637899248043546,-73.94744189565975,40.65874424163321,3.143,18.83,13.44,0.39,3.979999999999997,0.21136484333510341,0.19790429042904292,1.987904290429043,0.17851380528052804,0.3975808580858086,0.5760946633663366,13.883905336633664,63.029078451300364,2024-02
HV0003,B03404,B03404,2024-02-28 09:17:30,2024-02-28 09:21:29,2024-02-28 09:21:47,2024-02-28 09:46:44,174,69,5.19,1497,21.4,0.0,0.59,1.9,0.0,0.0,0.0,20.89,N,N,N,N,N,257.0,239.0,18.0,1754.0,9,Wednesday,Norwood,Bronx,East Concourse/Concourse Village,Bronx,-73.87902205824633,40.87713685159281,-73.9150298985607,40.83141570129418,3.143,21.99,21.4,0.59,0.509999999999998,0.02319236016371069,0.8285971943887777,6.018597194388778,0.5404700280561122,1.2037194388777557,1.744189466933868,19.145810533066133,39.29584830047781,2024-02
HV0003,B03404,B03404,2024-02-01 10:03:18,2024-02-01 10:04:50,2024-02-01 10:05:01,2024-02-01 10:09:24,181,181,0.96,263,9.24,0.0,0.25,0.82,0.0,0.0,0.0,5.39,N,N,N,N,N,103.0,92.0,11.0,366.0,10,Thursday,Park Slope,Brooklyn,Park Slope,Brooklyn,-73.98141426627474,40.67037356101699,-73.98141426627474,40.67037356101699,3.143,9.49,9.24,0.25,3.8500000000000005,0.4056902002107482,0.33581749049429654,1.2958174904942965,0.11636441064638782,0.2591634980988593,0.3755279087452471,5.014472091254753,49.3226763074238,2024-02
HV0003,B03404,B03404,2024-02-15 21:06:15,2024-02-15 21:07:14,2024-02-15 21:09:11,2024-02-15 21:21:57,161,90,1.8,766,29.58,0.0,0.81,2.63,2.75,0.0,0.0,16.97,N,N,N,N,N,176.0,59.0,117.0,942.0,21,Thursday,Midtown Center,Manhattan,Flatiron,Manhattan,-73.97769778229288,40.758027399461895,-73.9969712245153,40.742278038328486,3.143,33.14,29.58,3.56,12.61,0.3805069402534701,0.13864229765013056,1.9386422976501305,0.1740900783289817,0.3877284595300261,0.5618185378590078,16.40818146214099,62.70642596996557,2024-02
HV0003,B03404,B03404,2024-02-16 16:38:45,2024-02-16 16:39:13,2024-02-16 16:39:52,2024-02-16 17:00:35,76,61,2.16,1243,15.63,0.0,0.43,1.39,0.0,0.0,0.0,16.22,N,N,N,N,N,67.0,28.0,39.0,1310.0,16,Friday,East New York,Brooklyn,Crown Heights North,Brooklyn,-73.87682032859912,40.66093356035302,-73.93928693646026,40.67446920571126,3.143,16.060000000000002,15.63,0.43,-0.5899999999999981,-0.03673723536737223,0.04865647626709574,2.208656476267096,0.1983373515687852,0.4417312952534192,0.6400686468222044,15.579931353177795,42.815078527816844,2024-02
HV0003,B03404,B03404,2024-02-04 12:00:29,2024-02-04 12:04:33,2024-02-04 12:05:38,2024-02-04 12:15:59,196,82,1.66,621,10.69,0.0,0.29,0.95,0.0,0.0,0.0,8.02,N,N,N,N,N,309.0,244.0,65.0,930.0,12,Sunday,Rego Park,Queens,Elmhurst,Queens,-73.86333842618821,40.72615456414307,-73.8771182418676,40.73949455225884,3.143,10.979999999999999,10.69,0.29,2.67,0.24316939890710385,0.6522383252818036,2.3122383252818035,0.20763900161030593,0.4624476650563607,0.6700866666666666,7.349913333333333,28.451277419354835,2024-02
HV0003,B03404,B03404,2024-02-05 23:16:57,2024-02-05 23:20:59,2024-02-05 23:21:56,2024-02-05 23:35:43,147,32,4.84,827,13.7,0.0,0.38,1.22,0.0,0.0,0.0,24.0,N,N,N,N,N,299.0,242.0,57.0,1126.0,23,Monday,Longwood,Bronx,Bronxdale,Bronx,-73.89895639411876,40.81967507177996,-73.86490087169818,40.86400152279616,3.143,14.08,13.7,0.38,-10.3,-0.7315340909090909,1.4162998790810155,6.256299879081015,0.5618157291414752,1.251259975816203,1.8130757049576782,22.18692429504232,70.93510431807492,2024-02
HV0003,B03404,B03404,2024-02-25 02:09:40,2024-02-25 02:11:02,2024-02-25 02:12:30,2024-02-25 02:28:28,16,197,9.55,958,38.51,0.0,1.06,3.42,0.0,0.0,0.0,21.56,N,N,N,N,N,170.0,82.0,88.0,1128.0,2,Sunday,Bayside,Queens,Richmond Hill,Queens,-73.7734213430122,40.76273674166779,-73.83092448484014,40.69454169265697,3.143,39.57,38.51,1.06,16.95,0.42835481425322214,0.8174321503131524,10.367432150313153,0.9309954070981211,2.073486430062631,3.004481837160752,18.555518162839245,59.21973881757206,2024-02
HV0003,B03404,B03404,2024-02-09 13:44:24,2024-02-09 13:45:08,2024-02-09 13:46:03,2024-02-09 14:04:49,113,141,3.99,1126,18.62,0.0,0.51,1.65,2.75,0.0,0.0,22.19,N,N,N,N,N,99.0,44.0,55.0,1225.0,13,Friday,Greenwich Village North,Manhattan,Lenox Hill West,Manhattan,-73.99430449266352,40.73257849687629,-73.95963478688095,40.76694745582751,3.143,21.880000000000003,18.62,3.26,-3.5700000000000003,-0.16316270566727606,0.15591474245115455,4.145914742451155,0.3723031438721137,0.8291829484902311,1.201486092362345,20.988513907637657,61.68053066734331,2024-02
HV0003,B03404,B03404,2024-02-09 18:41:27,2024-02-09 18:48:12,2024-02-09 18:49:48,2024-02-09 19:11:47,231,230,5.91,1319,28.39,0.0,0.78,2.52,2.75,0.0,0.0,27.35,N,N,N,N,N,501.0,405.0,96.0,1820.0,18,Friday,TriBeCa/Civic Center,Manhattan,Times Sq/Theatre District,Manhattan,-74.00787947243188,40.717772159208046,-73.98419629996178,40.7598170009371,3.143,31.92,28.39,3.5300000000000002,1.0399999999999991,0.03258145363408518,1.8146702047005308,7.724670204700531,0.6936753843821076,1.5449340409401062,2.2386094253222137,25.111390574677788,49.67088245540661,2024-02
HV0003,B03404,B03404,2024-02-11 18:58:16,2024-02-11 18:59:19,2024-02-11 18:59:38,2024-02-11 19:12:39,113,50,2.7,781,18.8,0.0,0.52,1.67,2.75,0.0,0.0,21.27,N,N,N,N,N,82.0,63.0,19.0,863.0,18,Sunday,Greenwich Village North,Manhattan,Clinton West,Manhattan,-73.99430449266352,40.73257849687629,-73.99513507723576,40.76623709408489,3.143,22.07,18.8,3.27,-2.469999999999999,-0.11191662890801989,0.217797695262484,2.9177976952624842,0.26201823303457106,0.5835595390524969,0.845577772087068,20.42442222791293,85.20037082327526,2024-02
HV0003,B03404,B03404,2024-02-23 15:37:43,2024-02-23 15:38:49,2024-02-23 15:39:23,2024-02-23 16:18:11,51,243,10.26,2328,36.64,0.0,1.01,3.25,0.0,0.0,0.0,35.36,N,N,N,N,N,100.0,66.0,34.0,2428.0,15,Friday,Co-Op City,Bronx,Washington Heights North,Manhattan,-73.82826341101214,40.87397187629544,-73.93283150973461,40.85710754449232,3.143,37.65,36.64,1.01,1.2800000000000011,0.033997343957503354,0.2908762886597938,10.550876288659794,0.9474686907216494,2.110175257731959,3.057643948453608,32.30235605154639,47.894761855670104,2024-02
HV0003,B03404,B03404,2024-02-23 12:06:22,2024-02-23 12:17:25,2024-02-23 12:17:36,2024-02-23 12:38:55,26,26,1.42,1279,12.47,0.0,0.34,1.11,0.0,0.0,0.0,13.89,N,N,N,N,N,674.0,663.0,11.0,1953.0,12,Friday,Borough Park,Brooklyn,Borough Park,Brooklyn,-73.9886606263467,40.63094893241426,-73.9886606263467,40.63094893241426,3.143,12.81,12.47,0.34,-1.42,-0.11085089773614362,0.7360906958561375,2.1560906958561374,0.19361694448788114,0.43121813917122753,0.6248350836591087,13.265164916340892,24.451916896480906,2024-02
HV0003,B03404,B03404,2024-02-24 14:02:48,2024-02-24 14:05:01,2024-02-24 14:06:05,2024-02-24 14:17:32,206,221,3.27,687,13.64,0.0,0.38,1.21,0.0,0.0,0.0,10.76,N,N,N,N,N,197.0,133.0,64.0,884.0,14,Saturday,Saint George/New Brighton,Staten Island,Stapleton,Staten Island,-74.10231448191689,40.638972921799166,-74.07370346784535,40.61876794148682,3.143,14.020000000000001,13.64,0.38,2.880000000000001,0.2054208273894437,0.6330567685589519,3.903056768558952,0.35049449781659386,0.7806113537117905,1.1311058515283843,9.628894148471616,39.2126911023731,2024-02
HV0003,B03404,B03404,2024-02-25 06:25:19,2024-02-25 06:28:23,2024-02-25 06:29:21,2024-02-25 06:39:20,130,134,3.07,599,12.52,0.0,0.34,1.11,0.0,0.0,0.0,9.66,N,N,N,N,N,242.0,184.0,58.0,841.0,6,Sunday,Jamaica,Queens,Kew Gardens,Queens,-73.79398135276409,40.70436829225682,-73.82871255016717,40.70805026272772,3.143,12.86,12.52,0.34,2.8599999999999994,0.22239502332814926,0.9430383973288814,4.013038397328881,0.3603708480801335,0.8026076794657762,1.1629785275459097,8.49702147245409,36.37250570848362,2024-02
HV0003,B03404,B03404,2024-02-17 13:00:06,2024-02-17 13:03:01,2024-02-17 13:03:11,2024-02-17 13:31:16,116,88,12.24,1685,30.72,0.0,0.84,2.73,2.75,0.0,0.0,31.92,N,N,N,N,N,185.0,175.0,10.0,1870.0,13,Saturday,Hamilton Heights,Manhattan,Financial District South,Manhattan,-73.94852161825773,40.82701211556071,-74.01151486998491,40.70335745268971,3.143,34.31,30.72,3.59,-1.2000000000000028,-0.03497522588166723,1.2712166172106827,13.511216617210684,1.2133072522255193,2.702243323442137,3.9155505756676563,28.004449424332346,53.91230905219061,2024-02
HV0003,B03404,B03404,2024-02-27 16:35:22,2024-02-27 16:41:20,2024-02-27 16:41:38,2024-02-27 17:10:31,210,89,5.26,1733,25.93,0.0,0.71,2.3,0.0,0.0,0.0,23.2,N,N,N,N,N,376.0,358.0,18.0,2109.0,16,Tuesday,Sheepshead Bay,Brooklyn,Flatbush/Ditmas Park,Brooklyn,-73.94050746825633,40.59202328403454,-73.96096812758745,40.637899248043546,3.143,26.64,25.93,0.71,2.7300000000000004,0.10247747747747749,1.086601269474899,6.346601269474899,0.5699247939988459,1.26932025389498,1.8392450478938258,21.360754952106173,36.462170615259474,2024-02
HV0003,B03404,B03404,2024-02-07 07:25:33,2024-02-07 07:28:54,2024-02-07 07:30:20,2024-02-07 07:33:47,210,210,0.5,207,8.91,0.0,0.25,0.79,0.0,0.0,0.0,5.4,N,N,N,N,N,287.0,201.0,86.0,494.0,7,Wednesday,Sheepshead Bay,Brooklyn,Sheepshead Bay,Brooklyn,-73.94050746825633,40.59202328403454,-73.94050746825633,40.59202328403454,3.143,9.16,8.91,0.25,3.51,0.38318777292576417,0.4855072463768116,0.9855072463768115,0.08849855072463766,0.19710144927536233,0.28559999999999997,5.114400000000001,37.27093117408908,2024-02
HV0003,B03404,B03404,2024-02-24 09:24:16,2024-02-24 09:25:08,2024-02-24 09:26:08,2024-02-24 10:01:20,61,196,8.49,2112,28.65,0.0,0.79,2.54,0.0,0.0,0.0,31.01,N,N,N,N,N,112.0,52.0,60.0,2224.0,9,Saturday,Crown Heights North,Brooklyn,Rego Park,Queens,-73.93928693646026,40.67446920571126,-73.86333842618821,40.72615456414307,3.143,29.439999999999998,28.65,0.79,-2.360000000000003,-0.08016304347826098,0.2090340909090909,8.699034090909091,0.7811732613636363,1.7398068181818183,2.5209800795454544,28.489019920454545,46.11532001512427,2024-02
HV0003,B03404,B03404,2024-02-16 13:20:02,2024-02-16 13:21:18,2024-02-16 13:22:48,2024-02-16 13:29:09,235,94,0.98,381,7.5,0.0,0.21,0.67,0.0,0.0,0.0,8.14,N,N,N,N,N,166.0,76.0,90.0,547.0,13,Friday,University Heights/Morris Heights,Bronx,Fordham South,Bronx,-73.91597563385105,40.85252046623772,-73.89953579023309,40.858154663426106,3.143,7.71,7.5,0.21,-0.6400000000000006,-0.08300907911802861,0.19548556430446193,1.175485564304462,0.10555860367454067,0.2350971128608924,0.3406557165354331,7.799344283464568,51.330236600498075,2024-02
HV0003,B03404,B03404,2024-02-01 17:13:33,2024-02-01 17:20:20,2024-02-01 17:21:13,2024-02-01 17:54:08,237,90,2.92,1975,70.08,0.0,1.93,6.22,2.75,0.0,8.09,46.24,N,N,N,N,N,460.0,407.0,53.0,2435.0,17,Thursday,Upper East Side South,Manhattan,Flatiron,Manhattan,-73.96563449518534,40.76861447337675,-73.9969712245153,40.742278038328486,3.143,82.85000000000001,70.08,4.68,31.93,0.38539529269764633,0.6017417721518987,3.5217417721518984,0.31625241113924046,0.7043483544303797,1.02060076556962,45.219399234430384,66.85414260531802,2024-02
HV0003,B03404,B03404,2024-02-18 23:39:26,2024-02-18 23:42:15,2024-02-18 23:43:04,2024-02-18 23:49:33,238,236,1.12,389,8.28,0.0,0.23,0.73,2.75,0.0,0.0,5.38,N,N,N,N,N,218.0,169.0,49.0,607.0,23,Sunday,Upper West Side North,Manhattan,Upper East Side North,Manhattan,-73.97304858188282,40.79170437688446,-73.957011704106,40.78043571518905,3.143,11.26,8.28,2.98,2.8999999999999995,0.2575488454706927,0.4865809768637533,1.6065809768637533,0.14427097172236505,0.3213161953727507,0.4655871670951157,4.914412832904884,29.146435252813152,2024-02
HV0003,B03404,B03404,2024-02-14 12:24:01,2024-02-14 12:26:10,2024-02-14 12:28:12,2024-02-14 12:35:55,166,152,1.12,463,9.59,0.0,0.26,0.85,0.0,0.0,0.0,6.91,N,N,N,N,N,251.0,129.0,122.0,714.0,12,Wednesday,Morningside Heights,Manhattan,Manhattanville,Manhattan,-73.96176346467264,40.809456315241775,-73.95378198907079,40.81797460055961,3.143,9.85,9.59,0.26,2.6799999999999997,0.27208121827411164,0.31205183585313173,1.4320518358531318,0.12859825485961124,0.28641036717062635,0.4150086220302376,6.494991377969763,32.7478556872425,2024-02
HV0003,B03404,B03404,2024-02-09 00:32:18,2024-02-09 00:38:44,2024-02-09 00:39:31,2024-02-09 01:09:38,188,134,8.34,1807,32.18,0.0,0.88,2.86,0.0,0.0,0.0,27.95,N,N,N,N,N,433.0,386.0,47.0,2240.0,0,Friday,Prospect-Lefferts Gardens,Brooklyn,Kew Gardens,Queens,-73.94744189565975,40.65874424163321,-73.82871255016717,40.70805026272772,3.143,33.06,32.18,0.88,4.23,0.1279491833030853,1.7815384615384613,10.121538461538462,0.9089141538461539,2.0243076923076924,2.933221846153846,25.016778153846154,40.20553631868132,2024-02
HV0003,B03404,B03404,2024-02-01 12:05:15,2024-02-01 12:07:08,2024-02-01 12:07:33,2024-02-01 12:41:01,164,258,10.89,2008,38.07,6.94,1.24,3.99,2.75,0.0,0.0,33.19,N,N,N,N,N,138.0,113.0,25.0,2146.0,12,Thursday,Midtown South,Manhattan,Woodhaven,Queens,-73.98515619423324,40.74857395489648,-73.85576684520184,40.68872054521105,3.143,49.0,38.07,10.93,4.880000000000003,0.09959183673469393,0.6128336653386455,11.502833665338645,1.0329544631474104,2.300566733067729,3.3335211962151394,29.85647880378486,50.0854257659019,2024-02
HV0003,B03404,B03404,2024-02-11 17:52:52,2024-02-11 17:59:19,2024-02-11 17:59:31,2024-02-11 18:11:43,247,94,1.93,732,14.28,0.0,0.39,1.27,0.0,0.0,0.0,22.68,N,N,N,N,N,399.0,387.0,12.0,1131.0,17,Sunday,West Concourse,Bronx,Fordham South,Bronx,-73.92440974289835,40.82898691319468,-73.89953579023309,40.858154663426106,3.143,14.67,14.28,0.39,-8.4,-0.5725971370143149,1.0203688524590162,2.9503688524590164,0.2649431229508196,0.5900737704918033,0.855016893442623,21.824983106557376,69.469442248989,2024-02
HV0003,B03404,B03404,2024-02-06 22:27:49,2024-02-06 22:29:11,2024-02-06 22:29:24,2024-02-06 22:36:19,174,18,1.02,415,8.94,0.0,0.25,0.79,0.0,0.0,0.0,12.89,N,N,N,N,N,95.0,82.0,13.0,510.0,22,Tuesday,Norwood,Bronx,Bedford Park,Bronx,-73.87902205824633,40.87713685159281,-73.890183667512,40.86768169710327,3.143,9.19,8.94,0.25,-3.950000000000001,-0.42981501632208935,0.2015421686746988,1.2215421686746988,0.10969448674698795,0.24430843373493977,0.3540029204819277,12.535997079518072,88.48939114953933,2024-02
HV0003,B03404,B03404,2024-02-12 18:10:30,2024-02-12 18:13:01,2024-02-12 18:15:02,2024-02-12 18:58:32,129,188,9.56,2610,40.07,0.0,1.1,3.56,0.0,0.0,0.0,37.1,Y,N,N,N,N,272.0,151.0,121.0,2882.0,18,Monday,Jackson Heights,Queens,Prospect-Lefferts Gardens,Brooklyn,-73.88531716686686,40.7573109858269,-73.94744189565975,40.65874424163321,3.143,41.17,40.07,1.1,2.969999999999999,0.07213990769978136,0.553088122605364,10.113088122605365,0.9081553134099617,2.022617624521073,2.9307729379310348,34.16922706206897,42.68189362368088,2024-02
HV0003,B03404,B03404,2024-02-07 19:20:29,2024-02-07 19:20:44,2024-02-07 19:21:31,2024-02-07 19:40:10,13,87,1.7,1119,13.18,0.0,0.36,1.17,2.75,0.0,0.0,13.01,N,N,N,N,N,62.0,15.0,47.0,1181.0,19,Wednesday,Battery Park City,Manhattan,Financial District North,Manhattan,-74.01607908770592,40.71203749145812,-74.0074957883342,40.70680798106304,3.143,16.29,13.18,3.11,0.16999999999999993,0.010435850214855736,0.022788203753351208,1.722788203753351,0.1547063806970509,0.34455764075067025,0.49926402144772114,12.510735978552278,38.136028385087386,2024-02
HV0003,B03404,B03404,2024-02-10 21:28:49,2024-02-10 21:30:12,2024-02-10 21:31:51,2024-02-10 21:36:09,112,112,0.91,258,11.74,0.0,0.32,1.04,0.0,0.0,0.0,18.98,N,N,N,N,N,182.0,83.0,99.0,440.0,21,Saturday,Greenpoint,Brooklyn,Greenpoint,Brooklyn,-73.94953985600077,40.72950555799535,-73.94953985600077,40.72950555799535,3.143,12.06,11.74,0.32,-7.24,-0.6003316749585407,0.29275193798449617,1.2027519379844962,0.10800712403100775,0.24055038759689926,0.348557511627907,18.631442488372095,152.4390749048626,2024-02
HV0003,B03404,B03404,2024-02-21 12:50:11,2024-02-21 12:56:11,2024-02-21 12:56:48,2024-02-21 13:11:29,210,21,4.68,881,20.53,0.0,0.56,1.82,0.0,0.0,0.0,14.43,N,N,N,N,N,397.0,360.0,37.0,1278.0,12,Wednesday,Sheepshead Bay,Brooklyn,Bensonhurst East,Brooklyn,-73.94050746825633,40.59202328403454,-73.9835379748552,40.60142880673965,3.143,21.09,20.53,0.56,6.100000000000001,0.2892366050260788,1.9123723041997729,6.592372304199772,0.5919950329171395,1.3184744608399546,1.910469493757094,12.519530506242905,35.2662831161772,2024-02
HV0003,B03404,B03404,2024-02-29 23:50:09,2024-02-29 23:52:34,2024-02-29 23:52:48,2024-02-29 23:56:53,185,20,1.36,245,9.95,0.0,0.27,0.88,0.0,0.0,1.0,5.39,Y,N,N,N,N,159.0,145.0,14.0,404.0,23,Thursday,Pelham Parkway,Bronx,Belmont,Bronx,-73.85439388215148,40.85440439427695,-73.88586731138831,40.857778885275984,3.143,11.219999999999999,9.95,0.27,5.56,0.49554367201426025,0.8048979591836735,2.1648979591836737,0.1944078367346939,0.43297959183673473,0.6273874285714286,4.762612571428571,42.43912192362093,2024-02
HV0003,B03404,B03404,2024-02-10 11:19:32,2024-02-10 11:20:59,2024-02-10 11:22:59,2024-02-10 11:42:36,78,136,2.79,1177,18.18,0.0,0.5,1.61,0.0,0.0,0.0,24.0,N,N,N,N,N,207.0,87.0,120.0,1384.0,11,Saturday,East Tremont,Bronx,Kingsbridge Heights,Bronx,-73.88552139857157,40.844959817621785,-73.90591111534405,40.8652635680692,3.143,18.68,18.18,0.5,-5.82,-0.31156316916488225,0.20622769753610876,2.9962276975361086,0.26906124723874253,0.5992455395072217,0.8683067867459642,23.131693213254035,60.169144196325526,2024-02
HV0003,B03404,B03404,2024-02-20 12:30:27,2024-02-20 12:31:29,2024-02-20 12:31:43,2024-02-20 13:00:19,234,33,6.31,1716,49.0,0.0,1.35,4.35,2.75,0.0,0.0,24.82,N,N,N,N,N,76.0,62.0,14.0,1792.0,12,Tuesday,Union Sq,Manhattan,Brooklyn Heights,Brooklyn,-73.99045767416112,40.74033681887629,-73.99524997291579,40.69579763638819,3.143,53.1,49.0,4.1,24.18,0.4553672316384181,0.22798368298368296,6.537983682983683,0.5871109347319347,1.3075967365967367,1.8947076713286712,22.92529232867133,46.05527476742008,2024-02
HV0003,B03404,B03404,2024-02-29 20:22:58,2024-02-29 20:28:35,2024-02-29 20:28:39,2024-02-29 20:36:47,240,200,2.15,488,13.4,0.0,0.37,1.19,0.0,0.0,3.0,7.42,N,N,N,N,N,341.0,337.0,4.0,829.0,20,Thursday,Van Cortlandt Park,Bronx,Riverdale/North Riverdale/Fieldston,Bronx,-73.88197726427191,40.8945982201158,-73.90698736246745,40.89952795847699,3.143,16.77,13.4,0.37,8.979999999999999,0.5354800238521168,1.4847336065573769,3.6347336065573765,0.32639907786885236,0.7269467213114753,1.0533457991803277,6.3666542008196725,27.647714261701836,2024-02
HV0003,B03404,B03404,2024-02-13 17:43:16,2024-02-13 17:43:50,2024-02-13 17:45:52,2024-02-13 18:02:12,163,164,1.45,980,21.82,0.0,0.6,1.94,2.75,0.0,0.0,11.42,N,N,N,N,N,156.0,34.0,122.0,1136.0,17,Tuesday,Midtown North,Manhattan,Midtown South,Manhattan,-73.97756832086549,40.764420870266285,-73.98515619423324,40.74857395489648,3.143,25.17,21.82,3.35,10.4,0.4131903059197457,0.05030612244897959,1.5003061224489795,0.13472748979591836,0.30006122448979594,0.4347887142857143,10.985211285714286,34.812289285714286,2024-02
HV0003,B03404,B03404,2024-02-22 20:31:53,2024-02-22 20:36:46,2024-02-22 20:36:53,2024-02-22 20:50:54,22,26,2.24,841,12.17,0.0,0.33,1.08,0.0,0.0,0.0,10.85,N,N,N,N,N,300.0,293.0,7.0,1141.0,20,Thursday,Bensonhurst West,Brooklyn,Borough Park,Brooklyn,-73.99525874269187,40.6122174014384,-73.9886606263467,40.63094893241426,3.143,12.5,12.17,0.33,1.3200000000000003,0.10560000000000003,0.7804042806183116,3.020404280618312,0.2712323043995244,0.6040808561236624,0.8753131605231868,9.974686839476814,31.471404576789247,2024-02
HV0003,B03404,B03404,2024-02-17 15:06:28,2024-02-17 15:08:12,2024-02-17 15:08:14,2024-02-17 15:30:31,256,87,3.37,1337,32.03,0.0,0.87,2.84,2.75,0.0,0.0,17.0,N,N,N,N,N,106.0,104.0,2.0,1443.0,15,Saturday,Williamsburg (South Side),Brooklyn,Financial District North,Manhattan,-73.95990445316505,40.71087946812129,-74.0074957883342,40.70680798106304,3.143,35.65,32.03,3.62,15.030000000000001,0.4215988779803647,0.2621391174270755,3.6321391174270756,0.3261660927449514,0.7264278234854151,1.0525939162303666,15.947406083769634,39.785628483416964,2024-02
HV0003,B03404,B03404,2024-02-11 22:20:35,2024-02-11 22:20:46,2024-02-11 22:22:47,2024-02-11 22:53:53,249,89,8.86,1866,34.73,0.0,0.96,3.08,2.75,0.0,0.0,29.18,N,N,N,N,N,132.0,11.0,121.0,1998.0,22,Sunday,West Village,Manhattan,Flatbush/Ditmas Park,Brooklyn,-74.00287478437944,40.73457538224023,-73.96096812758745,40.637899248043546,3.143,38.44,34.73,3.71,5.549999999999997,0.14438085327783554,0.05222936763129689,8.912229367631296,0.8003181972132903,1.7824458735262594,2.58276407073955,26.59723592926045,47.922947620289094,2024-02
HV0003,B03404,B03404,2024-02-02 20:28:05,2024-02-02 20:31:19,2024-02-02 20:32:43,2024-02-02 20:53:49,56,252,6.04,1266,19.01,0.0,0.52,1.69,0.0,0.0,0.0,19.84,N,N,N,N,N,278.0,194.0,84.0,1544.0,20,Friday,Corona,Queens,Whitestone,Queens,-73.85884532361277,40.7414060161842,-73.81565697470342,40.78819242797384,3.143,19.53,19.01,0.52,-0.8299999999999983,-0.04249871991807467,0.9255608214849922,6.965560821484992,0.6255073617693523,1.3931121642969986,2.0186195260663506,17.82138047393365,41.55244151953442,2024-02
HV0003,B03404,B03404,2024-02-04 13:58:48,2024-02-04 14:01:31,2024-02-04 14:03:00,2024-02-04 14:22:46,63,95,5.9,1186,20.45,0.0,0.56,1.81,0.0,0.0,0.0,18.9,Y,N,N,N,N,252.0,163.0,89.0,1438.0,14,Sunday,Cypress Hills,Brooklyn,Forest Hills,Queens,-73.87817291227658,40.68383923597394,-73.84766918479201,40.72143087062858,3.143,21.009999999999998,20.45,0.56,1.5500000000000007,0.07377439314612094,0.810876897133221,6.710876897133222,0.6026367453625633,1.3421753794266444,1.9448121247892076,16.95518787521079,42.44692374878918,2024-02
HV0003,B03404,B03404,2024-02-29 19:30:34,2024-02-29 19:33:44,2024-02-29 19:35:30,2024-02-29 20:29:16,37,56,15.47,3226,53.67,0.0,1.48,4.76,0.0,0.0,0.0,50.66,N,N,N,N,N,296.0,190.0,106.0,3522.0,19,Thursday,Bushwick South,Brooklyn,Corona,Queens,-73.9222368522579,40.694993402702586,-73.85884532361277,40.7414060161842,3.143,55.15,53.67,1.48,3.010000000000005,0.054578422484134276,0.9111283323000621,16.38112833230006,1.4710253242405453,3.2762256664600127,4.747250990700558,45.91274900929944,46.92955605720556,2024-02
HV0003,B03404,B03404,2024-02-24 17:16:01,2024-02-24 17:19:30,2024-02-24 17:20:36,2024-02-24 17:39:52,17,106,3.45,1156,24.17,0.0,0.66,2.15,0.0,0.0,0.0,15.67,N,N,N,N,N,275.0,209.0,66.0,1431.0,17,Saturday,Bedford,Brooklyn,Gowanus,Brooklyn,-73.94990474718477,40.69150649558427,-73.99064748886755,40.67351226923787,3.143,24.830000000000002,24.17,0.66,8.500000000000002,0.34232782923882404,0.6237456747404845,4.0737456747404845,0.3658223615916955,0.814749134948097,1.1805714965397924,14.489428503460207,36.45139246153511,2024-02
HV0003,B03404,B03404,2024-02-17 11:33:21,2024-02-17 11:35:13,2024-02-17 11:35:13,2024-02-17 11:45:59,234,144,1.53,646,25.08,0.0,0.69,2.23,2.75,0.0,4.61,15.15,N,N,N,N,N,112.0,112.0,0.0,758.0,11,Saturday,Union Sq,Manhattan,Little Italy/NoLiTa,Manhattan,-73.99045767416112,40.74033681887629,-73.99691839304907,40.72088834178079,3.143,33.13,25.08,3.44,14.539999999999997,0.4388771506187744,0.26526315789473687,1.795263157894737,0.16121463157894736,0.3590526315789474,0.5202672631578947,14.629732736842106,69.4815802805166,2024-02
HV0003,B03404,B03404,2024-02-23 09:17:05,2024-02-23 09:20:56,2024-02-23 09:21:35,2024-02-23 09:29:24,158,246,1.77,469,10.9,0.0,0.3,0.97,2.75,0.0,0.0,6.74,N,N,N,N,N,270.0,231.0,39.0,739.0,9,Friday,Meatpacking/West Village West,Manhattan,West Chelsea/Hudson Yards,Manhattan,-74.00898395410488,40.73503468604606,-74.00401522931482,40.75330822391948,3.143,13.950000000000001,10.9,3.05,4.16,0.29820788530465947,0.8717910447761194,2.6417910447761193,0.2372328358208955,0.5283582089552239,0.7655910447761194,5.974408955223881,29.104021974027024,2024-02
HV0003,B03404,B03404,2024-02-10 03:53:10,2024-02-10 03:54:49,2024-02-10 03:56:50,2024-02-10 04:08:28,164,107,1.36,698,11.88,0.0,0.33,1.05,2.75,0.0,0.0,8.35,N,N,N,N,N,220.0,99.0,121.0,918.0,3,Saturday,Midtown South,Manhattan,Gramercy,Manhattan,-73.98515619423324,40.74857395489648,-73.98405192785955,40.73682342425488,3.143,14.96,11.88,3.08,3.530000000000001,0.23596256684491984,0.19289398280802292,1.552893982808023,0.13944987965616046,0.31057879656160464,0.4500286762177651,7.899971323782235,30.980279701106802,2024-02
HV0003,B03404,B03404,2024-02-28 14:38:45,2024-02-28 14:41:40,2024-02-28 14:42:56,2024-02-28 15:16:14,69,153,4.29,1998,24.16,0.0,0.66,2.14,0.0,0.0,0.0,24.42,N,N,N,N,N,251.0,175.0,76.0,2249.0,14,Wednesday,East Concourse/Concourse Village,Bronx,Marble Hill,Manhattan,-73.9150298985607,40.83141570129418,-73.91037847684808,40.87596732674075,3.143,24.82,24.16,0.66,-0.26000000000000156,-0.010475423045930764,0.37575075075075076,4.6657507507507505,0.4189844174174174,0.9331501501501501,1.3521345675675676,23.067865432432434,36.924995801136845,2024-02
HV0003,B03404,B03404,2024-02-12 01:18:55,2024-02-12 01:22:00,2024-02-12 01:22:57,2024-02-12 01:29:13,78,60,1.39,376,9.87,0.0,0.27,0.88,0.0,0.0,0.0,5.4,Y,N,N,N,N,242.0,185.0,57.0,618.0,1,Monday,East Tremont,Bronx,Crotona Park East,Bronx,-73.88552139857157,40.844959817621785,-73.88590012794502,40.83398980020464,3.143,10.139999999999999,9.87,0.27,4.469999999999999,0.4408284023668638,0.6839095744680851,2.073909574468085,0.18623707978723403,0.41478191489361704,0.6010189946808511,4.798981005319149,27.95522915719893,2024-02
HV0003,B03404,B03404,2024-02-23 23:04:36,2024-02-23 23:06:26,2024-02-23 23:06:59,2024-02-23 23:20:05,249,79,1.41,786,8.88,0.0,0.24,0.79,2.75,0.0,0.0,9.24,N,N,N,N,N,143.0,110.0,33.0,929.0,23,Friday,West Village,Manhattan,East Village,Manhattan,-74.00287478437944,40.73457538224023,-73.98593725800136,40.72761958691338,3.143,11.870000000000001,8.88,2.99,-0.35999999999999943,-0.030328559393428763,0.19732824427480916,1.6073282442748091,0.14433807633587786,0.32146564885496187,0.46580372519083973,8.77419627480916,34.00119116180084,2024-02
HV0003,B03404,B03404,2024-02-23 19:56:51,2024-02-23 20:00:01,2024-02-23 20:00:49,2024-02-23 20:06:41,80,36,0.97,352,12.5,0.0,0.34,1.11,0.0,0.0,0.0,6.79,N,N,N,N,N,238.0,190.0,48.0,590.0,20,Friday,East Williamsburg,Brooklyn,Bushwick North,Brooklyn,-73.93679348509205,40.71536904490185,-73.9177095234613,40.700521468719735,3.143,12.84,12.5,0.34,5.71,0.4447040498442368,0.5235795454545454,1.4935795454545455,0.13412344318181818,0.2987159090909091,0.4328393522727273,6.357160647727273,38.78945479969184,2024-02
HV0003,B03404,B03404,2024-02-27 18:42:11,2024-02-27 18:47:08,2024-02-27 18:47:27,2024-02-27 19:07:27,85,39,4.49,1200,21.46,0.0,0.59,1.9,0.0,0.0,0.0,17.18,N,N,N,N,N,316.0,297.0,19.0,1516.0,18,Tuesday,Erasmus,Brooklyn,Canarsie,Brooklyn,-73.9516233279193,40.64611573218299,-73.89973483047997,40.63803639656562,3.143,22.05,21.46,0.59,4.280000000000001,0.1941043083900227,1.111275,5.601275,0.502994495,1.120255,1.623249495,15.556750505,36.94215159498681,2024-02
HV0003,B03404,B03404,2024-02-19 16:28:09,2024-02-19 16:34:40,2024-02-19 16:35:27,2024-02-19 16:47:11,130,10,2.74,704,14.11,0.0,0.39,1.25,0.0,0.0,0.0,10.22,Y,N,N,N,N,438.0,391.0,47.0,1142.0,16,Monday,Jamaica,Queens,Baisley Park,Queens,-73.79398135276409,40.70436829225682,-73.79098701332514,40.67895233930188,3.143,14.5,14.11,0.39,3.889999999999999,0.2682758620689654,1.521789772727273,4.261789772727273,0.382708721590909,0.8523579545454546,1.2350666761363636,8.984933323863636,28.323782807275908,2024-02
HV0003,B03404,B03404,2024-02-25 12:41:15,2024-02-25 12:43:23,2024-02-25 12:45:23,2024-02-25 13:27:45,61,162,9.3,2542,36.82,0.0,1.01,3.27,2.75,0.0,0.0,36.12,N,N,N,N,N,248.0,128.0,120.0,2790.0,12,Sunday,Crown Heights North,Brooklyn,Midtown East,Manhattan,-73.93928693646026,40.67446920571126,-73.97235591714862,40.756686941672,3.143,40.58,36.82,3.76,0.7000000000000028,0.017249876786594454,0.4682926829268293,9.76829268292683,0.8771926829268294,1.9536585365853663,2.8308512195121955,33.2891487804878,42.95374036191974,2024-02
HV0003,B03404,B03404,2024-02-10 06:52:43,2024-02-10 06:55:08,2024-02-10 06:55:43,2024-02-10 07:08:36,129,223,3.2,773,16.08,0.0,0.44,1.43,0.0,0.0,0.0,12.46,N,N,N,N,N,180.0,145.0,35.0,953.0,6,Saturday,Jackson Heights,Queens,Steinway,Queens,-73.88531716686686,40.7573109858269,-73.90540723993595,40.77742599740797,3.143,16.52,16.08,0.44,3.6199999999999974,0.21912832929782067,0.6002587322121604,3.8002587322121606,0.341263234152652,0.7600517464424321,1.1013149805950841,11.358685019404916,42.90793921286222,2024-02
HV0003,B03404,B03404,2024-02-09 14:55:33,2024-02-09 15:02:29,2024-02-09 15:03:43,2024-02-09 15:11:05,254,3,0.87,442,8.91,0.0,0.25,0.79,0.0,0.0,0.0,15.14,N,N,N,N,N,490.0,416.0,74.0,932.0,15,Friday,Williamsbridge/Olinville,Bronx,Allerton/Pelham Gardens,Bronx,-73.85894858301965,40.88215615951764,-73.84742177366226,40.864473188810734,3.143,9.16,8.91,0.25,-6.23,-0.6801310043668123,0.8188235294117647,1.6888235294117648,0.1516563529411765,0.33776470588235297,0.4894210588235295,14.650578941176471,56.59021908608938,2024-02
HV0003,B03404,B03404,2024-02-23 21:16:35,2024-02-23 21:16:56,2024-02-23 21:17:53,2024-02-23 21:39:35,148,68,3.65,1302,31.52,0.0,0.87,2.8,2.75,0.0,0.0,17.34,N,N,N,N,N,78.0,21.0,57.0,1380.0,21,Friday,Lower East Side,Manhattan,East Chelsea,Manhattan,-73.99089618330311,40.71893779448139,-73.99991751678058,40.748426777755405,3.143,35.14,31.52,3.62,14.18,0.40352874217416046,0.05887096774193548,3.7088709677419356,0.3330566129032258,0.7417741935483871,1.074830806451613,16.265169193548388,42.43087615708275,2024-02
HV0003,B03404,B03404,2024-02-26 17:14:38,2024-02-26 17:17:56,2024-02-26 17:19:58,2024-02-26 17:28:27,159,168,0.46,509,7.21,0.0,0.2,0.64,0.0,0.0,0.0,6.94,N,N,N,N,N,320.0,198.0,122.0,829.0,17,Monday,Melrose South,Bronx,Mott Haven/Port Morris,Bronx,-73.9128491499624,40.81825923634175,-73.91682135545611,40.80734651795231,3.143,7.41,7.21,0.2,0.2699999999999996,0.036437246963562694,0.1789390962671906,0.6389390962671906,0.05737673084479371,0.12778781925343813,0.18516455009823185,6.754835449901768,29.333422942878606,2024-02
HV0003,B03404,B03404,2024-02-22 15:57:58,2024-02-22 15:59:10,2024-02-22 15:59:10,2024-02-22 16:17:38,48,164,1.42,1108,18.95,0.0,0.52,1.68,2.75,0.0,0.0,13.29,N,N,N,N,N,72.0,72.0,0.0,1180.0,15,Thursday,Clinton East,Manhattan,Midtown South,Manhattan,-73.98984463380468,40.762252049908085,-73.98515619423324,40.74857395489648,3.143,22.22,18.95,3.27,5.66,0.25472547254725475,0.09227436823104691,1.5122743682310469,0.135802238267148,0.3024548736462094,0.43825711191335737,12.851742888086642,39.208707116196535,2024-02
HV0003,B03404,B03404,2024-02-27 08:51:02,2024-02-27 08:54:39,2024-02-27 08:54:51,2024-02-27 09:38:32,143,97,9.88,2621,55.74,0.0,1.53,4.95,2.75,0.0,0.0,37.62,N,N,N,N,N,229.0,217.0,12.0,2850.0,8,Tuesday,Lincoln Square West,Manhattan,Fort Greene,Brooklyn,-73.9876454292326,40.775964624542496,-73.97488192727519,40.69078610719341,3.143,60.02,55.74,4.28,18.120000000000005,0.30189936687770746,0.8179931323922167,10.697993132392217,0.960679783288821,2.1395986264784432,3.100278409767264,34.519721590232734,43.603858850820295,2024-02
HV0003,B03404,B03404,2024-02-25 12:10:48,2024-02-25 12:13:46,2024-02-25 12:13:46,2024-02-25 12:24:13,75,141,1.91,627,15.38,0.0,0.42,1.36,2.75,0.0,0.0,8.59,N,N,N,N,N,178.0,178.0,0.0,805.0,12,Sunday,East Harlem South,Manhattan,Lenox Hill West,Manhattan,-73.94575002008068,40.79001009948004,-73.95963478688095,40.76694745582751,3.143,18.55,15.38,3.17,6.790000000000001,0.36603773584905663,0.5422328548644338,2.452232854864434,0.22021051036682615,0.4904465709728868,0.710657081339713,7.879342918660287,35.23681305239383,2024-02
HV0003,B03404,B03404,2024-02-24 22:06:48,2024-02-24 22:11:55,2024-02-24 22:12:43,2024-02-24 22:17:52,55,55,1.23,309,8.92,0.0,0.25,0.79,0.0,0.0,0.0,5.4,N,N,N,N,N,355.0,307.0,48.0,664.0,22,Saturday,Coney Island,Brooklyn,Coney Island,Brooklyn,-73.98794380632961,40.57696110526678,-73.98794380632961,40.57696110526678,3.143,9.17,8.92,0.25,3.5199999999999996,0.3838604143947655,1.2220388349514562,2.4520388349514564,0.22019308737864077,0.4904077669902913,0.7106008543689321,4.689399145631068,25.424453199204585,2024-02
HV0003,B03404,B03404,2024-02-05 06:44:24,2024-02-05 06:47:05,2024-02-05 06:47:10,2024-02-05 06:51:22,108,108,0.97,252,8.93,0.0,0.25,0.79,0.0,0.0,1.0,5.39,N,N,N,N,N,166.0,161.0,5.0,418.0,6,Monday,Gravesend,Brooklyn,Gravesend,Brooklyn,-73.98143160455264,40.58840336656386,-73.98143160455264,40.58840336656386,3.143,10.18,8.93,0.25,4.54,0.44597249508840864,0.6197222222222222,1.589722222222222,0.14275705555555554,0.3179444444444444,0.4607015,4.9292985,42.45328851674641,2024-02
HV0003,B03404,B03404,2024-02-22 04:11:49,2024-02-22 04:13:24,2024-02-22 04:13:56,2024-02-22 04:38:30,48,181,6.45,1474,35.12,0.0,0.97,3.12,2.75,0.0,0.0,22.34,N,N,N,N,N,127.0,95.0,32.0,1601.0,4,Thursday,Clinton East,Manhattan,Park Slope,Brooklyn,-73.98984463380468,40.762252049908085,-73.98141426627474,40.67037356101699,3.143,38.839999999999996,35.12,3.7199999999999998,12.779999999999998,0.32904222451081355,0.4157055630936228,6.865705563093623,0.6165403595658072,1.3731411126187245,1.9896814721845317,20.350318527815467,45.759616927005425,2024-02
HV0003,B03404,B03404,2024-02-09 22:50:17,2024-02-09 22:52:12,2024-02-09 22:52:16,2024-02-09 23:01:22,181,25,1.39,546,23.16,0.0,0.64,2.06,0.0,0.0,5.17,13.81,N,N,N,N,N,119.0,115.0,4.0,665.0,22,Friday,Park Slope,Brooklyn,Boerum Hill,Brooklyn,-73.98141426627474,40.67037356101699,-73.98611365960022,40.685633257491546,3.143,28.97,23.16,0.64,14.519999999999998,0.5012081463583017,0.2927655677655677,1.6827655677655677,0.15111234798534798,0.33655311355311357,0.4876654615384616,13.322334538461538,72.12090877964141,2024-02
HV0003,B03404,B03404,2024-02-04 00:15:59,2024-02-04 00:21:48,2024-02-04 00:21:59,2024-02-04 00:30:06,100,186,0.76,487,17.17,0.0,0.47,1.52,2.75,0.0,0.0,8.08,N,N,N,N,N,360.0,349.0,11.0,847.0,0,Sunday,Garment District,Manhattan,Penn Station/Madison Sq West,Manhattan,-73.98878634685092,40.75351217038599,-73.99243728054387,40.7484965983886,3.143,20.39,17.17,3.2199999999999998,9.090000000000002,0.445806768023541,0.544640657084189,1.3046406570841889,0.11715673100616014,0.2609281314168378,0.37808486242299794,7.701915137577002,32.735412627245815,2024-02
HV0003,B03404,B03404,2024-02-07 17:04:17,2024-02-07 17:07:27,2024-02-07 17:09:24,2024-02-07 17:17:59,17,225,1.55,515,12.52,0.0,0.34,1.11,0.0,0.0,0.0,14.61,N,N,N,N,N,307.0,190.0,117.0,822.0,17,Wednesday,Bedford,Brooklyn,Stuyvesant Heights,Brooklyn,-73.94990474718477,40.69150649558427,-73.93188774325893,40.68816752944304,3.143,12.86,12.52,0.34,-2.09,-0.1625194401244168,0.5718446601941748,2.1218446601941747,0.1905416504854369,0.42436893203883497,0.6149105825242719,13.995089417475727,61.29236241230245,2024-02
HV0003,B03404,B03404,2024-02-26 13:59:41,2024-02-26 14:04:26,2024-02-26 14:04:32,2024-02-26 14:13:56,17,217,1.15,564,9.59,0.0,0.26,0.85,0.0,0.0,0.0,6.81,N,N,N,N,N,291.0,285.0,6.0,855.0,14,Monday,Bedford,Brooklyn,South Williamsburg,Brooklyn,-73.94990474718477,40.69150649558427,-73.95859672937166,40.70391593168995,3.143,9.85,9.59,0.26,2.7800000000000002,0.2822335025380711,0.5811170212765957,1.7311170212765956,0.15545430851063827,0.34622340425531917,0.5016777127659574,6.308322287234042,26.56135699888018,2024-02
HV0003,B03404,B03404,2024-02-26 07:00:32,2024-02-26 07:05:02,2024-02-26 07:05:17,2024-02-26 07:11:26,139,203,0.81,369,8.86,0.0,0.24,0.79,0.0,0.0,0.0,6.39,N,N,N,N,N,285.0,270.0,15.0,654.0,7,Monday,Laurelton,Queens,Rosedale,Queens,-73.74423510970438,40.67709672027596,-73.73947426605032,40.65785159348383,3.143,9.1,8.86,0.24,2.4699999999999998,0.2714285714285714,0.5926829268292683,1.4026829268292684,0.1259609268292683,0.2805365853658537,0.406497512195122,5.983502487804878,32.936710942045195,2024-02
HV0003,B03404,B03404,2024-02-24 00:53:02,2024-02-24 00:53:58,2024-02-24 00:55:06,2024-02-24 01:03:39,94,235,1.17,513,6.47,0.0,0.18,0.57,0.0,0.0,0.0,6.74,N,N,N,N,N,124.0,56.0,68.0,637.0,0,Saturday,Fordham South,Bronx,University Heights/Morris Heights,Bronx,-73.89953579023309,40.858154663426106,-73.91597563385105,40.85252046623772,3.143,6.6499999999999995,6.47,0.18,-0.27000000000000046,-0.04060150375939857,0.127719298245614,1.2977192982456138,0.11653519298245611,0.2595438596491228,0.3760790526315789,6.363920947368421,35.96564428654053,2024-02
HV0003,B03404,B03404,2024-02-16 23:11:14,2024-02-16 23:16:31,2024-02-16 23:16:40,2024-02-16 23:19:58,182,182,0.83,198,8.86,0.0,0.24,0.79,0.0,0.0,0.0,5.4,N,N,N,N,N,326.0,317.0,9.0,524.0,23,Friday,Parkchester,Bronx,Parkchester,Bronx,-73.85798692430247,40.837748057064935,-73.85798692430247,40.837748057064935,3.143,9.1,8.86,0.24,3.459999999999999,0.38021978021978015,1.3288383838383837,2.1588383838383836,0.19386368686868682,0.43176767676767674,0.6256313636363635,4.774368636363636,32.801005898681474,2024-02
HV0003,B03404,B03404,2024-02-02 17:57:46,2024-02-02 17:59:50,2024-02-02 18:01:51,2024-02-02 18:08:11,123,29,1.16,380,10.78,0.0,0.3,0.96,0.0,0.0,0.0,5.45,N,N,N,N,N,245.0,124.0,121.0,625.0,18,Friday,Homecrest,Brooklyn,Brighton Beach,Brooklyn,-73.96433371333775,40.59995356501545,-73.96121684069253,40.58092149012796,3.143,11.08,10.78,0.3,5.329999999999999,0.48104693140794214,0.37852631578947366,1.5385263157894735,0.1381596631578947,0.3077052631578947,0.44586492631578944,5.0041350736842105,28.823818024421055,2024-02
HV0003,B03404,B03404,2024-02-22 17:19:33,2024-02-22 17:24:48,2024-02-22 17:26:27,2024-02-22 17:36:28,61,61,1.07,601,8.88,0.0,0.24,0.79,0.0,0.0,0.0,7.06,N,N,N,N,N,414.0,315.0,99.0,1015.0,17,Thursday,Crown Heights North,Brooklyn,Crown Heights North,Brooklyn,-73.93928693646026,40.67446920571126,-73.93928693646026,40.67446920571126,3.143,9.120000000000001,8.88,0.24,1.8200000000000012,0.19956140350877202,0.5608153078202995,1.6308153078202996,0.1464472146422629,0.32616306156405994,0.47261027620632284,6.5873897237936765,23.364140892273138,2024-02
HV0003,B03404,B03404,2024-02-08 12:02:57,2024-02-08 12:03:59,2024-02-08 12:07:39,2024-02-08 12:19:04,249,90,0.97,685,12.1,0.0,0.33,1.07,2.75,0.0,3.0,7.71,N,N,N,N,N,282.0,62.0,220.0,967.0,12,Thursday,West Village,Manhattan,Flatiron,Manhattan,-74.00287478437944,40.73457538224023,-73.9969712245153,40.742278038328486,3.143,18.18,12.1,3.08,7.39,0.4064906490649065,0.0877956204379562,1.0577956204379562,0.09499004671532846,0.21155912408759125,0.3065491708029197,7.40345082919708,27.561967926690265,2024-02
HV0003,B03404,B03404,2024-02-02 13:47:29,2024-02-02 13:53:20,2024-02-02 13:55:21,2024-02-02 14:07:51,78,3,6.06,750,17.26,0.0,0.47,1.53,0.0,0.0,0.0,15.16,N,N,N,N,N,472.0,351.0,121.0,1222.0,13,Friday,East Tremont,Bronx,Allerton/Pelham Gardens,Bronx,-73.88552139857157,40.844959817621785,-73.84742177366226,40.864473188810734,3.143,17.73,17.26,0.47,2.1000000000000014,0.11844331641285964,2.83608,8.89608,0.7988679839999999,1.779216,2.578083984,12.581916016000001,37.06620102913257,2024-02
HV0003,B03404,B03404,2024-02-25 01:36:43,2024-02-25 01:41:11,2024-02-25 01:41:11,2024-02-25 02:03:56,148,142,5.07,1365,41.38,0.0,1.14,3.67,2.75,0.0,7.34,21.99,N,N,N,N,N,268.0,268.0,0.0,1633.0,1,Sunday,Lower East Side,Manhattan,Lincoln Square East,Manhattan,-73.99089618330311,40.71893779448139,-73.98153210008745,40.77363265587896,3.143,52.61,41.38,3.8899999999999997,26.73,0.5080783121079643,0.9954285714285714,6.065428571428572,0.5446754857142858,1.2130857142857145,1.7577612000000005,20.232238799999998,44.60260849969381,2024-02
HV0003,B03404,B03404,2024-02-07 16:21:51,2024-02-07 16:22:59,2024-02-07 16:23:13,2024-02-07 16:34:49,91,155,2.1,696,13.42,0.0,0.37,1.19,0.0,0.0,0.0,9.3,N,N,N,N,N,82.0,68.0,14.0,778.0,16,Wednesday,Flatlands,Brooklyn,Marine Park/Mill Basin,Brooklyn,-73.93009732098176,40.62627204277785,-73.91527748073477,40.614590889869376,3.143,13.79,13.42,0.37,4.119999999999999,0.2987672226250906,0.20517241379310347,2.3051724137931036,0.20700448275862068,0.46103448275862075,0.6680389655172414,8.63196103448276,39.942236149277555,2024-02
HV0003,B03404,B03404,2024-02-23 00:06:46,2024-02-23 00:09:20,2024-02-23 00:09:53,2024-02-23 00:17:33,177,61,1.25,460,7.55,0.0,0.21,0.67,0.0,0.0,0.0,5.97,N,N,N,N,N,187.0,154.0,33.0,647.0,0,Friday,Ocean Hill,Brooklyn,Crown Heights North,Brooklyn,-73.91363235241506,40.67664341763747,-73.93928693646026,40.67446920571126,3.143,7.76,7.55,0.21,1.58,0.20360824742268044,0.41847826086956524,1.6684782608695652,0.14982934782608695,0.33369565217391306,0.483525,5.4864749999999995,30.527527047913445,2024-02
HV0003,B03404,B03404,2024-02-12 09:10:21,2024-02-12 09:13:12,2024-02-12 09:13:37,2024-02-12 09:42:14,25,181,2.73,1717,26.53,0.0,0.73,2.35,0.0,0.0,5.92,20.29,N,N,N,N,N,196.0,171.0,25.0,1913.0,9,Monday,Boerum Hill,Brooklyn,Park Slope,Brooklyn,-73.98611365960022,40.685633257491546,-73.98141426627474,40.67037356101699,3.143,33.18,26.53,0.73,12.160000000000004,0.3664858348402653,0.27188701223063483,3.0018870122306347,0.269569453698311,0.600377402446127,0.869946856144438,19.42005314385556,36.54583968524831,2024-02
HV0003,B03404,B03404,2024-02-21 19:50:35,2024-02-21 19:52:14,2024-02-21 19:52:34,2024-02-21 19:58:56,49,49,1.22,382,8.07,0.0,0.22,0.72,0.0,0.0,1.0,5.39,N,N,N,N,N,119.0,99.0,20.0,501.0,19,Wednesday,Clinton Hill,Brooklyn,Clinton Hill,Brooklyn,-73.96236330714036,40.68796671165343,-73.96236330714036,40.68796671165343,3.143,9.290000000000001,8.07,0.22,3.6800000000000006,0.39612486544671693,0.3161780104712042,1.5361780104712042,0.13794878534031413,0.30723560209424083,0.44518438743455496,4.944815612565445,35.53160919208703,2024-02
HV0003,B03404,B03404,2024-02-20 16:44:26,2024-02-20 16:45:55,2024-02-20 16:46:19,2024-02-20 16:51:57,49,17,0.97,338,8.9,0.0,0.24,0.79,0.0,0.0,0.0,5.39,N,N,N,N,N,113.0,89.0,24.0,451.0,16,Tuesday,Clinton Hill,Brooklyn,Bedford,Brooklyn,-73.96236330714036,40.68796671165343,-73.94990474718477,40.69150649558427,3.143,9.14,8.9,0.24,3.5100000000000007,0.3840262582056893,0.25541420118343194,1.225414201183432,0.11004219526627218,0.2450828402366864,0.3551250355029586,5.034874964497041,40.189689295320065,2024-02
HV0003,B03404,B03404,2024-02-18 15:42:24,2024-02-18 15:46:07,2024-02-18 15:46:28,2024-02-18 15:52:04,16,16,1.34,336,8.88,0.0,0.24,0.79,0.0,0.0,0.0,5.39,N,N,N,N,N,244.0,223.0,21.0,580.0,15,Sunday,Bayside,Queens,Bayside,Queens,-73.7734213430122,40.76273674166779,-73.7734213430122,40.76273674166779,3.143,9.120000000000001,8.88,0.24,3.490000000000001,0.3826754385964913,0.8893452380952381,2.229345238095238,0.20019520238095237,0.44586904761904766,0.64606425,4.7439357499999995,29.445118448275856,2024-02
HV0003,B03404,B03404,2024-02-12 07:39:07,2024-02-12 07:47:46,2024-02-12 07:48:07,2024-02-12 07:59:34,89,257,1.74,687,15.16,0.0,0.42,1.35,0.0,0.0,0.0,8.75,N,N,N,N,N,540.0,519.0,21.0,1227.0,7,Monday,Flatbush/Ditmas Park,Brooklyn,Windsor Terrace,Brooklyn,-73.96096812758745,40.637899248043546,-73.97798213604382,40.65361125179132,3.143,15.58,15.16,0.42,6.41,0.41142490372272145,1.3144978165938865,3.0544978165938863,0.274293903930131,0.6108995633187773,0.8851934672489082,7.864806532751092,23.07522699095675,2024-02
HV0003,B03404,B03404,2024-02-09 14:59:20,2024-02-09 15:02:22,2024-02-09 15:03:33,2024-02-09 15:09:46,92,171,0.68,373,8.87,0.0,0.24,0.79,0.0,0.0,0.0,5.4,N,N,N,N,N,253.0,182.0,71.0,626.0,15,Friday,Flushing,Queens,Murray Hill-Queens,Queens,-73.8288586430752,40.76110071120437,-73.80954545137605,40.768350879648686,3.143,9.11,8.87,0.24,3.469999999999999,0.38090010976948396,0.3317962466487936,1.0117962466487938,0.09085930294906167,0.20235924932975877,0.29321855227882043,5.10678144772118,29.368072223316688,2024-02
HV0003,B03404,B03404,2024-02-15 23:07:46,2024-02-15 23:08:22,2024-02-15 23:10:23,2024-02-15 23:30:09,146,129,3.74,1186,21.71,0.0,0.6,1.93,0.0,0.0,0.0,17.32,N,N,N,N,N,157.0,36.0,121.0,1343.0,23,Thursday,Long Island City/Queens Plaza,Queens,Jackson Heights,Queens,-73.93482872612303,40.754241860637634,-73.88531716686686,40.7573109858269,3.143,22.310000000000002,21.71,0.6,4.390000000000001,0.19677274764679517,0.11352445193929174,3.853524451939292,0.34604649578414837,0.7707048903878584,1.1167513861720066,16.203248613827995,43.43387565880922,2024-02
HV0003,B03404,B03404,2024-02-26 01:05:29,2024-02-26 01:08:48,2024-02-26 01:09:07,2024-02-26 01:16:57,107,229,2.11,470,11.78,0.0,0.32,1.05,2.75,0.0,0.0,7.19,N,N,N,N,N,218.0,199.0,19.0,688.0,1,Monday,Gramercy,Manhattan,Sutton Place/Turtle Bay North,Manhattan,-73.98405192785955,40.73682342425488,-73.96514558738956,40.75672829786632,3.143,14.85,11.78,3.07,4.589999999999999,0.309090909090909,0.8933829787234042,3.003382978723404,0.2697037914893617,0.6006765957446808,0.8703803872340425,6.319619612765958,33.067777043542804,2024-02
HV0003,B03404,B03404,2024-02-11 16:08:19,2024-02-11 16:11:41,2024-02-11 16:11:43,2024-02-11 16:20:31,129,82,1.01,528,11.59,0.0,0.32,1.03,0.0,0.0,0.0,6.29,N,N,N,N,N,204.0,202.0,2.0,732.0,16,Sunday,Jackson Heights,Queens,Elmhurst,Queens,-73.88531716686686,40.7573109858269,-73.8771182418676,40.73949455225884,3.143,11.91,11.59,0.32,5.3,0.4450041981528127,0.38640151515151516,1.3964015151515152,0.12539685606060605,0.27928030303030305,0.40467715909090907,5.885322840909091,28.94421069299553,2024-02
HV0003,B03404,B03404,2024-02-12 15:42:52,2024-02-12 15:48:27,2024-02-12 15:49:03,2024-02-12 16:17:49,155,62,4.45,1726,25.04,0.0,0.69,2.22,0.0,0.0,0.0,22.08,N,N,N,N,N,371.0,335.0,36.0,2097.0,15,Monday,Marine Park/Mill Basin,Brooklyn,Crown Heights South,Brooklyn,-73.91527748073477,40.614590889869376,-73.94878831329727,40.66654019759787,3.143,25.73,25.04,0.69,2.960000000000001,0.11504080839486984,0.863702201622248,5.313702201622248,0.4771704577056778,1.0627404403244496,1.5399108980301275,20.54008910196987,35.261955539862434,2024-02
HV0003,B03404,B03404,2024-02-26 16:04:13,2024-02-26 16:10:34,2024-02-26 16:11:05,2024-02-26 16:25:39,75,168,2.39,874,21.41,0.0,0.59,1.9,0.0,0.0,0.0,12.61,N,N,N,N,N,412.0,381.0,31.0,1286.0,16,Monday,East Harlem South,Manhattan,Mott Haven/Port Morris,Bronx,-73.94575002008068,40.79001009948004,-73.91682135545611,40.80734651795231,3.143,22.0,21.41,0.59,8.8,0.4,1.0418649885583524,3.4318649885583525,0.30818147597254003,0.6863729977116706,0.9945544736842107,11.615445526315789,32.51602169108619,2024-02
HV0003,B03404,B03404,2024-02-12 07:39:04,2024-02-12 07:59:30,2024-02-12 07:59:35,2024-02-12 08:13:16,72,76,2.4,821,21.41,0.0,0.59,1.9,0.0,0.0,0.0,10.87,N,N,N,N,N,1231.0,1226.0,5.0,2052.0,7,Monday,East Flatbush/Remsen Village,Brooklyn,East New York,Brooklyn,-73.92225109435532,40.65236395430748,-73.87682032859912,40.66093356035302,3.143,22.0,21.41,0.59,10.540000000000001,0.4790909090909091,3.5839220462850183,5.983922046285018,0.5373561997563946,1.1967844092570037,1.7341406090133984,9.135859390986601,16.02782349295895,2024-02
HV0003,B03404,B03404,2024-02-12 16:16:12,2024-02-12 16:17:39,2024-02-12 16:18:39,2024-02-12 16:52:43,29,76,11.17,2044,31.25,0.0,0.86,2.77,0.0,0.0,0.0,34.08,Y,N,N,N,N,147.0,87.0,60.0,2191.0,16,Monday,Brighton Beach,Brooklyn,East New York,Brooklyn,-73.96121684069253,40.58092149012796,-73.87682032859912,40.66093356035302,3.143,32.11,31.25,0.86,-2.8299999999999983,-0.08813453752725002,0.47543542074363987,11.64543542074364,1.0457601007827788,2.329087084148728,3.3748471849315065,30.70515281506849,50.45118673402399,2024-02
HV0003,B03404,B03404,2024-02-12 08:17:22,2024-02-12 08:21:01,2024-02-12 08:21:43,2024-02-12 09:01:19,127,148,12.43,2376,50.36,0.0,1.38,4.47,2.75,0.0,0.0,38.66,N,N,N,N,N,261.0,219.0,42.0,2637.0,8,Monday,Inwood,Manhattan,Lower East Side,Manhattan,-73.91930824408637,40.86607442573871,-73.99089618330311,40.71893779448139,3.143,54.49,50.36,4.13,11.700000000000003,0.21471829693521752,1.1456944444444443,13.575694444444444,1.219097361111111,2.715138888888889,3.9342362500000005,34.72576375,47.40718600682593,2024-02
HV0003,B03404,B03404,2024-02-17 18:54:45,2024-02-17 19:04:15,2024-02-17 19:04:52,2024-02-17 19:27:00,15,82,9.36,1328,27.76,0.0,0.76,2.46,0.0,0.0,0.0,24.78,N,N,N,N,N,607.0,570.0,37.0,1935.0,19,Saturday,Bay Terrace/Fort Totten,Queens,Elmhurst,Queens,-73.78597302647502,40.78333225698792,-73.8771182418676,40.73949455225884,3.143,28.520000000000003,27.76,0.76,2.9800000000000004,0.10448807854137447,4.017469879518072,13.37746987951807,1.2012967951807227,2.6754939759036143,3.876790771084337,20.903209228915664,38.88969158868031,2024-02
HV0003,B03404,B03404,2024-02-08 11:07:32,2024-02-08 11:09:23,2024-02-08 11:09:51,2024-02-08 11:21:36,91,155,2.06,705,13.35,0.0,0.37,1.18,0.0,0.0,0.0,9.34,N,N,N,N,N,139.0,111.0,28.0,844.0,11,Thursday,Flatlands,Brooklyn,Marine Park/Mill Basin,Brooklyn,-73.93009732098176,40.62627204277785,-73.91527748073477,40.614590889869376,3.143,13.719999999999999,13.35,0.37,4.01,0.2922740524781341,0.3243404255319149,2.384340425531915,0.21411377021276592,0.476868085106383,0.6909818553191489,8.64901814468085,36.89154658868609,2024-02
HV0003,B03404,B03404,2024-02-10 03:28:11,2024-02-10 03:29:43,2024-02-10 03:31:15,2024-02-10 03:55:35,7,190,11.94,1460,30.64,0.0,0.84,2.72,0.0,0.0,3.42,29.41,N,N,N,N,N,184.0,92.0,92.0,1644.0,3,Saturday,Astoria,Queens,Prospect Park,Brooklyn,-73.91969416440043,40.761491926149866,-73.96891379769448,40.66162128635939,3.143,34.9,30.64,0.84,4.650000000000002,0.13323782234957027,0.7523835616438357,12.692383561643835,1.1397760438356161,2.5384767123287673,3.678252756164383,25.731747243835617,56.34689177482252,2024-02
HV0003,B03404,B03404,2024-02-17 03:39:03,2024-02-17 03:52:28,2024-02-17 03:52:54,2024-02-17 03:58:42,80,37,1.02,348,11.62,0.0,0.32,1.03,0.0,0.0,0.0,11.39,N,N,N,N,N,831.0,805.0,26.0,1179.0,3,Saturday,East Williamsburg,Brooklyn,Bushwick South,Brooklyn,-73.93679348509205,40.71536904490185,-73.9222368522579,40.694993402702586,3.143,11.94,11.62,0.32,0.22999999999999865,0.01926298157453925,2.3594827586206897,3.3794827586206897,0.3034775517241379,0.675896551724138,0.9793741034482759,10.410625896551725,31.788170676493817,2024-02
HV0003,B03404,B03404,2024-02-06 21:06:53,2024-02-06 21:07:56,2024-02-06 21:09:57,2024-02-06 21:28:05,236,162,4.06,1088,22.76,0.0,0.63,2.02,2.75,0.0,0.0,15.57,N,N,N,N,N,184.0,63.0,121.0,1272.0,21,Tuesday,Upper East Side North,Manhattan,Midtown East,Manhattan,-73.957011704106,40.78043571518905,-73.97235591714862,40.756686941672,3.143,26.14,22.76,3.38,7.190000000000001,0.27505738332058155,0.23509191176470587,4.295091911764706,0.38569925367647057,0.8590183823529411,1.2447176360294117,14.325282363970588,40.54325197350167,2024-02
HV0003,B03404,B03404,2024-02-10 17:44:40,2024-02-10 17:46:01,2024-02-10 17:48:01,2024-02-10 18:06:30,79,249,1.44,1109,15.41,0.0,0.42,1.37,2.75,0.0,0.0,12.33,N,N,N,N,N,201.0,81.0,120.0,1310.0,17,Saturday,East Village,Manhattan,West Village,Manhattan,-73.98593725800136,40.72761958691338,-74.00287478437944,40.73457538224023,3.143,18.58,15.41,3.17,3.08,0.16576964477933265,0.10517583408476106,1.545175834084761,0.13875678990081153,0.3090351668169522,0.44779195671776373,11.882208043282237,32.653396149477906,2024-02
HV0003,B03404,B03404,2024-02-01 13:40:00,2024-02-01 13:20:17,2024-02-01 13:22:17,2024-02-01 14:00:39,19,77,12.25,2302,38.68,0.0,1.06,3.43,0.0,0.0,0.0,37.74,N,N,N,N,N,-1063.0,-1183.0,120.0,1239.0,13,Thursday,Bellerose,Queens,East New York/Pennsylvania Avenue,Brooklyn,-73.7266556390492,40.735485680675545,-73.89536398494168,40.666558142144005,3.143,39.74,38.68,1.06,0.9399999999999977,0.023653749370910863,-6.295286707211121,5.954713292788879,0.5347332536924414,1.1909426585577758,1.7256759122502172,36.014324087749785,104.64210388692432,2024-02
HV0003,B03404,B03404,2024-02-27 08:45:32,2024-02-27 08:47:24,2024-02-27 08:49:24,2024-02-27 09:06:31,186,125,1.96,1027,24.54,0.0,0.67,2.18,2.75,0.0,0.0,16.43,N,N,N,N,N,232.0,112.0,120.0,1259.0,8,Tuesday,Penn Station/Madison Sq West,Manhattan,Hudson Sq,Manhattan,-73.99243728054387,40.7484965983886,-74.00748558750799,40.72628992015588,3.143,27.96,24.54,3.42,8.11,0.2900572246065808,0.2137487828627069,2.173748782862707,0.19520264070107105,0.4347497565725414,0.6299523972736124,15.800047602726387,45.178849380313736,2024-02
HV0003,B03404,B03404,2024-02-26 08:39:55,2024-02-26 08:42:05,2024-02-26 08:43:15,2024-02-26 08:58:17,56,82,2.19,902,15.17,0.0,0.42,1.35,0.0,0.0,0.0,11.36,N,N,N,N,N,200.0,130.0,70.0,1102.0,8,Monday,Corona,Queens,Elmhurst,Queens,-73.85884532361277,40.7414060161842,-73.8771182418676,40.73949455225884,3.143,15.59,15.17,0.42,3.8100000000000005,0.24438742783835796,0.31563192904656323,2.5056319290465634,0.22500574722838138,0.5011263858093127,0.7261321330376941,10.633867866962305,34.7385883131255,2024-02
HV0003,B03404,B03404,2024-02-03 01:14:10,2024-02-03 01:16:23,2024-02-03 01:17:29,2024-02-03 01:25:45,37,36,1.82,496,12.51,0.0,0.34,1.11,0.0,0.0,3.0,7.05,N,N,N,N,N,199.0,133.0,66.0,695.0,1,Saturday,Bushwick South,Brooklyn,Bushwick North,Brooklyn,-73.9222368522579,40.694993402702586,-73.9177095234613,40.700521468719735,3.143,15.85,12.51,0.34,8.46,0.5337539432176657,0.4880241935483871,2.308024193548387,0.20726057258064515,0.46160483870967745,0.6688654112903226,6.381134588709677,33.05335902065444,2024-02
HV0003,B03404,B03404,2024-02-10 20:21:11,2024-02-10 20:25:17,2024-02-10 20:25:28,2024-02-10 21:07:11,186,220,12.12,2503,42.28,3.18,1.25,4.03,2.75,0.0,0.0,39.46,N,N,N,N,N,257.0,246.0,11.0,2760.0,20,Saturday,Penn Station/Madison Sq West,Manhattan,Spuyten Duyvil/Kingsbridge,Bronx,-73.99243728054387,40.7484965983886,-73.91066473993713,40.88240269359515,3.143,49.46,42.28,7.18,2.8200000000000003,0.057015770319450064,1.1911785856971633,13.311178585697162,1.195343836995605,2.6622357171394326,3.8575795541350377,35.602420445864965,46.43793971199778,2024-02
HV0003,B03404,B03404,2024-02-07 09:44:59,2024-02-07 09:45:10,2024-02-07 09:47:10,2024-02-07 10:24:18,186,138,11.19,2228,48.09,6.94,1.51,4.88,2.75,0.0,13.39,36.64,N,N,N,N,N,131.0,11.0,120.0,2359.0,9,Wednesday,Penn Station/Madison Sq West,Manhattan,LaGuardia Airport,Queens,-73.99243728054387,40.7484965983886,-73.8736284288142,40.77437514616604,3.143,72.68,48.09,11.200000000000001,24.840000000000003,0.34177215189873417,0.055246858168761216,11.24524685816876,1.0098231678635545,2.249049371633752,3.2588725394973066,33.3811274605027,50.94194949462048,2024-02
HV0003,B03404,B03404,2024-02-18 06:46:04,2024-02-18 06:53:10,2024-02-18 06:53:22,2024-02-18 07:02:55,174,94,2.08,573,12.45,0.0,0.34,1.1,0.0,0.0,0.0,8.12,N,N,N,N,N,438.0,426.0,12.0,1011.0,6,Sunday,Norwood,Bronx,Fordham South,Bronx,-73.87902205824633,40.87713685159281,-73.89953579023309,40.858154663426106,3.143,12.79,12.45,0.34,4.33,0.3385457388584832,1.546387434554974,3.626387434554974,0.32564959162303664,0.7252774869109948,1.0509270785340314,7.069072921465968,25.17177301412214,2024-02
HV0003,B03404,B03404,2024-02-09 21:13:23,2024-02-09 21:16:24,2024-02-09 21:17:27,2024-02-09 21:28:27,127,247,3.7,660,15.12,0.0,0.44,1.43,0.0,0.0,0.0,11.06,N,N,N,N,N,244.0,181.0,63.0,904.0,21,Friday,Inwood,Manhattan,West Concourse,Bronx,-73.91930824408637,40.86607442573871,-73.92440974289835,40.82898691319468,3.143,15.559999999999999,15.12,0.44,4.059999999999999,0.2609254498714652,1.0146969696969697,4.71469696969697,0.4233797878787879,0.942939393939394,1.366319181818182,9.693680818181818,38.60315370072405,2024-02
HV0003,B03404,B03404,2024-02-19 09:14:00,2024-02-19 09:15:47,2024-02-19 09:16:14,2024-02-19 09:39:26,129,65,8.25,1392,27.7,0.0,0.76,2.46,0.0,0.0,3.09,23.92,N,N,N,N,N,134.0,107.0,27.0,1526.0,9,Monday,Jackson Heights,Queens,Downtown Brooklyn/MetroTech,Brooklyn,-73.88531716686686,40.7573109858269,-73.98608580922685,40.69533700725102,3.143,31.55,27.7,0.76,6.869999999999997,0.21774960380348643,0.6341594827586207,8.884159482758621,0.7977975215517241,1.7768318965517242,2.5746294181034486,21.345370581896553,50.35605117616487,2024-02
HV0003,B03404,B03404,2024-02-05 10:49:07,2024-02-05 10:50:05,2024-02-05 10:50:05,2024-02-05 10:56:01,33,66,1.01,356,8.91,0.0,0.25,0.79,0.0,0.0,0.0,5.39,N,N,N,N,N,58.0,58.0,0.0,414.0,10,Monday,Brooklyn Heights,Brooklyn,DUMBO/Vinegar Hill,Brooklyn,-73.99524997291579,40.69579763638819,-73.98570143908047,40.70225846444536,3.143,9.16,8.91,0.25,3.5200000000000005,0.3842794759825328,0.16455056179775282,1.1745505617977527,0.10547464044943819,0.23491011235955056,0.3403847528089887,5.049615247191011,43.90969780166096,2024-02
HV0003,B03404,B03404,2024-02-20 19:25:43,2024-02-20 19:28:50,2024-02-20 19:29:20,2024-02-20 19:37:37,170,234,1.05,497,23.3,0.0,0.64,2.07,2.75,0.0,0.0,12.6,N,N,N,N,N,217.0,187.0,30.0,714.0,19,Tuesday,Murray Hill,Manhattan,Union Sq,Manhattan,-73.97849134130094,40.74774513853527,-73.99045767416112,40.74033681887629,3.143,26.69,23.3,3.39,10.700000000000001,0.4008992131884601,0.3950704225352113,1.4450704225352113,0.12976732394366197,0.2890140845070423,0.4187814084507043,12.181218591549296,61.417908864954434,2024-02
HV0003,B03404,B03404,2024-02-12 11:27:47,2024-02-12 11:30:22,2024-02-12 11:31:29,2024-02-12 12:16:19,262,77,18.56,2690,46.32,6.94,1.46,4.73,2.75,0.0,0.0,49.67,N,N,N,N,N,222.0,155.0,67.0,2912.0,11,Monday,Yorkville East,Manhattan,East New York/Pennsylvania Avenue,Brooklyn,-73.94651027083967,40.77593169638859,-73.89536398494168,40.666558142144005,3.143,57.47,46.32,11.15,-3.3500000000000014,-0.058291282408213005,1.0694423791821561,19.629442379182155,1.7627239256505571,3.925888475836431,5.6886124014869885,43.98138759851301,54.37259455860125,2024-02
HV0003,B03404,B03404,2024-02-17 14:42:42,2024-02-17 14:44:17,2024-02-17 14:44:31,2024-02-17 15:10:03,236,79,5.23,1532,56.62,0.0,1.56,5.03,2.75,0.0,13.19,32.05,N,N,N,N,N,109.0,95.0,14.0,1641.0,14,Saturday,Upper East Side North,Manhattan,East Village,Manhattan,-73.957011704106,40.78043571518905,-73.98593725800136,40.72761958691338,3.143,74.12,56.62,4.3100000000000005,37.760000000000005,0.5094441446303293,0.3243146214099217,5.554314621409922,0.498777453002611,1.1108629242819845,1.6096403772845955,30.440359622715402,66.77958235330618,2024-02
HV0003,B03404,B03404,2024-02-03 20:32:52,2024-02-03 20:36:14,2024-02-03 20:36:17,2024-02-03 20:48:59,95,82,2.14,762,11.65,0.0,0.32,1.03,0.0,0.0,3.0,9.97,N,N,N,N,N,205.0,202.0,3.0,967.0,20,Saturday,Forest Hills,Queens,Elmhurst,Queens,-73.84766918479201,40.72143087062858,-73.8771182418676,40.73949455225884,3.143,14.97,11.65,0.32,4.68,0.312625250501002,0.5672965879265093,2.7072965879265096,0.24311523359580053,0.541459317585302,0.7845745511811025,9.185425448818899,34.19599960263499,2024-02
HV0003,B03404,B03404,2024-02-04 13:25:21,2024-02-04 13:26:50,2024-02-04 13:27:14,2024-02-04 13:36:31,51,254,2.74,557,14.3,0.0,0.39,1.27,0.0,0.0,5.0,11.33,N,N,N,N,N,113.0,89.0,24.0,670.0,13,Sunday,Co-Op City,Bronx,Williamsbridge/Olinville,Bronx,-73.82826341101214,40.87397187629544,-73.85894858301965,40.88215615951764,3.143,19.69,14.3,0.39,7.970000000000001,0.4047739969527679,0.4378096947935369,3.1778096947935373,0.2853673105924596,0.6355619389587075,0.9209292495511672,10.409070750448834,55.92933537554597,2024-02
HV0003,B03404,B03404,2024-02-22 09:41:03,2024-02-22 09:48:02,2024-02-22 09:48:05,2024-02-22 09:51:37,55,55,0.77,212,8.9,0.0,0.24,0.79,0.0,0.0,0.0,5.39,N,N,N,N,N,422.0,419.0,3.0,634.0,9,Thursday,Coney Island,Brooklyn,Coney Island,Brooklyn,-73.98794380632961,40.57696110526678,-73.98794380632961,40.57696110526678,3.143,9.14,8.9,0.24,3.5100000000000007,0.3840262582056893,1.5218396226415094,2.2918396226415094,0.20580719811320752,0.4583679245283019,0.6641751226415094,4.72582487735849,26.834336843045055,2024-02
HV0003,B03404,B03404,2024-02-29 20:49:59,2024-02-29 20:55:28,2024-02-29 20:57:15,2024-02-29 21:19:10,45,255,3.35,1315,30.31,0.0,0.83,2.69,2.75,0.0,0.0,17.45,N,N,N,N,N,436.0,329.0,107.0,1751.0,20,Thursday,Chinatown,Manhattan,Williamsburg (North Side),Brooklyn,-73.99815128380202,40.71245880657525,-73.95741799903575,40.71880332024791,3.143,33.89,30.31,3.58,12.86,0.3794629684272647,0.8381368821292775,4.188136882129277,0.37609469201520906,0.8376273764258555,1.2137220684410646,16.236277931558934,33.381268163113745,2024-02
HV0003,B03404,B03404,2024-02-08 18:18:46,2024-02-08 18:20:05,2024-02-08 18:20:10,2024-02-08 18:51:35,181,21,5.61,1885,28.57,0.0,0.79,2.54,0.0,0.0,0.0,32.9,N,N,N,N,N,84.0,79.0,5.0,1969.0,18,Thursday,Park Slope,Brooklyn,Bensonhurst East,Brooklyn,-73.98141426627474,40.67037356101699,-73.9835379748552,40.60142880673965,3.143,29.36,28.57,0.79,-4.329999999999998,-0.1474795640326975,0.2351140583554377,5.845114058355438,0.5248912424403183,1.1690228116710877,1.693914054111406,31.206085945888592,57.05531203920717,2024-02
HV0003,B03404,B03404,2024-02-06 15:10:00,2024-02-06 14:54:54,2024-02-06 14:56:55,2024-02-06 15:41:10,214,5,6.67,2655,36.67,0.0,1.01,3.25,0.0,0.0,0.0,46.84,N,N,N,N,N,-785.0,-906.0,121.0,1870.0,14,Tuesday,South Beach/Dongan Hills,Staten Island,Arden Heights,Staten Island,-74.0855126589004,40.58678618255626,-74.18848507307743,40.5526586209353,3.143,37.68,36.67,1.01,-10.170000000000002,-0.26990445859872614,-2.276090395480226,4.393909604519774,0.3945730824858757,0.8787819209039548,1.2733550033898304,45.56664499661017,87.72188341593402,2024-02
HV0003,B03404,B03404,2024-02-10 21:42:07,2024-02-10 22:10:39,2024-02-10 22:12:40,2024-02-10 22:59:57,190,39,9.91,2837,41.81,0.0,1.15,3.71,0.0,0.0,0.0,52.6,N,N,N,N,N,1833.0,1712.0,121.0,4670.0,22,Saturday,Prospect Park,Brooklyn,Canarsie,Brooklyn,-73.96891379769448,40.66162128635939,-73.89973483047997,40.63803639656562,3.143,42.96,41.81,1.15,-10.79,-0.2511638733705773,5.980232640112795,15.890232640112796,1.426942891082129,3.178046528022559,4.6049894191046885,47.99501058089531,36.998295094480326,2024-02
HV0003,B03404,B03404,2024-02-24 14:46:30,2024-02-24 14:48:19,2024-02-24 14:48:27,2024-02-24 14:58:16,167,168,1.64,589,11.62,0.0,0.32,1.03,0.0,0.0,0.0,7.69,N,N,N,N,N,117.0,109.0,8.0,706.0,14,Saturday,Morrisania/Melrose,Bronx,Mott Haven/Port Morris,Bronx,-73.90235192494784,40.827512011036994,-73.91682135545611,40.80734651795231,3.143,11.94,11.62,0.32,3.929999999999999,0.329145728643216,0.30349745331069605,1.943497453310696,0.17452607130730047,0.3886994906621392,0.5632255619694397,7.12677443803056,36.340492885141664,2024-02
HV0003,B03404,B03404,2024-02-18 08:32:14,2024-02-18 08:37:14,2024-02-18 08:37:47,2024-02-18 08:58:36,71,21,3.62,1249,18.75,0.0,0.52,1.66,0.0,0.0,0.0,16.5,N,N,N,N,N,333.0,300.0,33.0,1582.0,8,Sunday,East Flatbush/Farragut,Brooklyn,Bensonhurst East,Brooklyn,-73.93796628102253,40.64428722355921,-73.9835379748552,40.60142880673965,3.143,19.27,18.75,0.52,2.25,0.11676180591593151,0.8694955964771818,4.489495596477182,0.403156704563651,0.8978991192954364,1.3010558238590875,15.198944176140913,34.58672505316516,2024-02
HV0003,B03404,B03404,2024-02-01 16:03:08,2024-02-01 16:05:43,2024-02-01 16:06:32,2024-02-01 16:18:52,123,210,2.57,740,16.16,0.0,0.44,1.43,0.0,0.0,0.0,10.33,Y,N,N,N,N,204.0,155.0,49.0,944.0,16,Thursday,Homecrest,Brooklyn,Sheepshead Bay,Brooklyn,-73.96433371333775,40.59995356501545,-73.94050746825633,40.59202328403454,3.143,16.6,16.16,0.44,5.83,0.3512048192771084,0.5383108108108108,3.108310810810811,0.2791263108108108,0.6216621621621622,0.9007884729729729,9.429211527027027,35.958857518323406,2024-02
HV0003,B03404,B03404,2024-02-10 13:47:26,2024-02-10 13:49:12,2024-02-10 13:49:25,2024-02-10 14:03:58,11,29,5.17,873,15.4,0.0,0.42,1.37,0.0,0.0,0.0,21.82,N,N,N,N,N,119.0,106.0,13.0,992.0,13,Saturday,Bath Beach,Brooklyn,Brighton Beach,Brooklyn,-74.0074879610041,40.60427244439089,-73.96121684069253,40.58092149012796,3.143,15.82,15.4,0.42,-6.42,-0.40581542351453853,0.6277434135166093,5.797743413516609,0.5206373585337915,1.159548682703322,1.6801860412371132,20.139813958762886,73.08803452776854,2024-02
HV0003,B03404,B03404,2024-02-26 01:32:39,2024-02-26 01:33:31,2024-02-26 01:34:29,2024-02-26 01:56:38,48,241,11.36,1329,37.83,0.0,1.04,3.36,2.75,0.0,0.0,27.42,N,N,N,N,N,110.0,52.0,58.0,1439.0,1,Monday,Clinton East,Manhattan,Van Cortlandt Village,Bronx,-73.98984463380468,40.762252049908085,-73.89562004253389,40.87651165473252,3.143,41.62,37.83,3.79,10.409999999999997,0.2501201345506967,0.44448457486832205,11.804484574868322,1.0600427148231752,2.3608969149736647,3.42093962979684,23.99906037020316,60.03934491503223,2024-02
HV0003,B03404,B03404,2024-02-21 22:06:15,2024-02-21 22:07:24,2024-02-21 22:09:05,2024-02-21 22:27:48,112,49,3.63,1123,16.75,0.0,0.46,1.49,0.0,0.0,0.0,15.33,N,N,N,N,N,170.0,69.0,101.0,1293.0,22,Wednesday,Greenpoint,Brooklyn,Clinton Hill,Brooklyn,-73.94953985600077,40.72950555799535,-73.96236330714036,40.68796671165343,3.143,17.21,16.75,0.46,1.42,0.08251016850668215,0.22303650934995548,3.8530365093499555,0.34600267853962596,0.7706073018699912,1.116609980409617,14.213390019590383,39.57324367403355,2024-02
HV0003,B03404,B03404,2024-02-12 16:41:18,2024-02-12 16:43:08,2024-02-12 16:43:54,2024-02-12 16:51:28,196,196,0.29,454,7.98,0.0,0.22,0.71,0.0,0.0,1.0,5.39,N,N,N,N,N,156.0,110.0,46.0,610.0,16,Monday,Rego Park,Queens,Rego Park,Queens,-73.86333842618821,40.72615456414307,-73.86333842618821,40.72615456414307,3.143,9.200000000000001,7.98,0.22,3.5900000000000007,0.39021739130434785,0.07026431718061674,0.3602643171806167,0.03235173568281938,0.07205286343612334,0.10440459911894272,5.285595400881057,31.193677775691484,2024-02
HV0003,B03404,B03404,2024-02-14 20:02:58,2024-02-14 20:05:11,2024-02-14 20:05:19,2024-02-14 20:28:50,234,163,2.44,1411,41.27,0.0,1.13,3.66,2.75,0.0,0.0,25.05,N,N,N,N,N,141.0,133.0,8.0,1552.0,20,Wednesday,Union Sq,Manhattan,Midtown North,Manhattan,-73.99045767416112,40.74033681887629,-73.97756832086549,40.764420870266285,3.143,45.150000000000006,41.27,3.88,16.220000000000002,0.3592469545957918,0.2299929128277817,2.6699929128277815,0.2397653635719348,0.5339985825655563,0.7737639461374911,24.276236053862508,56.310856825969736,2024-02
HV0003,B03404,B03404,2024-02-12 07:28:41,2024-02-12 07:30:32,2024-02-12 07:32:32,2024-02-12 07:49:38,262,170,3.15,1026,21.71,0.0,0.6,1.93,2.75,0.0,0.0,14.78,N,N,N,N,N,231.0,111.0,120.0,1257.0,7,Monday,Yorkville East,Manhattan,Murray Hill,Manhattan,-73.94651027083967,40.77593169638859,-73.97849134130094,40.74774513853527,3.143,25.060000000000002,21.71,3.35,6.9300000000000015,0.276536312849162,0.3407894736842105,3.4907894736842104,0.3134728947368421,0.6981578947368421,1.0116307894736842,13.768369210526314,39.432083657831924,2024-02
HV0003,B03404,B03404,2024-02-23 09:36:41,2024-02-23 09:38:35,2024-02-23 09:39:19,2024-02-23 09:50:17,51,254,2.06,658,12.52,0.0,0.34,1.11,0.0,0.0,0.0,8.9,N,N,N,N,N,158.0,114.0,44.0,816.0,9,Friday,Co-Op City,Bronx,Williamsbridge/Olinville,Bronx,-73.82826341101214,40.87397187629544,-73.85894858301965,40.88215615951764,3.143,12.86,12.52,0.34,3.619999999999999,0.2814930015552099,0.3568996960486322,2.4168996960486324,0.21703759270516715,0.4833799392097265,0.7004175319148936,8.199582468085106,36.17462853566959,2024-02
HV0003,B03404,B03404,2024-02-08 18:38:31,2024-02-08 18:43:49,2024-02-08 18:44:16,2024-02-08 18:55:33,211,90,1.63,677,10.6,0.0,0.29,0.94,2.75,0.0,0.0,8.84,N,N,N,N,N,345.0,318.0,27.0,1022.0,18,Thursday,SoHo,Manhattan,Flatiron,Manhattan,-74.00153738622468,40.72388757677251,-73.9969712245153,40.742278038328486,3.143,13.639999999999999,10.6,3.04,1.7599999999999998,0.12903225806451613,0.765642540620384,2.3956425406203836,0.2151287001477104,0.47912850812407676,0.6942572082717872,8.145742791728212,28.69341883583323,2024-02
HV0003,B03404,B03404,2024-02-17 21:54:28,2024-02-17 21:58:51,2024-02-17 22:00:52,2024-02-17 22:08:15,230,186,0.66,443,12.9,0.0,0.35,1.14,2.75,0.0,0.0,7.02,N,N,N,N,N,384.0,263.0,121.0,827.0,22,Saturday,Times Sq/Theatre District,Manhattan,Penn Station/Madison Sq West,Manhattan,-73.98419629996178,40.7598170009371,-73.99243728054387,40.7484965983886,3.143,16.0,12.9,3.1,5.880000000000001,0.36750000000000005,0.3918284424379233,1.0518284424379234,0.09445419413092553,0.2103656884875847,0.30481988261851023,6.71518011738149,29.23173932596537,2024-02
HV0003,B03404,B03404,2024-02-25 04:00:22,2024-02-25 04:01:28,2024-02-25 04:02:05,2024-02-25 04:05:53,238,238,0.59,228,8.2,0.0,0.23,0.73,2.75,0.0,3.0,5.4,N,N,N,N,N,103.0,66.0,37.0,331.0,4,Sunday,Upper West Side North,Manhattan,Upper West Side North,Manhattan,-73.97304858188282,40.79170437688446,-73.97304858188282,40.79170437688446,3.143,14.18,8.2,2.98,5.799999999999999,0.40902679830747524,0.17078947368421052,0.7607894736842105,0.06831889473684209,0.1521578947368421,0.2204767894736842,5.179523210526316,56.33318295436477,2024-02
HV0003,B03404,B03404,2024-02-03 14:23:16,2024-02-03 14:25:48,2024-02-03 14:27:13,2024-02-03 14:33:09,76,76,1.1,356,8.92,0.0,0.25,0.79,0.0,0.0,0.0,5.39,N,N,N,N,N,237.0,152.0,85.0,593.0,14,Saturday,East New York,Brooklyn,East New York,Brooklyn,-73.87682032859912,40.66093356035302,-73.87682032859912,40.66093356035302,3.143,9.17,8.92,0.25,3.5300000000000002,0.3849509269356598,0.4696629213483146,1.5696629213483146,0.14095573033707864,0.313932584269663,0.4548883146067416,4.935111685393258,29.96020584724406,2024-02
HV0003,B03404,B03404,2024-02-08 07:56:58,2024-02-08 08:01:00,2024-02-08 08:01:17,2024-02-08 08:18:57,25,34,2.0,1060,13.34,0.0,0.37,1.18,0.0,0.0,0.0,12.6,N,N,N,N,N,259.0,242.0,17.0,1319.0,8,Thursday,Boerum Hill,Brooklyn,Brooklyn Navy Yard,Brooklyn,-73.98611365960022,40.685633257491546,-73.97118849549446,40.70085523841419,3.143,13.709999999999999,13.34,0.37,0.7400000000000002,0.0539752005835157,0.45660377358490567,2.456603773584906,0.22060301886792452,0.49132075471698117,0.7119237735849057,11.888076226415095,32.4466068347948,2024-02
HV0003,B03404,B03404,2024-02-22 19:27:57,2024-02-22 19:30:37,2024-02-22 19:30:57,2024-02-22 19:36:34,210,150,1.12,337,8.94,0.0,0.25,0.79,0.0,0.0,0.0,5.4,N,N,N,N,N,180.0,160.0,20.0,517.0,19,Thursday,Sheepshead Bay,Brooklyn,Manhattan Beach,Brooklyn,-73.94050746825633,40.59202328403454,-73.94362892167828,40.580473059632766,3.143,9.19,8.94,0.25,3.539999999999999,0.3852013057671381,0.5317507418397627,1.6517507418397628,0.14832721661721068,0.33035014836795257,0.4786773649851632,4.921322635014837,34.26839745851724,2024-02
HV0003,B03404,B03404,2024-02-23 16:34:48,2024-02-23 16:39:22,2024-02-23 16:39:22,2024-02-23 16:56:22,166,143,3.55,1020,24.33,0.0,0.67,2.16,2.75,0.0,0.0,15.25,N,N,N,N,N,274.0,274.0,0.0,1294.0,16,Friday,Morningside Heights,Manhattan,Lincoln Square West,Manhattan,-73.96176346467264,40.809456315241775,-73.9876454292326,40.775964624542496,3.143,27.75,24.33,3.42,9.079999999999998,0.32720720720720714,0.953627450980392,4.5036274509803915,0.40442574509803914,0.9007254901960784,1.3051512352941175,13.944848764705883,38.79556070551868,2024-02
HV0003,B03404,B03404,2024-02-23 04:18:36,2024-02-23 04:23:03,2024-02-23 04:23:04,2024-02-23 04:38:25,68,145,4.49,921,26.15,0.0,0.72,2.32,2.75,0.0,0.0,14.56,N,N,N,N,N,268.0,267.0,1.0,1189.0,4,Friday,East Chelsea,Manhattan,Long Island City/Hunters Point,Queens,-73.99991751678058,40.748426777755405,-73.94889136420674,40.74537869757109,3.143,29.619999999999997,26.15,3.4699999999999998,11.589999999999998,0.39128966914247126,1.3016612377850165,5.791661237785017,0.5200911791530946,1.1583322475570035,1.678423426710098,12.881576573289902,39.00225034806026,2024-02
HV0003,B03404,B03404,2024-02-09 21:41:08,2024-02-09 21:45:05,2024-02-09 21:46:27,2024-02-09 21:56:27,42,244,2.06,600,13.35,0.0,0.37,1.18,0.0,0.0,0.0,18.62,N,N,N,N,N,319.0,237.0,82.0,919.0,21,Friday,Central Harlem North,Manhattan,Washington Heights South,Manhattan,-73.9407718835631,40.81825672430646,-73.9413990935137,40.84170795917971,3.143,13.719999999999999,13.35,0.37,-5.270000000000001,-0.3841107871720118,0.8137000000000001,2.8737000000000004,0.25805826000000004,0.5747400000000001,0.8327982600000001,17.78720174,69.67783053754081,2024-02
HV0003,B03404,B03404,2024-02-05 01:07:08,2024-02-05 01:11:21,2024-02-05 01:11:31,2024-02-05 01:19:56,76,35,1.92,505,10.66,0.0,0.29,0.95,0.0,0.0,0.0,7.27,N,N,N,N,N,263.0,253.0,10.0,768.0,1,Monday,East New York,Brooklyn,Brownsville,Brooklyn,-73.87682032859912,40.66093356035302,-73.91025783392547,40.66400239681814,3.143,10.95,10.66,0.29,3.3900000000000006,0.30958904109589047,0.9619009900990099,2.88190099009901,0.25879470891089107,0.576380198019802,0.8351749069306931,6.434825093069307,30.163242623762375,2024-02
HV0003,B03404,B03404,2024-02-26 16:09:47,2024-02-26 16:11:56,2024-02-26 16:12:42,2024-02-26 16:44:16,75,69,3.71,1894,23.22,0.0,0.64,2.06,0.0,0.0,0.0,22.68,N,N,N,N,N,175.0,129.0,46.0,2069.0,16,Monday,East Harlem South,Manhattan,East Concourse/Concourse Village,Bronx,-73.94575002008068,40.79001009948004,-73.9150298985607,40.83141570129418,3.143,23.86,23.22,0.64,0.5399999999999991,0.02263202011735118,0.25268743400211197,3.962687434002112,0.3558493315733896,0.7925374868004225,1.1483868183738122,21.531613181626188,37.464382529654074,2024-02
HV0003,B03404,B03404,2024-02-06 08:37:14,2024-02-06 08:40:13,2024-02-06 08:40:30,2024-02-06 08:56:33,134,10,3.65,963,22.33,0.0,0.61,1.98,0.0,0.0,0.0,13.85,N,N,N,N,N,196.0,179.0,17.0,1159.0,8,Tuesday,Kew Gardens,Queens,Baisley Park,Queens,-73.82871255016717,40.70805026272772,-73.79098701332514,40.67895233930188,3.143,22.939999999999998,22.33,0.61,8.479999999999999,0.36965998256320837,0.6784527518172377,4.328452751817237,0.3886950571131879,0.8656905503634476,1.2543856074766355,12.595614392523364,39.123564981090695,2024-02
HV0003,B03404,B03404,2024-02-18 19:42:01,2024-02-18 19:45:00,2024-02-18 19:45:37,2024-02-18 20:01:35,255,79,4.07,958,26.25,0.0,0.72,2.33,2.75,0.0,0.0,15.19,N,N,N,N,N,216.0,179.0,37.0,1174.0,19,Sunday,Williamsburg (North Side),Brooklyn,East Village,Manhattan,-73.95741799903575,40.71880332024791,-73.98593725800136,40.72761958691338,3.143,29.72,26.25,3.4699999999999998,11.06,0.3721399730820996,0.7604697286012527,4.830469728601253,0.4337761816283925,0.9660939457202506,1.3998701273486431,13.790129872651356,42.28659926877758,2024-02
HV0003,B03404,B03404,2024-02-01 23:03:04,2024-02-01 23:03:22,2024-02-01 23:05:23,2024-02-01 23:32:07,261,41,9.61,1604,40.75,0.0,1.12,3.62,2.75,0.0,0.0,27.72,N,N,N,N,N,139.0,18.0,121.0,1743.0,23,Thursday,World Trade Center,Manhattan,Central Harlem,Manhattan,-74.01302266265675,40.7091384408997,-73.95129182852196,40.804333323455445,3.143,44.62,40.75,3.87,13.030000000000001,0.29202151501568807,0.10784289276807979,9.717842892768079,0.8726622917705734,1.9435685785536159,2.816230870324189,24.90376912967581,51.43635620587086,2024-02
HV0003,B03404,B03404,2024-02-24 21:17:17,2024-02-24 21:20:09,2024-02-24 21:21:38,2024-02-24 21:26:09,162,141,1.11,271,21.24,0.0,0.58,1.89,2.75,0.0,0.0,10.62,N,N,N,N,N,261.0,172.0,89.0,532.0,21,Saturday,Midtown East,Manhattan,Lenox Hill West,Manhattan,-73.97235591714862,40.756686941672,-73.95963478688095,40.76694745582751,3.143,24.569999999999997,21.24,3.33,10.62,0.43223443223443225,0.7045018450184501,1.8145018450184502,0.16294226568265682,0.36290036900369005,0.5258426346863468,10.094157365313652,68.30632803595704,2024-02
HV0003,B03404,B03404,2024-02-28 05:38:01,2024-02-28 05:39:13,2024-02-28 05:40:06,2024-02-28 05:54:04,140,68,3.4,838,25.48,0.0,0.7,2.26,2.75,0.0,0.0,14.54,N,N,N,N,N,125.0,72.0,53.0,963.0,5,Wednesday,Lenox Hill East,Manhattan,East Chelsea,Manhattan,-73.9547388423982,40.76548333944988,-73.99991751678058,40.748426777755405,3.143,28.93,25.48,3.45,10.940000000000001,0.3781541652264086,0.29212410501193314,3.692124105011933,0.33155274463007156,0.7384248210023867,1.0699775656324584,13.470022434367541,50.35522405371043,2024-02
HV0003,B03404,B03404,2024-02-04 03:54:59,2024-02-04 04:01:01,2024-02-04 04:01:38,2024-02-04 04:25:01,40,89,4.62,1403,27.76,0.0,0.76,2.46,0.0,0.0,0.0,19.26,N,N,N,N,N,399.0,362.0,37.0,1802.0,4,Sunday,Carroll Gardens,Brooklyn,Flatbush/Ditmas Park,Brooklyn,-73.99595614226644,40.6791985676148,-73.96096812758745,40.637899248043546,3.143,28.520000000000003,27.76,0.76,8.5,0.2980364656381486,1.1920456165359943,5.812045616535994,0.5219216963649322,1.162409123307199,1.6843308196721312,17.57566918032787,35.11232466658176,2024-02
HV0003,B03404,B03404,2024-02-26 21:45:14,2024-02-26 21:46:25,2024-02-26 21:46:56,2024-02-26 22:09:46,137,228,9.86,1370,29.76,0.0,0.82,2.64,2.75,0.0,0.0,25.84,N,N,N,N,N,102.0,71.0,31.0,1472.0,21,Monday,Kips Bay,Manhattan,Sunset Park West,Brooklyn,-73.97649447841282,40.74043833958882,-74.01127289375856,40.652353822117504,3.143,33.33,29.76,3.57,3.9200000000000017,0.11761176117611767,0.510992700729927,10.370992700729927,0.9313151445255474,2.0741985401459853,3.0055136846715325,22.83448631532847,55.845211097270706,2024-02
HV0003,B03404,B03404,2024-02-12 16:23:58,2024-02-12 16:25:17,2024-02-12 16:25:17,2024-02-12 16:39:03,162,7,2.98,826,21.72,0.0,0.6,1.93,2.75,0.0,0.0,11.69,N,N,N,N,N,79.0,79.0,0.0,905.0,16,Monday,Midtown East,Manhattan,Astoria,Queens,-73.97235591714862,40.756686941672,-73.91969416440043,40.761491926149866,3.143,25.07,21.72,3.35,10.03,0.4000797766254487,0.2850121065375303,3.2650121065375304,0.2931980871670702,0.6530024213075061,0.9462005084745763,10.743799491525424,42.73776593313981,2024-02
HV0003,B03404,B03404,2024-02-09 11:15:57,2024-02-09 11:19:42,2024-02-09 11:20:19,2024-02-09 11:29:03,256,80,1.1,524,11.94,0.0,0.33,1.06,0.0,0.0,5.0,6.5,N,N,N,N,N,262.0,225.0,37.0,786.0,11,Friday,Williamsburg (South Side),Brooklyn,East Williamsburg,Brooklyn,-73.95990445316505,40.71087946812129,-73.93679348509205,40.71536904490185,3.143,17.27,11.94,0.33,10.439999999999998,0.6045165026056745,0.47232824427480924,1.5723282442748094,0.14119507633587788,0.3144656488549619,0.4556607251908398,6.04433927480916,27.68399667851524,2024-02
HV0003,B03404,B03404,2024-02-25 14:38:52,2024-02-25 14:40:03,2024-02-25 14:41:49,2024-02-25 15:19:02,236,220,9.32,2233,34.27,3.18,1.03,3.32,2.75,0.0,3.0,33.24,N,N,N,N,N,177.0,71.0,106.0,2410.0,14,Sunday,Upper East Side North,Manhattan,Spuyten Duyvil/Kingsbridge,Bronx,-73.957011704106,40.78043571518905,-73.91066473993713,40.88240269359515,3.143,44.230000000000004,34.27,6.96,4.030000000000001,0.09111462808048837,0.29633676668159425,9.616336766681595,0.8635470416480071,1.9232673533363192,2.7868143949843263,30.453185605015676,45.49023575852964,2024-02
HV0003,B03404,B03404,2024-02-11 13:51:59,2024-02-11 13:54:07,2024-02-11 13:54:47,2024-02-11 14:10:02,76,225,2.51,915,15.19,0.0,0.42,1.35,0.0,0.0,0.0,11.9,N,N,N,N,N,168.0,128.0,40.0,1083.0,13,Sunday,East New York,Brooklyn,Stuyvesant Heights,Brooklyn,-73.87682032859912,40.66093356035302,-73.93188774325893,40.68816752944304,3.143,15.61,15.19,0.42,3.289999999999999,0.21076233183856496,0.3511256830601093,2.8611256830601093,0.2569290863387978,0.5722251366120219,0.8291542229508198,11.07084577704918,36.8005953807729,2024-02
HV0003,B03404,B03404,2024-02-22 10:25:00,2024-02-22 10:30:15,2024-02-22 10:31:12,2024-02-22 10:56:20,138,256,9.25,1508,43.17,0.0,1.19,3.83,0.0,0.0,0.0,26.32,N,N,N,N,N,372.0,315.0,57.0,1880.0,10,Thursday,LaGuardia Airport,Queens,Williamsburg (South Side),Brooklyn,-73.8736284288142,40.77437514616604,-73.95990445316505,40.71087946812129,3.143,44.36,43.17,1.19,16.85,0.37984670874661863,1.9321949602122017,11.182194960212202,1.0041611074270558,2.2364389920424403,3.2406000994694963,23.079399900530504,44.194595554207346,2024-02
HV0003,B03404,B03404,2024-02-18 17:03:36,2024-02-18 17:06:10,2024-02-18 17:06:36,2024-02-18 17:13:23,62,61,1.04,407,8.86,0.0,0.24,0.79,0.0,0.0,0.0,5.39,N,N,N,N,N,180.0,154.0,26.0,587.0,17,Sunday,Crown Heights South,Brooklyn,Crown Heights North,Brooklyn,-73.94878831329727,40.66654019759787,-73.93928693646026,40.67446920571126,3.143,9.1,8.86,0.24,3.4699999999999998,0.3813186813186813,0.39351351351351355,1.4335135135135135,0.1287295135135135,0.2867027027027027,0.4154322162162162,4.974567783783783,30.50842252405727,2024-02
HV0003,B03404,B03404,2024-02-14 18:16:11,2024-02-14 18:18:10,2024-02-14 18:18:22,2024-02-14 18:25:46,255,255,1.02,444,10.67,0.0,0.29,0.95,0.0,0.0,0.0,5.95,N,N,N,N,N,131.0,119.0,12.0,575.0,18,Wednesday,Williamsburg (North Side),Brooklyn,Williamsburg (North Side),Brooklyn,-73.95741799903575,40.71880332024791,-73.95741799903575,40.71880332024791,3.143,10.959999999999999,10.67,0.29,4.72,0.43065693430656937,0.27337837837837836,1.2933783783783783,0.11614537837837836,0.2586756756756757,0.374821054054054,5.575178945945946,34.90546818331375,2024-02
HV0003,B03404,B03404,2024-02-12 16:30:28,2024-02-12 16:33:59,2024-02-12 16:34:01,2024-02-12 16:52:15,198,61,2.49,1094,17.0,0.0,0.47,1.51,0.0,0.0,5.0,13.55,N,N,N,N,N,213.0,211.0,2.0,1307.0,16,Monday,Ridgewood,Queens,Crown Heights North,Brooklyn,-73.90170912961153,40.706526169337856,-73.93928693646026,40.67446920571126,3.143,22.47,17.0,0.47,8.45,0.37605696484201157,0.4802468007312615,2.9702468007312617,0.2667281627056673,0.5940493601462523,0.8607775228519197,12.689222477148082,34.951186624126315,2024-02
HV0003,B03404,B03404,2024-02-05 23:16:29,2024-02-05 23:17:42,2024-02-05 23:19:42,2024-02-06 00:05:30,164,197,12.3,2748,43.02,6.94,1.37,4.43,2.75,0.0,0.0,51.62,N,N,N,N,N,193.0,73.0,120.0,2941.0,23,Monday,Midtown South,Manhattan,Richmond Hill,Queens,-73.98515619423324,40.74857395489648,-73.83092448484014,40.69454169265697,3.143,54.08,43.02,11.06,-8.599999999999994,-0.15902366863905315,0.3267467248908297,12.62674672489083,1.1338818558951966,2.5253493449781663,3.659231200873363,47.96076879912663,58.707503460338614,2024-02
HV0003,B03404,B03404,2024-02-09 21:38:29,2024-02-09 21:40:42,2024-02-09 21:41:00,2024-02-09 21:47:09,237,229,0.96,369,8.21,0.0,0.23,0.73,2.75,0.0,1.0,5.4,N,N,N,N,N,151.0,133.0,18.0,520.0,21,Friday,Upper East Side South,Manhattan,Sutton Place/Turtle Bay North,Manhattan,-73.96563449518534,40.76861447337675,-73.96514558738956,40.75672829786632,3.143,12.190000000000001,8.21,2.98,3.8100000000000005,0.31255127153404433,0.3460162601626016,1.3060162601626015,0.11728026016260161,0.2612032520325203,0.37848351219512194,5.021516487804878,34.76434491557224,2024-02
HV0003,B03404,B03404,2024-02-25 12:51:19,2024-02-25 12:53:31,2024-02-25 12:54:22,2024-02-25 13:05:29,262,237,1.32,667,26.3,0.0,0.72,2.33,2.75,0.0,6.42,14.94,N,N,N,N,N,183.0,132.0,51.0,850.0,12,Sunday,Yorkville East,Manhattan,Upper East Side South,Manhattan,-73.94651027083967,40.77593169638859,-73.96563449518534,40.76861447337675,3.143,36.19,26.3,3.4699999999999998,17.78,0.4912959381044488,0.26122938530734635,1.5812293853073465,0.1419943988005997,0.31624587706146934,0.45824027586206906,14.48175972413793,61.33451177281947,2024-02
HV0003,B03404,B03404,2024-02-06 10:04:51,2024-02-06 10:06:39,2024-02-06 10:08:13,2024-02-06 10:24:03,169,41,4.9,950,19.63,0.0,0.54,1.74,0.0,0.0,0.0,15.37,N,N,N,N,N,202.0,108.0,94.0,1152.0,10,Tuesday,Mount Hope,Bronx,Central Harlem,Manhattan,-73.90512230176171,40.849057751559215,-73.95129182852196,40.804333323455445,3.143,20.169999999999998,19.63,0.54,4.26,0.21120475954387705,0.5570526315789475,5.457052631578948,0.4900433263157895,1.0914105263157896,1.5814538526315791,13.78854614736842,43.08920671052631,2024-02
HV0003,B03404,B03404,2024-02-24 14:12:17,2024-02-24 14:15:39,2024-02-24 14:16:29,2024-02-24 14:33:22,258,198,2.98,1013,17.89,0.0,0.49,1.59,0.0,0.0,5.0,13.44,N,N,N,N,N,252.0,202.0,50.0,1265.0,14,Saturday,Woodhaven,Queens,Ridgewood,Queens,-73.85576684520184,40.68872054521105,-73.90170912961153,40.706526169337856,3.143,23.38,17.89,0.49,9.450000000000001,0.40419161676646714,0.5942349457058242,3.5742349457058245,0.32096629812438304,0.714846989141165,1.0358132872655479,12.404186712734452,35.30045230501504,2024-02
HV0003,B03404,B03404,2024-02-09 17:21:40,2024-02-09 17:30:03,2024-02-09 17:31:41,2024-02-09 18:07:56,113,168,8.29,2175,68.67,0.0,1.89,6.09,2.75,0.0,0.0,45.1,N,N,N,N,N,601.0,503.0,98.0,2776.0,17,Friday,Greenwich Village North,Manhattan,Mott Haven/Port Morris,Bronx,-73.99430449266352,40.73257849687629,-73.91682135545611,40.80734651795231,3.143,73.31,68.67,4.64,23.57,0.3215113899877234,1.917181609195402,10.207181609195402,0.9166049085057469,2.0414363218390803,2.9580412303448274,42.141958769655176,54.650955176786255,2024-02
HV0003,B03404,B03404,2024-02-17 10:29:12,2024-02-17 10:32:23,2024-02-17 10:33:50,2024-02-17 10:40:56,205,203,1.85,426,8.05,0.0,0.22,0.71,0.0,0.0,0.0,6.43,N,N,N,N,N,278.0,191.0,87.0,704.0,10,Saturday,Saint Albans,Queens,Rosedale,Queens,-73.76314638043442,40.69120002152517,-73.73947426605032,40.65785159348383,3.143,8.270000000000001,8.05,0.22,1.620000000000001,0.195888754534462,0.8294600938967136,2.6794600938967137,0.24061551643192486,0.5358920187793428,0.7765075352112676,5.653492464788732,28.90990464948783,2024-02
HV0003,B03404,B03404,2024-02-25 00:28:44,2024-02-25 00:32:57,2024-02-25 00:33:13,2024-02-25 00:51:37,226,262,4.32,1104,16.31,0.0,0.45,1.45,2.75,0.0,2.09,16.06,N,N,N,N,N,269.0,253.0,16.0,1373.0,0,Sunday,Sunnyside,Queens,Yorkville East,Manhattan,-73.92467262943985,40.73769725609221,-73.94651027083967,40.77593169638859,3.143,21.599999999999998,16.31,3.2,2.34,0.10833333333333334,0.99,5.3100000000000005,0.476838,1.062,1.5388380000000002,14.521161999999999,38.07442330662782,2024-02
HV0003,B03404,B03404,2024-02-27 10:59:31,2024-02-27 11:05:38,2024-02-27 11:07:38,2024-02-27 11:13:01,61,61,0.45,323,9.43,0.0,0.26,0.84,0.0,0.0,0.0,5.76,N,N,N,N,N,487.0,367.0,120.0,810.0,11,Tuesday,Crown Heights North,Brooklyn,Crown Heights North,Brooklyn,-73.93928693646026,40.67446920571126,-73.93928693646026,40.67446920571126,3.143,9.69,9.43,0.26,3.67,0.37874097007223945,0.5113003095975233,0.9613003095975232,0.08632476780185758,0.19226006191950465,0.2785848297213622,5.481415170278638,24.36184520123839,2024-02
HV0003,B03404,B03404,2024-02-27 15:59:46,2024-02-27 16:02:29,2024-02-27 16:02:36,2024-02-27 16:16:10,20,167,2.66,814,18.73,0.0,0.52,1.66,0.0,0.0,0.0,11.15,N,N,N,N,N,170.0,163.0,7.0,984.0,16,Tuesday,Belmont,Bronx,Morrisania/Melrose,Bronx,-73.88586731138831,40.857778885275984,-73.90235192494784,40.827512011036994,3.143,19.25,18.73,0.52,7.58,0.39376623376623376,0.5326535626535627,3.192653562653563,0.28670028992628993,0.6385307125307126,0.9252310024570025,10.224768997542999,37.40769145442561,2024-02
HV0003,B03404,B03404,2024-02-24 00:19:15,2024-02-24 00:20:37,2024-02-24 00:21:24,2024-02-24 00:24:18,260,83,0.56,174,8.9,0.0,0.24,0.79,0.0,0.0,2.0,5.4,N,N,N,N,N,129.0,82.0,47.0,303.0,0,Saturday,Woodside,Queens,Elmhurst/Maspeth,Queens,-73.90630705433507,40.74423288564698,-73.89217328348057,40.738323179532586,3.143,11.14,8.9,0.24,5.5,0.49371633752244165,0.2639080459770115,0.8239080459770116,0.07398694252873564,0.16478160919540233,0.23876855172413797,5.1612314482758626,61.32156176169342,2024-02
HV0003,B03404,B03404,2024-02-22 19:47:28,2024-02-22 19:49:16,2024-02-22 19:49:40,2024-02-22 20:18:29,225,112,3.57,1729,24.16,0.0,0.66,2.14,0.0,0.0,5.39,20.94,N,N,N,N,N,132.0,108.0,24.0,1861.0,19,Thursday,Stuyvesant Heights,Brooklyn,Greenpoint,Brooklyn,-73.93188774325893,40.68816752944304,-73.94953985600077,40.72950555799535,3.143,30.21,24.16,0.66,8.61,0.2850049652432969,0.22299595141700404,3.7929959514170037,0.3406110364372469,0.7585991902834008,1.0992102267206478,19.840789773279354,38.38089370435555,2024-02
HV0003,B03404,B03404,2024-02-29 14:07:29,2024-02-29 14:08:43,2024-02-29 14:09:38,2024-02-29 14:17:40,87,13,1.2,482,25.64,0.0,0.71,2.28,2.75,0.0,4.7,12.75,N,N,N,N,N,129.0,74.0,55.0,611.0,14,Thursday,Financial District North,Manhattan,Battery Park City,Manhattan,-74.0074957883342,40.70680798106304,-74.01607908770592,40.71203749145812,3.143,33.800000000000004,25.64,3.46,17.59,0.5204142011834318,0.18423236514522823,1.3842323651452282,0.12430406639004149,0.27684647302904564,0.4011505394190871,12.348849460580913,72.75917849114778,2024-02
HV0003,B03404,B03404,2024-02-29 12:48:04,2024-02-29 12:54:28,2024-02-29 12:54:56,2024-02-29 13:04:28,124,180,2.23,572,14.28,0.0,0.39,1.27,0.0,0.0,3.0,9.55,N,N,N,N,N,412.0,384.0,28.0,984.0,12,Thursday,Howard Beach,Queens,Ozone Park,Queens,-73.8449183059148,40.65824687444377,-73.84704304397084,40.675594357483554,3.143,17.67,14.28,0.39,7.73,0.4374646293152235,1.4970629370629371,3.727062937062937,0.33469025174825173,0.7454125874125874,1.0801028391608392,8.469897160839162,30.98742863721645,2024-02
HV0003,B03404,B03404,2024-02-17 14:18:35,2024-02-17 14:21:06,2024-02-17 14:21:06,2024-02-17 14:52:56,239,261,6.4,1910,45.23,0.0,1.24,4.01,2.75,0.0,0.0,26.81,N,N,N,N,N,151.0,151.0,0.0,2061.0,14,Saturday,Upper West Side South,Manhattan,World Trade Center,Manhattan,-73.97863166507607,40.783960878966745,-74.01302266265675,40.7091384408997,3.143,49.22,45.23,3.99,18.419999999999998,0.374238114587566,0.5059685863874346,6.905968586387435,0.6201559790575916,1.381193717277487,2.0013496963350788,24.80865030366492,43.33388699330117,2024-02
HV0003,B03404,B03404,2024-02-07 01:24:27,2024-02-07 01:26:19,2024-02-07 01:28:21,2024-02-07 01:43:49,243,42,3.89,928,20.47,0.0,0.56,1.82,0.0,0.0,0.0,13.84,N,N,N,N,N,234.0,112.0,122.0,1162.0,1,Wednesday,Washington Heights North,Manhattan,Central Harlem North,Manhattan,-73.93283150973461,40.85710754449232,-73.9407718835631,40.81825672430646,3.143,21.029999999999998,20.47,0.56,6.629999999999999,0.3152639087018545,0.46948275862068967,4.35948275862069,0.3914815517241379,0.8718965517241379,1.2633781034482758,12.576621896551725,38.96371671909312,2024-02
HV0003,B03404,B03404,2024-02-02 18:47:13,2024-02-02 18:50:54,2024-02-02 18:52:55,2024-02-02 19:27:36,55,72,10.65,2081,25.24,0.0,0.69,2.24,0.0,0.0,0.0,33.56,N,N,N,N,N,342.0,221.0,121.0,2423.0,18,Friday,Coney Island,Brooklyn,East Flatbush/Remsen Village,Brooklyn,-73.98794380632961,40.57696110526678,-73.92225109435532,40.65236395430748,3.143,25.93,25.24,0.69,-8.320000000000004,-0.32086386424990376,1.1310187409899086,11.781018740989909,1.0579354829408938,2.356203748197982,3.4141392311388756,30.145860768861127,44.78955789017749,2024-02
HV0003,B03404,B03404,2024-02-03 21:25:55,2024-02-03 21:26:52,2024-02-03 21:27:22,2024-02-03 21:35:38,61,17,1.62,496,9.84,0.0,0.27,0.87,0.0,0.0,0.0,6.79,N,N,N,N,N,87.0,57.0,30.0,583.0,21,Saturday,Crown Heights North,Brooklyn,Bedford,Brooklyn,-73.93928693646026,40.67446920571126,-73.94990474718477,40.69150649558427,3.143,10.11,9.84,0.27,3.05,0.3016815034619189,0.1861693548387097,1.8061693548387099,0.16219400806451614,0.361233870967742,0.5234278790322582,6.266572120967742,38.695814126044375,2024-02
HV0003,B03404,B03404,2024-02-21 00:16:41,2024-02-21 00:21:07,2024-02-21 00:21:12,2024-02-21 00:29:36,51,212,5.33,504,17.89,0.0,0.49,1.59,0.0,0.0,0.0,11.74,N,N,N,N,N,271.0,266.0,5.0,775.0,0,Wednesday,Co-Op City,Bronx,Soundview/Bruckner,Bronx,-73.82826341101214,40.87397187629544,-73.86967995832318,40.82790176764516,3.143,18.38,17.89,0.49,6.15,0.3346028291621328,2.8130555555555556,8.143055555555556,0.7312463888888889,1.6286111111111112,2.3598575000000004,9.3801425,43.572274838709674,2024-02
HV0003,B03404,B03404,2024-02-12 18:34:43,2024-02-12 18:34:58,2024-02-12 18:36:16,2024-02-12 18:47:34,7,146,1.77,678,11.65,0.0,0.32,1.03,0.0,0.0,0.0,8.7,N,N,N,N,N,93.0,15.0,78.0,771.0,18,Monday,Astoria,Queens,Long Island City/Queens Plaza,Queens,-73.91969416440043,40.761491926149866,-73.93482872612303,40.754241860637634,3.143,11.97,11.65,0.32,2.950000000000001,0.24644945697577283,0.03915929203539823,1.8091592920353983,0.16246250442477875,0.36183185840707965,0.5242943628318584,8.175705637168141,38.17450102957887,2024-02
HV0003,B03404,B03404,2024-02-16 22:21:31,2024-02-16 22:23:10,2024-02-16 22:23:18,2024-02-16 22:30:08,241,169,1.31,410,9.0,0.0,0.25,0.8,0.0,0.0,0.0,5.57,N,N,N,N,N,107.0,99.0,8.0,517.0,22,Friday,Van Cortlandt Village,Bronx,Mount Hope,Bronx,-73.89562004253389,40.87651165473252,-73.90512230176171,40.849057751559215,3.143,9.25,9.0,0.25,3.4299999999999997,0.3708108108108108,0.3163170731707317,1.6263170731707317,0.1460432731707317,0.3252634146341464,0.47130668780487806,5.098693312195122,35.503473740623676,2024-02
HV0003,B03404,B03404,2024-02-05 17:57:29,2024-02-05 18:01:12,2024-02-05 18:02:32,2024-02-05 18:26:20,237,113,3.29,1428,44.84,0.0,1.23,3.98,2.75,0.0,0.0,26.97,N,N,N,N,N,303.0,223.0,80.0,1731.0,18,Monday,Upper East Side South,Manhattan,Greenwich Village North,Manhattan,-73.96563449518534,40.76861447337675,-73.99430449266352,40.73257849687629,3.143,48.82,44.84,3.98,17.870000000000005,0.3660385088078657,0.5137745098039216,3.8037745098039215,0.3415789509803921,0.7607549019607843,1.1023338529411764,25.867666147058824,53.797572576205525,2024-02
HV0003,B03404,B03404,2024-02-04 17:55:52,2024-02-04 17:57:14,2024-02-04 17:57:14,2024-02-04 18:19:55,100,144,3.14,1361,31.57,0.0,0.87,2.8,2.75,0.0,0.0,16.92,N,N,N,N,N,82.0,82.0,0.0,1443.0,17,Sunday,Garment District,Manhattan,Little Italy/NoLiTa,Manhattan,-73.98878634685092,40.75351217038599,-73.99691839304907,40.72088834178079,3.143,35.19,31.57,3.62,14.649999999999999,0.4163114521170787,0.1891844232182219,3.329184423218222,0.2989607612049963,0.6658368846436444,0.9647976458486407,15.95520235415136,39.805078638215456,2024-02
HV0003,B03404,B03404,2024-02-21 16:01:11,2024-02-21 16:05:07,2024-02-21 16:05:40,2024-02-21 16:14:36,261,87,0.76,536,9.16,0.0,0.25,0.81,2.75,0.0,0.0,7.04,N,N,N,N,N,269.0,236.0,33.0,805.0,16,Wednesday,World Trade Center,Manhattan,Financial District North,Manhattan,-74.01302266265675,40.7091384408997,-74.0074957883342,40.70680798106304,3.143,12.16,9.16,3.0,2.12,0.1743421052631579,0.3346268656716418,1.0946268656716418,0.09829749253731343,0.21892537313432836,0.3172228656716418,6.722777134328358,30.064593395754144,2024-02
HV0003,B03404,B03404,2024-02-14 21:29:44,2024-02-14 21:30:44,2024-02-14 21:32:44,2024-02-14 21:59:30,76,22,12.58,1606,31.73,0.0,0.87,2.82,0.0,0.0,0.0,31.63,N,N,N,N,N,180.0,60.0,120.0,1786.0,21,Wednesday,East New York,Brooklyn,Bensonhurst West,Brooklyn,-73.87682032859912,40.66093356035302,-73.99525874269187,40.6122174014384,3.143,32.6,31.73,0.87,0.10000000000000142,0.0030674846625767306,0.4699875466998754,13.049987546699876,1.1718888816936488,2.6099975093399754,3.7818863910336242,27.848113608966376,56.13281578515059,2024-02
HV0003,B03404,B03404,2024-02-23 16:21:04,2024-02-23 16:23:09,2024-02-23 16:25:03,2024-02-23 17:18:09,95,52,12.1,3186,44.85,0.0,1.23,3.98,0.0,0.0,0.0,45.85,N,N,N,N,N,239.0,125.0,114.0,3425.0,16,Friday,Forest Hills,Queens,Cobble Hill,Brooklyn,-73.84766918479201,40.72143087062858,-73.99672396676043,40.68665075208901,3.143,46.08,44.85,1.23,-1.0,-0.021701388888888888,0.47473320778405526,12.574733207784055,1.129211042059008,2.5149466415568114,3.6441576836158194,42.205842316384185,44.36234520846221,2024-02
HV0003,B03404,B03404,2024-02-02 21:18:53,2024-02-02 21:19:53,2024-02-02 21:20:17,2024-02-02 21:56:20,255,87,5.22,2163,29.5,0.0,0.81,2.62,2.75,0.0,7.13,28.19,N,N,N,N,N,84.0,60.0,24.0,2247.0,21,Friday,Williamsburg (North Side),Brooklyn,Financial District North,Manhattan,-73.95741799903575,40.71880332024791,-74.0074957883342,40.70680798106304,3.143,40.190000000000005,29.5,3.56,8.440000000000001,0.2100024881811396,0.1447988904299584,5.364798890429958,0.4817589403606101,1.0729597780859916,1.5547187184466018,26.6352812815534,42.673347847615595,2024-02
HV0003,B03404,B03404,2024-02-01 10:59:06,2024-02-01 10:59:22,2024-02-01 11:01:11,2024-02-01 11:07:13,113,249,0.84,362,8.23,0.0,0.23,0.73,2.75,0.0,0.0,5.39,N,N,N,N,N,125.0,16.0,109.0,487.0,11,Thursday,Greenwich Village North,Manhattan,West Village,Manhattan,-73.99430449266352,40.73257849687629,-74.00287478437944,40.73457538224023,3.143,11.21,8.23,2.98,2.8400000000000007,0.2533452274754684,0.03712707182320442,0.8771270718232044,0.07876601104972375,0.17542541436464087,0.2541914254143646,5.135808574585635,37.9649093809205,2024-02
HV0003,B03404,B03404,2024-02-21 06:17:56,2024-02-21 06:21:43,2024-02-21 06:23:41,2024-02-21 06:53:31,212,48,12.28,1790,40.48,0.0,1.11,3.59,2.75,0.0,0.0,35.46,N,N,N,N,N,345.0,227.0,118.0,2135.0,6,Wednesday,Soundview/Bruckner,Bronx,Clinton East,Manhattan,-73.86967995832318,40.82790176764516,-73.98984463380468,40.762252049908085,3.143,44.339999999999996,40.48,3.8600000000000003,5.019999999999996,0.11321605773567876,1.5572960893854748,13.837296089385474,1.2425891888268155,2.7674592178770947,4.01004840670391,31.449951593296092,53.03036334232596,2024-02
HV0003,B03404,B03404,2024-02-15 21:32:28,2024-02-15 21:34:36,2024-02-15 21:35:32,2024-02-15 21:40:25,171,92,0.97,293,8.93,0.0,0.25,0.79,0.0,0.0,0.0,7.81,N,N,N,N,N,184.0,128.0,56.0,477.0,21,Thursday,Murray Hill-Queens,Queens,Flushing,Queens,-73.80954545137605,40.768350879648686,-73.8288586430752,40.76110071120437,3.143,9.18,8.93,0.25,1.12,0.12200435729847496,0.4237542662116041,1.393754266211604,0.12515913310580204,0.2787508532423208,0.4039099863481228,7.406090013651877,55.89501897095756,2024-02
HV0003,B03404,B03404,2024-02-25 00:36:26,2024-02-25 00:39:27,2024-02-25 00:40:19,2024-02-25 00:53:14,75,152,3.05,775,15.28,0.0,0.42,1.36,0.0,0.0,0.0,11.3,Y,N,N,N,N,233.0,181.0,52.0,1008.0,0,Sunday,East Harlem South,Manhattan,Manhattanville,Manhattan,-73.94575002008068,40.79001009948004,-73.95378198907079,40.81797460055961,3.143,15.7,15.28,0.42,3.9799999999999986,0.25350318471337574,0.7123225806451613,3.762322580645161,0.33785656774193545,0.7524645161290322,1.0903210838709676,10.209678916129032,36.46313898617511,2024-02
HV0003,B03404,B03404,2024-02-13 21:59:19,2024-02-13 22:00:49,2024-02-13 22:02:50,2024-02-13 22:17:52,217,217,1.32,902,12.22,0.0,0.34,1.08,0.0,0.0,0.0,10.48,N,N,N,N,N,211.0,90.0,121.0,1113.0,22,Tuesday,South Williamsburg,Brooklyn,South Williamsburg,Brooklyn,-73.95859672937166,40.70391593168995,-73.95859672937166,40.70391593168995,3.143,12.56,12.22,0.34,1.7400000000000002,0.13853503184713378,0.13170731707317074,1.4517073170731707,0.13036331707317073,0.2903414634146341,0.42070478048780485,10.059295219512196,32.53680394451384,2024-02
HV0003,B03404,B03404,2024-02-04 19:57:30,2024-02-04 19:58:05,2024-02-04 19:58:33,2024-02-04 20:16:48,29,22,4.25,1095,18.81,0.0,0.52,1.67,0.0,0.0,0.0,15.87,N,N,N,N,N,63.0,35.0,28.0,1158.0,19,Sunday,Brighton Beach,Brooklyn,Bensonhurst West,Brooklyn,-73.96121684069253,40.58092149012796,-73.99525874269187,40.6122174014384,3.143,19.33,18.81,0.52,2.9399999999999995,0.1520951888256596,0.1358447488584475,4.385844748858448,0.3938488584474886,0.8771689497716896,1.2710178082191783,14.59898219178082,45.38543686563985,2024-02
HV0003,B03404,B03404,2024-02-03 09:29:19,2024-02-03 09:30:27,2024-02-03 09:30:39,2024-02-03 09:50:27,7,107,7.33,1188,23.67,6.94,0.84,2.72,2.75,0.0,10.0,20.8,N,N,N,N,N,80.0,68.0,12.0,1268.0,9,Saturday,Astoria,Queens,Gramercy,Manhattan,-73.91969416440043,40.761491926149866,-73.98405192785955,40.73682342425488,3.143,44.2,23.67,10.530000000000001,12.870000000000001,0.2911764705882353,0.4195622895622896,7.74956228956229,0.6959106936026936,1.5499124579124581,2.2458231515151517,18.55417684848485,52.67747370232292,2024-02
HV0003,B03404,B03404,2024-02-13 19:40:16,2024-02-13 19:42:14,2024-02-13 19:42:41,2024-02-13 19:52:52,137,234,1.49,611,12.7,0.0,0.35,1.13,2.75,0.0,0.0,7.7,N,N,N,N,N,145.0,118.0,27.0,756.0,19,Tuesday,Kips Bay,Manhattan,Union Sq,Manhattan,-73.97649447841282,40.74043833958882,-73.99045767416112,40.74033681887629,3.143,15.799999999999999,12.7,3.1,4.999999999999999,0.3164556962025316,0.2877577741407529,1.7777577741407529,0.1596426481178396,0.3555515548281506,0.5151942029459902,7.18480579705401,34.21336093835243,2024-02
HV0003,B03404,B03404,2024-02-28 22:30:07,2024-02-28 22:31:49,2024-02-28 22:32:30,2024-02-28 23:00:25,261,142,5.97,1675,36.94,0.0,1.02,3.28,2.75,0.0,4.39,23.59,N,N,N,N,N,143.0,102.0,41.0,1818.0,22,Wednesday,World Trade Center,Manhattan,Lincoln Square East,Manhattan,-74.01302266265675,40.7091384408997,-73.98153210008745,40.77363265587896,3.143,45.1,36.94,3.77,17.74,0.3933481152993348,0.3635462686567164,6.3335462686567165,0.5687524549253731,1.2667092537313434,1.8354617086567164,21.754538291343284,43.078293646224324,2024-02
HV0003,B03404,B03404,2024-02-17 10:22:10,2024-02-17 10:24:58,2024-02-17 10:26:14,2024-02-17 10:54:45,41,186,4.9,1711,28.86,0.0,0.79,2.56,2.75,0.0,0.0,22.53,N,N,N,N,N,244.0,168.0,76.0,1955.0,10,Saturday,Central Harlem,Manhattan,Penn Station/Madison Sq West,Manhattan,-73.95129182852196,40.804333323455445,-73.99243728054387,40.7484965983886,3.143,32.4,28.86,3.54,6.329999999999998,0.19537037037037033,0.48112215078901227,5.381122150789013,0.4832247691408533,1.0762244301578026,1.5594491992986559,20.970550800701346,38.615848021751844,2024-02
HV0003,B03404,B03404,2024-02-22 08:17:01,2024-02-22 08:22:21,2024-02-22 08:23:02,2024-02-22 08:52:06,87,163,6.02,1744,36.94,0.0,1.02,3.28,2.75,0.0,0.0,24.31,N,N,N,N,N,361.0,320.0,41.0,2105.0,8,Thursday,Financial District North,Manhattan,Midtown North,Manhattan,-74.0074957883342,40.70680798106304,-73.97756832086549,40.764420870266285,3.143,40.71,36.94,3.77,12.629999999999999,0.31024318349299923,1.1045871559633027,7.124587155963303,0.6397879266055045,1.4249174311926607,2.0647053577981653,22.245294642201834,38.04420936433568,2024-02
HV0003,B03404,B03404,2024-02-10 21:06:26,2024-02-10 21:11:47,2024-02-10 21:13:19,2024-02-10 21:26:20,119,159,1.93,781,12.51,0.0,0.34,1.11,0.0,0.0,0.0,10.88,N,N,N,N,N,413.0,321.0,92.0,1194.0,21,Saturday,Highbridge,Bronx,Melrose South,Bronx,-73.92615739281834,40.83782626996652,-73.9128491499624,40.81825923634175,3.143,12.85,12.51,0.34,1.629999999999999,0.1268482490272373,0.7932522407170295,2.7232522407170294,0.24454805121638926,0.5446504481434059,0.7891984993597951,10.090801500640206,30.42452713760866,2024-02
HV0003,B03404,B03404,2024-02-20 11:45:12,2024-02-20 11:47:16,2024-02-20 11:47:24,2024-02-20 12:21:33,100,198,6.87,2049,57.08,6.94,1.76,5.68,2.75,0.0,0.0,40.85,N,N,N,N,N,132.0,124.0,8.0,2181.0,11,Tuesday,Garment District,Manhattan,Ridgewood,Queens,-73.98878634685092,40.75351217038599,-73.90170912961153,40.706526169337856,3.143,68.53,57.08,11.450000000000001,16.229999999999997,0.23683058514519184,0.4157540263543192,7.2857540263543195,0.6542607115666179,1.457150805270864,2.1114115168374816,38.738588483162516,63.94264949077719,2024-02
HV0003,B03404,B03404,2024-02-15 18:26:29,2024-02-15 18:30:46,2024-02-15 18:31:37,2024-02-15 18:47:08,42,74,1.86,931,12.01,0.0,0.33,1.07,0.0,0.0,0.0,11.19,N,N,N,N,N,308.0,257.0,51.0,1239.0,18,Thursday,Central Harlem North,Manhattan,East Harlem North,Manhattan,-73.9407718835631,40.81825672430646,-73.93734546230694,40.80116855904873,3.143,12.34,12.01,0.33,0.8200000000000003,0.06645056726094005,0.5134479054779807,2.3734479054779807,0.21313562191192267,0.47468958109559617,0.6878252030075188,10.502174796992481,30.51479359900963,2024-02
HV0003,B03404,B03404,2024-02-08 13:05:16,2024-02-08 13:11:02,2024-02-08 13:15:50,2024-02-08 13:29:24,33,181,1.92,814,18.15,0.0,0.5,1.61,0.0,0.0,4.05,10.18,N,N,N,N,N,634.0,346.0,288.0,1448.0,13,Thursday,Brooklyn Heights,Brooklyn,Park Slope,Brooklyn,-73.99524997291579,40.69579763638819,-73.98141426627474,40.67037356101699,3.143,22.7,18.15,0.5,12.02,0.5295154185022026,0.8161179361179361,2.736117936117936,0.24570339066339067,0.5472235872235872,0.7929269778869779,9.387073022113022,23.338026850557238,2024-02
HV0003,B03404,B03404,2024-02-01 17:16:03,2024-02-01 17:17:19,2024-02-01 17:19:21,2024-02-01 17:36:42,17,61,1.11,1041,11.25,0.0,0.31,1.0,0.0,0.0,0.0,11.25,N,N,N,N,N,198.0,76.0,122.0,1239.0,17,Thursday,Bedford,Brooklyn,Crown Heights North,Brooklyn,-73.94990474718477,40.69150649558427,-73.93928693646026,40.67446920571126,3.143,11.56,11.25,0.31,0.0,0.0,0.08103746397694525,1.1910374639769454,0.10695516426512969,0.2382074927953891,0.3451626570605188,10.904837342939482,31.68475741289922,2024-02
HV0003,B03404,B03404,2024-02-10 13:10:58,2024-02-10 13:12:11,2024-02-10 13:12:12,2024-02-10 13:24:45,90,114,1.73,753,16.26,0.0,0.45,1.44,2.75,0.0,0.0,14.19,N,N,N,N,N,74.0,73.0,1.0,827.0,13,Saturday,Flatiron,Manhattan,Greenwich Village South,Manhattan,-73.9969712245153,40.742278038328486,-73.99737994674842,40.72833985411046,3.143,19.46,16.26,3.2,2.070000000000002,0.10637204522096619,0.16771580345285525,1.8977158034528552,0.1704148791500664,0.37954316069057104,0.5499580398406374,13.640041960159362,59.376240697187065,2024-02
HV0003,B03404,B03404,2024-02-21 21:57:44,2024-02-21 22:09:57,2024-02-21 22:10:44,2024-02-21 22:35:06,163,223,4.84,1462,36.9,0.0,1.01,3.27,2.75,0.0,0.0,20.1,N,N,N,N,N,780.0,733.0,47.0,2242.0,22,Wednesday,Midtown North,Manhattan,Steinway,Queens,-73.97756832086549,40.764420870266285,-73.90540723993595,40.77742599740797,3.143,40.66,36.9,3.76,16.799999999999997,0.4131824889326119,2.426621067031464,7.266621067031464,0.6525425718194254,1.453324213406293,2.1058667852257185,17.994133214774283,28.893345037104112,2024-02
HV0003,B03404,B03404,2024-02-14 14:37:16,2024-02-14 14:39:46,2024-02-14 14:40:06,2024-02-14 14:58:38,261,228,6.8,1112,34.49,6.94,1.14,3.68,2.75,0.0,0.0,19.39,N,N,N,N,N,170.0,150.0,20.0,1282.0,14,Wednesday,World Trade Center,Manhattan,Sunset Park West,Brooklyn,-74.01302266265675,40.7091384408997,-74.01127289375856,40.652353822117504,3.143,45.32,34.49,10.83,15.100000000000001,0.3331862312444837,0.9172661870503597,7.71726618705036,0.6930105035971222,1.543453237410072,2.2364637410071944,17.153536258992805,48.1690565775149,2024-02
HV0003,B03404,B03404,2024-02-04 06:47:39,2024-02-04 06:50:30,2024-02-04 06:51:08,2024-02-04 07:00:11,129,226,1.83,543,12.52,0.0,0.34,1.11,0.0,0.0,3.0,7.5,N,N,N,N,N,209.0,171.0,38.0,752.0,6,Sunday,Jackson Heights,Queens,Sunnyside,Queens,-73.88531716686686,40.7573109858269,-73.92467262943985,40.73769725609221,3.143,15.86,12.52,0.34,8.02,0.5056746532156368,0.5762983425414364,2.4062983425414366,0.216085591160221,0.48125966850828733,0.6973452596685084,6.802654740331492,32.56590035265076,2024-02
HV0003,B03404,B03404,2024-02-01 14:50:47,2024-02-01 14:54:56,2024-02-01 14:55:06,2024-02-01 15:11:10,159,159,2.38,964,9.89,0.0,0.27,0.88,0.0,0.0,0.0,12.19,N,N,N,N,N,259.0,249.0,10.0,1223.0,14,Thursday,Melrose South,Bronx,Melrose South,Bronx,-73.9128491499624,40.81825923634175,-73.9128491499624,40.81825923634175,3.143,10.16,9.89,0.27,-2.299999999999999,-0.22637795275590541,0.6147510373443984,2.994751037344398,0.26892864315352694,0.5989502074688796,0.8678788506224066,11.322121149377592,33.32758474060452,2024-02
HV0003,B03404,B03404,2024-02-10 18:28:06,2024-02-10 18:31:20,2024-02-10 18:31:26,2024-02-10 18:51:18,95,82,2.93,1192,19.63,0.0,0.54,1.74,0.0,0.0,0.0,16.06,N,N,N,N,N,200.0,194.0,6.0,1392.0,18,Saturday,Forest Hills,Queens,Elmhurst,Queens,-73.84766918479201,40.72143087062858,-73.8771182418676,40.73949455225884,3.143,20.169999999999998,19.63,0.54,3.5700000000000003,0.1769955379276153,0.47686241610738256,3.4068624161073826,0.30593624496644295,0.6813724832214766,0.9873087281879196,15.07269127181208,38.981098116755376,2024-02
HV0003,B03404,B03404,2024-02-13 05:42:24,2024-02-13 05:47:30,2024-02-13 05:48:21,2024-02-13 06:15:37,212,148,11.93,1636,38.69,0.0,1.06,3.43,2.75,0.0,0.0,31.06,N,N,N,N,N,357.0,306.0,51.0,1993.0,5,Tuesday,Soundview/Bruckner,Bronx,Lower East Side,Manhattan,-73.86967995832318,40.82790176764516,-73.99089618330311,40.71893779448139,3.143,42.5,38.69,3.81,7.629999999999999,0.17952941176470585,2.2314058679706603,14.161405867970661,1.2716942469437653,2.8322811735941325,4.103975420537898,26.956024579462103,48.691263665862294,2024-02
HV0003,B03404,B03404,2024-02-06 13:23:03,2024-02-06 13:23:22,2024-02-06 13:24:34,2024-02-06 13:42:17,25,107,6.0,1063,36.05,0.0,0.99,3.2,2.75,0.0,0.0,17.87,N,N,N,N,N,91.0,19.0,72.0,1154.0,13,Tuesday,Boerum Hill,Brooklyn,Gramercy,Manhattan,-73.98611365960022,40.685633257491546,-73.98405192785955,40.73682342425488,3.143,39.79,36.05,3.74,18.179999999999996,0.45689871827092227,0.10724365004703669,6.107243650047037,0.5484304797742239,1.2214487300094075,1.7698792097836313,16.10012079021637,50.22568010812732,2024-02
HV0003,B03404,B03404,2024-02-02 18:13:15,2024-02-02 18:17:20,2024-02-02 18:17:30,2024-02-02 18:54:00,256,249,3.64,2190,31.51,0.0,0.87,2.8,2.75,0.0,0.0,25.37,N,N,N,N,N,255.0,245.0,10.0,2445.0,18,Friday,Williamsburg (South Side),Brooklyn,West Village,Manhattan,-73.95990445316505,40.71087946812129,-74.00287478437944,40.73457538224023,3.143,35.13,31.51,3.62,6.140000000000001,0.17477939083404498,0.40721461187214614,4.047214611872146,0.36343987214611867,0.8094429223744293,1.172882794520548,24.197117205479454,35.62765723506177,2024-02
HV0003,B03404,B03404,2024-02-18 04:23:16,2024-02-18 04:36:00,2024-02-18 04:37:58,2024-02-18 05:02:15,79,213,11.1,1457,33.44,0.0,0.92,2.97,2.75,0.0,0.0,28.28,N,N,N,N,N,882.0,764.0,118.0,2339.0,4,Sunday,East Village,Manhattan,Soundview/Castle Hill,Bronx,-73.98593725800136,40.72761958691338,-73.85813492907864,40.81785812742239,3.143,37.11,33.44,3.67,5.159999999999997,0.13904607922392878,5.8204529855868214,16.92045298558682,1.5194566781056964,3.384090597117364,4.90354727522306,23.37645272477694,35.979149127489094,2024-02
HV0003,B03404,B03404,2024-02-05 13:27:03,2024-02-05 13:29:49,2024-02-05 13:29:49,2024-02-05 13:48:55,260,92,6.55,1146,21.45,0.0,0.59,1.9,0.0,0.0,0.0,19.38,N,N,N,N,N,166.0,166.0,0.0,1312.0,13,Monday,Woodside,Queens,Flushing,Queens,-73.90630705433507,40.74423288564698,-73.8288586430752,40.76110071120437,3.143,22.04,21.45,0.59,2.0700000000000003,0.09392014519056263,0.9487783595113438,7.498778359511344,0.6733902966841186,1.4997556719022689,2.1731459685863874,17.206854031413613,47.21392874473247,2024-02
HV0003,B03404,B03404,2024-02-24 11:51:51,2024-02-24 11:53:32,2024-02-24 11:55:33,2024-02-24 11:59:23,90,234,0.5,230,9.68,0.0,0.27,0.86,2.75,0.0,0.0,5.82,N,N,N,N,N,222.0,101.0,121.0,452.0,11,Saturday,Flatiron,Manhattan,Union Sq,Manhattan,-73.9969712245153,40.742278038328486,-73.99045767416112,40.74033681887629,3.143,12.7,9.68,3.02,3.8599999999999994,0.30393700787401573,0.21956521739130436,0.7195652173913043,0.06461695652173913,0.14391304347826087,0.20853,5.611470000000001,44.693123893805314,2024-02
HV0003,B03404,B03404,2024-02-14 13:43:41,2024-02-14 13:48:20,2024-02-14 13:48:20,2024-02-14 14:26:38,225,39,4.91,2298,28.59,0.0,0.79,2.54,0.0,0.0,0.0,28.05,N,N,N,N,N,279.0,279.0,0.0,2577.0,13,Wednesday,Stuyvesant Heights,Brooklyn,Canarsie,Brooklyn,-73.93188774325893,40.68816752944304,-73.89973483047997,40.63803639656562,3.143,29.38,28.59,0.79,0.5399999999999991,0.01837985023825729,0.5961227154046997,5.5061227154047,0.4944498198433421,1.1012245430809402,1.5956743629242822,26.45432563707572,36.95598459195677,2024-02
HV0003,B03404,B03404,2024-02-12 17:53:35,2024-02-12 17:57:03,2024-02-12 17:57:13,2024-02-12 18:05:51,61,189,1.37,518,10.05,0.0,0.28,0.89,0.0,0.0,0.0,6.67,Y,N,N,N,N,218.0,208.0,10.0,736.0,17,Monday,Crown Heights North,Brooklyn,Prospect Heights,Brooklyn,-73.93928693646026,40.67446920571126,-73.96758660822772,40.67763488015176,3.143,10.33,10.05,0.28,3.380000000000001,0.32720232333010657,0.5501158301158301,1.9201158301158303,0.17242640154440156,0.3840231660231661,0.5564495675675677,6.113550432432432,29.90323581081081,2024-02
HV0003,B03404,B03404,2024-02-27 00:37:34,2024-02-27 00:38:36,2024-02-27 00:39:24,2024-02-27 00:44:37,248,212,1.14,313,8.94,0.0,0.25,0.79,0.0,0.0,0.0,5.39,N,N,N,N,N,110.0,62.0,48.0,423.0,0,Tuesday,West Farms/Bronx River,Bronx,Soundview/Bruckner,Bronx,-73.87228952703794,40.83416474537906,-73.86967995832318,40.82790176764516,3.143,9.19,8.94,0.25,3.55,0.3862894450489663,0.22581469648562297,1.3658146964856228,0.12265015974440893,0.2731629392971246,0.3958130990415335,4.994186900958466,42.5037183060295,2024-02
HV0003,B03404,B03404,2024-02-21 10:49:14,2024-02-21 10:50:19,2024-02-21 10:50:25,2024-02-21 11:27:29,211,161,4.19,2224,48.52,0.0,1.33,4.31,2.75,0.0,0.0,26.42,N,N,N,N,N,71.0,65.0,6.0,2295.0,10,Wednesday,SoHo,Manhattan,Midtown Center,Manhattan,-74.00153738622468,40.72388757677251,-73.97769778229288,40.758027399461895,3.143,52.6,48.52,4.08,22.1,0.4201520912547529,0.12245953237410072,4.312459532374101,0.3872588660071942,0.8624919064748202,1.2497507724820145,25.17024922751799,39.48274388630273,2024-02
HV0003,B03404,B03404,2024-02-09 19:06:54,2024-02-09 19:08:25,2024-02-09 19:09:47,2024-02-09 19:24:37,235,212,4.2,890,20.58,0.0,0.57,1.83,0.0,0.0,0.0,23.75,N,N,N,N,N,173.0,91.0,82.0,1063.0,19,Friday,University Heights/Morris Heights,Bronx,Soundview/Bruckner,Bronx,-73.91597563385105,40.85252046623772,-73.86967995832318,40.82790176764516,3.143,21.15,20.58,0.57,-3.1700000000000017,-0.1498817966903074,0.42943820224719104,4.629438202247191,0.4157235505617977,0.9258876404494383,1.341611191011236,22.408388808988764,75.88918129102498,2024-02
HV0003,B03404,B03404,2024-02-10 20:57:37,2024-02-10 20:59:36,2024-02-10 21:01:06,2024-02-10 21:27:30,179,79,9.79,1584,32.69,6.94,1.09,3.52,2.75,0.0,0.0,28.75,N,N,N,N,N,209.0,119.0,90.0,1793.0,21,Saturday,Old Astoria,Queens,East Village,Manhattan,-73.92833280320959,40.77156956195687,-73.98593725800136,40.72761958691338,3.143,43.47,32.69,10.780000000000001,3.9399999999999977,0.09063722107200363,0.7354861111111111,10.52548611111111,0.9451886527777776,2.105097222222222,3.0502858749999997,25.699714125,51.600095287228115,2024-02
HV0003,B03404,B03404,2024-02-24 09:02:49,2024-02-24 09:07:50,2024-02-24 09:08:09,2024-02-24 09:20:10,91,39,2.38,721,12.53,0.0,0.34,1.11,0.0,0.0,0.0,9.91,N,N,N,N,N,320.0,301.0,19.0,1041.0,9,Saturday,Flatlands,Brooklyn,Canarsie,Brooklyn,-73.93009732098176,40.62627204277785,-73.89973483047997,40.63803639656562,3.143,12.87,12.53,0.34,2.619999999999999,0.20357420357420353,0.9935922330097087,3.373592233009709,0.30294858252427187,0.6747184466019418,0.9776670291262137,8.932332970873787,30.88991229120618,2024-02
HV0003,B03404,B03404,2024-02-18 19:31:45,2024-02-18 19:34:30,2024-02-18 19:34:44,2024-02-18 19:44:32,75,74,2.09,588,7.68,0.0,0.21,0.68,0.0,0.0,0.0,8.28,N,N,N,N,N,179.0,165.0,14.0,767.0,19,Sunday,East Harlem South,Manhattan,East Harlem North,Manhattan,-73.94575002008068,40.79001009948004,-73.93734546230694,40.80116855904873,3.143,7.89,7.68,0.21,-0.5999999999999996,-0.07604562737642581,0.5864795918367346,2.6764795918367343,0.24034786734693875,0.5352959183673469,0.7756437857142857,7.504356214285714,35.222532426895135,2024-02
HV0003,B03404,B03404,2024-02-05 14:07:23,2024-02-05 14:10:24,2024-02-05 14:10:56,2024-02-05 14:27:57,42,244,2.7,1021,17.84,0.0,0.49,1.58,0.0,0.0,0.0,13.15,N,N,N,N,N,213.0,181.0,32.0,1234.0,14,Monday,Central Harlem North,Manhattan,Washington Heights South,Manhattan,-73.9407718835631,40.81825672430646,-73.9413990935137,40.84170795917971,3.143,18.33,17.84,0.49,4.6899999999999995,0.2558647026732133,0.4786483839373164,3.1786483839373165,0.285442624877571,0.6357296767874634,0.9211723016650344,12.228827698334966,35.67567237763847,2024-02
HV0003,B03404,B03404,2024-02-21 17:40:34,2024-02-21 17:42:19,2024-02-21 17:43:24,2024-02-21 18:06:13,80,7,3.31,1369,21.42,0.0,0.59,1.9,0.0,0.0,0.0,17.22,N,N,N,N,N,170.0,105.0,65.0,1539.0,17,Wednesday,East Williamsburg,Brooklyn,Astoria,Queens,-73.93679348509205,40.71536904490185,-73.91969416440043,40.761491926149866,3.143,22.01,21.42,0.59,4.200000000000003,0.19082235347569299,0.25387143900657416,3.563871439006574,0.3200356552227903,0.7127742878013148,1.0328099430241051,16.187190056975894,37.864772063101505,2024-02
HV0003,B03404,B03404,2024-02-25 00:09:33,2024-02-25 00:13:52,2024-02-25 00:14:00,2024-02-25 00:16:48,90,90,0.49,168,8.22,0.0,0.23,0.73,2.75,0.0,1.0,7.64,N,N,N,N,N,267.0,259.0,8.0,435.0,0,Sunday,Flatiron,Manhattan,Flatiron,Manhattan,-73.9969712245153,40.742278038328486,-73.9969712245153,40.742278038328486,3.143,12.200000000000001,8.22,2.98,1.580000000000001,0.12950819672131153,0.7554166666666667,1.2454166666666668,0.11183841666666666,0.24908333333333338,0.36092175000000004,7.2790782499999995,60.24064758620689,2024-02
HV0003,B03404,B03404,2024-02-04 11:43:25,2024-02-04 11:45:52,2024-02-04 11:45:57,2024-02-04 11:52:01,193,179,1.29,364,9.83,0.0,0.27,0.87,0.0,0.0,0.0,5.4,N,N,N,N,N,152.0,147.0,5.0,516.0,11,Sunday,Queensbridge/Ravenswood,Queens,Old Astoria,Queens,-73.94199714485673,40.76031280805392,-73.92833280320959,40.77156956195687,3.143,10.1,9.83,0.27,4.43,0.4386138613861386,0.5209615384615385,1.8109615384615385,0.16262434615384616,0.3621923076923077,0.5248166538461538,4.875183346153847,34.01290706618963,2024-02
HV0003,B03404,B03404,2024-02-26 17:43:53,2024-02-26 17:46:51,2024-02-26 17:46:51,2024-02-26 17:59:28,230,161,0.67,757,10.94,0.0,0.3,0.97,2.75,0.0,0.0,8.94,N,N,N,N,N,178.0,178.0,0.0,935.0,17,Monday,Times Sq/Theatre District,Manhattan,Midtown Center,Manhattan,-73.98419629996178,40.7598170009371,-73.97769778229288,40.758027399461895,3.143,13.99,10.94,3.05,2.0,0.14295925661186562,0.1575429326287979,0.827542932628798,0.07431335535006604,0.16550858652575962,0.23982194187582567,8.700178058124173,33.498011774595746,2024-02
HV0003,B03404,B03404,2024-02-14 00:56:12,2024-02-14 00:58:21,2024-02-14 00:58:35,2024-02-14 01:02:18,17,225,1.31,223,8.9,0.0,0.24,0.79,0.0,0.0,0.0,5.4,N,N,N,N,N,143.0,129.0,14.0,366.0,0,Wednesday,Bedford,Brooklyn,Stuyvesant Heights,Brooklyn,-73.94990474718477,40.69150649558427,-73.93188774325893,40.68816752944304,3.143,9.14,8.9,0.24,3.5,0.38293216630196936,0.7578026905829597,2.0678026905829596,0.18568868161434976,0.41356053811659194,0.5992492197309417,4.800750780269059,47.22049947805632,2024-02
HV0003,B03404,B03404,2024-02-20 22:38:12,2024-02-20 22:41:08,2024-02-20 22:41:23,2024-02-20 22:46:30,161,229,0.65,307,12.23,0.0,0.34,1.09,2.75,0.0,0.0,6.47,N,N,N,N,N,191.0,176.0,15.0,498.0,22,Tuesday,Midtown Center,Manhattan,Sutton Place/Turtle Bay North,Manhattan,-73.97769778229288,40.758027399461895,-73.96514558738956,40.75672829786632,3.143,15.32,12.23,3.09,5.760000000000001,0.3759791122715405,0.3726384364820847,1.0226384364820849,0.09183293159609121,0.204527687296417,0.2963606188925082,6.173639381107492,44.62871841764452,2024-02
HV0003,B03404,B03404,2024-02-20 01:15:15,2024-02-20 01:17:13,2024-02-20 01:18:40,2024-02-20 01:38:06,177,37,3.73,1166,18.75,0.0,0.52,1.66,0.0,0.0,0.0,15.86,N,N,N,N,N,205.0,118.0,87.0,1371.0,1,Tuesday,Ocean Hill,Brooklyn,Bushwick South,Brooklyn,-73.91363235241506,40.67664341763747,-73.9222368522579,40.694993402702586,3.143,19.27,18.75,0.52,2.8900000000000006,0.1499740529320187,0.3774785591766724,4.1074785591766725,0.36885157461406515,0.8214957118353345,1.1903472864493998,14.6696527135506,38.51987583426853,2024-02
HV0003,B03404,B03404,2024-02-02 00:52:40,2024-02-02 00:53:31,2024-02-02 00:53:55,2024-02-02 01:20:34,107,49,8.39,1599,38.04,6.94,1.24,3.99,2.75,0.0,0.0,29.39,N,N,N,N,N,75.0,51.0,24.0,1674.0,0,Friday,Gramercy,Manhattan,Clinton Hill,Brooklyn,-73.98405192785955,40.73682342425488,-73.96236330714036,40.68796671165343,3.143,48.97,38.04,10.93,8.649999999999999,0.17663875842352458,0.2675984990619137,8.657598499061914,0.7774523452157598,1.7315196998123827,2.5089720450281425,26.88102795497186,57.808662268756684,2024-02
HV0003,B03404,B03404,2024-02-09 23:48:02,2024-02-09 23:49:10,2024-02-09 23:49:21,2024-02-10 00:13:27,193,28,11.24,1446,30.23,0.0,0.88,2.85,0.0,0.0,0.0,37.4,N,N,N,N,N,79.0,68.0,11.0,1525.0,23,Friday,Queensbridge/Ravenswood,Queens,Briarwood/Jamaica Hills,Queens,-73.94199714485673,40.76031280805392,-73.80872941622545,40.71159574889735,3.143,31.11,30.23,0.88,-7.169999999999998,-0.23047251687560263,0.5285753803596127,11.768575380359612,1.0568180691562932,2.3537150760719228,3.410533145228216,33.989466854771784,80.23742995224815,2024-02
HV0003,B03404,B03404,2024-02-09 12:50:42,2024-02-09 12:53:21,2024-02-09 12:53:31,2024-02-09 13:02:01,22,22,1.36,510,11.61,0.0,0.32,1.03,0.0,0.0,0.0,6.58,N,N,N,N,N,169.0,159.0,10.0,679.0,12,Friday,Bensonhurst West,Brooklyn,Bensonhurst West,Brooklyn,-73.99525874269187,40.6122174014384,-73.99525874269187,40.6122174014384,3.143,11.93,11.61,0.32,5.029999999999999,0.42162615255658,0.42400000000000004,1.7840000000000003,0.16020320000000002,0.35680000000000006,0.5170032000000001,6.0629968,32.14549113402062,2024-02
HV0003,B03404,B03404,2024-02-05 12:15:00,2024-02-05 12:16:53,2024-02-05 12:16:53,2024-02-05 12:35:11,244,142,6.74,1098,25.28,0.0,0.7,2.24,2.75,0.0,0.0,19.18,N,N,N,N,N,113.0,113.0,0.0,1211.0,12,Monday,Washington Heights South,Manhattan,Lincoln Square East,Manhattan,-73.9413990935137,40.84170795917971,-73.98153210008745,40.77363265587896,3.143,28.73,25.28,3.45,6.100000000000001,0.2123216150365472,0.6936429872495447,7.433642987249545,0.6675411402550091,1.4867285974499092,2.1542697377049183,17.02573026229508,50.61323612242963,2024-02
HV0003,B03404,B03404,2024-02-01 09:47:21,2024-02-01 09:50:00,2024-02-01 09:50:28,2024-02-01 10:00:10,125,13,1.59,582,9.92,0.0,0.27,0.88,0.75,0.0,0.0,7.56,Y,N,N,N,N,187.0,159.0,28.0,769.0,9,Thursday,Hudson Sq,Manhattan,Battery Park City,Manhattan,-74.00748558750799,40.72628992015588,-74.01607908770592,40.71203749145812,3.143,10.94,9.92,1.02,2.3600000000000003,0.2157221206581353,0.43438144329896905,2.024381443298969,0.18178945360824741,0.40487628865979386,0.5866657422680412,6.973334257731958,32.644997825533224,2024-02
HV0003,B03404,B03404,2024-02-17 18:53:12,2024-02-17 19:01:04,2024-02-17 19:01:43,2024-02-17 19:12:51,53,92,1.85,668,14.26,0.0,0.39,1.27,0.0,0.0,1.0,8.71,N,N,N,N,N,511.0,472.0,39.0,1179.0,19,Saturday,College Point,Queens,Flushing,Queens,-73.84281303024585,40.78091097765128,-73.8288586430752,40.76110071120437,3.143,15.65,14.26,0.39,6.549999999999999,0.4185303514376996,1.307185628742515,3.157185628742515,0.28351526946107786,0.6314371257485031,0.9149523952095809,7.79504760479042,23.801672075695937,2024-02
HV0003,B03404,B03404,2024-02-17 16:26:05,2024-02-17 16:31:39,2024-02-17 16:33:52,2024-02-17 16:53:43,17,89,3.01,1191,14.9,0.0,0.41,1.32,0.0,0.0,0.0,15.15,N,N,N,N,N,467.0,334.0,133.0,1658.0,16,Saturday,Bedford,Brooklyn,Flatbush/Ditmas Park,Brooklyn,-73.94990474718477,40.69150649558427,-73.96096812758745,40.637899248043546,3.143,15.31,14.9,0.41,-0.25,-0.016329196603527107,0.8441141897565071,3.854114189756507,0.34609945424013433,0.7708228379513015,1.1169222921914357,14.033077707808564,30.46989128354091,2024-02
HV0003,B03404,B03404,2024-02-08 17:46:50,2024-02-08 17:51:16,2024-02-08 17:52:39,2024-02-08 18:02:14,61,17,1.13,575,8.83,0.0,0.24,0.78,0.0,0.0,3.0,6.88,N,N,N,N,N,349.0,266.0,83.0,924.0,17,Thursday,Crown Heights North,Brooklyn,Bedford,Brooklyn,-73.93928693646026,40.67446920571126,-73.94990474718477,40.69150649558427,3.143,12.07,8.83,0.24,4.95,0.4101077050538525,0.5227478260869565,1.6527478260869564,0.14841675478260866,0.3305495652173913,0.47896631999999995,6.40103368,24.939092259740264,2024-02
HV0003,B03404,B03404,2024-02-26 07:23:10,2024-02-26 07:26:24,2024-02-26 07:28:18,2024-02-26 07:37:09,134,135,2.44,531,14.3,0.0,0.39,1.27,0.0,0.0,0.0,8.2,N,N,N,N,N,308.0,194.0,114.0,839.0,7,Monday,Kew Gardens,Queens,Kew Gardens Hills,Queens,-73.82871255016717,40.70805026272772,-73.82119512222988,40.72837651566491,3.143,14.690000000000001,14.3,0.39,6.100000000000001,0.4152484683458135,0.8914500941619585,3.3314500941619585,0.2991642184557438,0.6662900188323917,0.9654542372881355,7.234545762711864,31.042151067655197,2024-02
HV0003,B03404,B03404,2024-02-12 03:50:07,2024-02-12 03:58:27,2024-02-12 03:58:29,2024-02-12 04:11:23,248,69,4.49,774,15.62,0.0,0.43,1.39,0.0,0.0,0.0,13.18,Y,N,N,N,N,502.0,500.0,2.0,1276.0,3,Monday,West Farms/Bronx River,Bronx,East Concourse/Concourse Village,Bronx,-73.87228952703794,40.83416474537906,-73.9150298985607,40.83141570129418,3.143,16.05,15.62,0.43,2.4399999999999995,0.15202492211838003,2.900516795865633,7.390516795865633,0.6636684082687339,1.4781033591731267,2.1417717674418606,11.03822823255814,31.142336706276883,2024-02
HV0003,B03404,B03404,2024-02-18 12:26:23,2024-02-18 12:27:04,2024-02-18 12:28:24,2024-02-18 12:31:15,179,179,0.47,171,8.04,0.0,0.22,0.71,0.0,0.0,1.0,6.4,N,N,N,N,N,121.0,41.0,80.0,292.0,12,Sunday,Old Astoria,Queens,Old Astoria,Queens,-73.92833280320959,40.77156956195687,-73.92833280320959,40.77156956195687,3.143,9.26,8.04,0.22,2.639999999999999,0.28509719222462193,0.11269005847953215,0.5826900584795321,0.05232556725146198,0.11653801169590644,0.16886357894736842,6.231136421052632,76.8222298485941,2024-02
HV0003,B03404,B03404,2024-02-14 20:09:29,2024-02-14 20:12:09,2024-02-14 20:12:32,2024-02-14 20:20:40,229,263,2.02,488,11.67,0.0,0.32,1.04,2.75,0.0,1.0,7.24,N,N,N,N,N,183.0,160.0,23.0,671.0,20,Wednesday,Sutton Place/Turtle Bay North,Manhattan,Yorkville West,Manhattan,-73.96514558738956,40.75672829786632,-73.95100985225696,40.77876514921805,3.143,15.74,11.67,3.07,5.43,0.34498094027954257,0.6622950819672131,2.6822950819672133,0.24087009836065573,0.5364590163934427,0.7773291147540985,6.462670885245902,34.67304796853241,2024-02
HV0003,B03404,B03404,2024-02-29 12:37:02,2024-02-29 12:40:22,2024-02-29 12:40:29,2024-02-29 13:01:42,198,95,5.97,1273,24.13,0.0,0.66,2.14,0.0,0.0,2.69,19.81,N,N,N,N,N,207.0,200.0,7.0,1480.0,12,Thursday,Ridgewood,Queens,Forest Hills,Queens,-73.90170912961153,40.706526169337856,-73.84766918479201,40.72143087062858,3.143,27.48,24.13,0.66,7.010000000000002,0.25509461426491997,0.9379418695993715,6.907941869599371,0.6203331798900235,1.3815883739198744,2.001921553809898,17.808078446190102,43.31694757181376,2024-02
HV0003,B03404,B03404,2024-02-10 13:47:35,2024-02-10 13:49:43,2024-02-10 13:49:52,2024-02-10 14:08:03,132,77,5.97,1091,19.4,0.0,0.53,1.72,0.0,0.0,0.0,18.09,Y,N,N,N,N,137.0,128.0,9.0,1228.0,13,Saturday,JFK Airport,Queens,East New York/Pennsylvania Avenue,Brooklyn,-73.786530150555,40.64698436628131,-73.89536398494168,40.666558142144005,3.143,19.93,19.4,0.53,1.3099999999999987,0.06573005519317605,0.7004216315307058,6.670421631530705,0.5990038625114573,1.334084326306141,1.9330881888175984,16.1569118111824,47.36553951160965,2024-02
HV0003,B03404,B03404,2024-02-04 03:12:21,2024-02-04 03:14:35,2024-02-04 03:14:35,2024-02-04 03:43:24,68,14,11.49,1729,32.54,0.0,0.89,2.89,2.75,0.0,0.0,31.35,N,N,N,N,N,134.0,134.0,0.0,1863.0,3,Sunday,East Chelsea,Manhattan,Bay Ridge,Brooklyn,-73.99991751678058,40.748426777755405,-74.02989257930119,40.62483341741767,3.143,36.18,32.54,3.64,1.1899999999999977,0.0328911000552791,0.8904916136495084,12.38049161364951,1.111768146905726,2.476098322729902,3.5878664696356277,27.762133530364373,53.64663484128382,2024-02
HV0003,B03404,B03404,2024-02-29 09:25:00,2024-02-29 09:28:11,2024-02-29 09:28:11,2024-02-29 09:44:33,148,186,2.58,982,28.8,0.0,0.79,2.56,2.75,0.0,3.49,14.47,N,N,N,N,N,191.0,191.0,0.0,1173.0,9,Thursday,Lower East Side,Manhattan,Penn Station/Madison Sq West,Manhattan,-73.99089618330311,40.71893779448139,-73.99243728054387,40.7484965983886,3.143,35.830000000000005,28.8,3.54,17.82,0.4973485905665643,0.5018126272912424,3.0818126272912423,0.27674677393075353,0.6163625254582485,0.8931092993890021,13.576890700611,41.66820675379335,2024-02
HV0003,B03404,B03404,2024-02-07 18:56:07,2024-02-07 18:59:05,2024-02-07 18:59:31,2024-02-07 19:14:58,178,85,2.69,927,17.49,0.0,0.48,1.55,0.0,0.0,0.0,13.24,Y,N,N,N,N,204.0,178.0,26.0,1131.0,18,Wednesday,Ocean Parkway South,Brooklyn,Erasmus,Brooklyn,-73.9703257591723,40.61731435955054,-73.9516233279193,40.64611573218299,3.143,17.97,17.49,0.48,4.249999999999998,0.23650528658875897,0.5165264293419634,3.206526429341963,0.2879460733549083,0.6413052858683926,0.9292513592233009,12.3107486407767,39.18540681414334,2024-02
HV0003,B03404,B03404,2024-02-24 18:49:18,2024-02-24 18:52:55,2024-02-24 18:53:17,2024-02-24 19:23:00,17,7,5.67,1783,31.31,0.0,0.86,2.78,0.0,0.0,0.0,24.21,N,N,N,N,N,239.0,217.0,22.0,2022.0,18,Saturday,Bedford,Brooklyn,Astoria,Queens,-73.94990474718477,40.69150649558427,-73.91969416440043,40.761491926149866,3.143,32.17,31.31,0.86,7.099999999999998,0.22070251787379538,0.6900673022994953,6.360067302299496,0.5711340437464947,1.2720134604598992,1.8431475042063938,22.36685249579361,39.8222893100183,2024-02
HV0003,B03404,B03404,2024-02-29 09:23:18,2024-02-29 09:31:42,2024-02-29 09:33:42,2024-02-29 09:51:33,119,41,2.75,1071,25.87,0.0,0.71,2.3,0.0,0.0,0.0,15.68,Y,N,N,N,N,624.0,504.0,120.0,1695.0,9,Thursday,Highbridge,Bronx,Central Harlem,Manhattan,-73.92615739281834,40.83782626996652,-73.95129182852196,40.804333323455445,3.143,26.580000000000002,25.87,0.71,10.190000000000001,0.3833709556057186,1.2941176470588236,4.044117647058823,0.3631617647058823,0.8088235294117647,1.171985294117647,14.508014705882353,30.813482561166058,2024-02
HV0003,B03404,B03404,2024-02-03 22:47:58,2024-02-03 22:49:34,2024-02-03 22:50:44,2024-02-03 23:10:46,256,198,3.77,1202,24.14,0.0,0.66,2.14,0.0,0.0,0.0,16.25,N,N,N,N,N,166.0,96.0,70.0,1368.0,22,Saturday,Williamsburg (South Side),Brooklyn,Ridgewood,Queens,-73.95990445316505,40.71087946812129,-73.90170912961153,40.706526169337856,3.143,24.8,24.14,0.66,7.890000000000001,0.3181451612903226,0.3010981697171381,4.071098169717138,0.365584615640599,0.8142196339434277,1.1798042495840266,15.070195750415973,39.658409869515715,2024-02
HV0003,B03404,B03404,2024-02-21 18:04:43,2024-02-21 18:07:02,2024-02-21 18:07:50,2024-02-21 18:15:31,80,225,0.61,461,5.8,0.0,0.16,0.51,0.0,0.0,0.0,5.39,Y,N,N,N,N,187.0,139.0,48.0,648.0,18,Wednesday,East Williamsburg,Brooklyn,Stuyvesant Heights,Brooklyn,-73.93679348509205,40.71536904490185,-73.93188774325893,40.68816752944304,3.143,5.96,5.8,0.16,0.41000000000000014,0.06879194630872486,0.18392624728850324,0.7939262472885033,0.07129457700650758,0.15878524945770067,0.23007982646420827,5.159920173535792,28.666223186309953,2024-02
HV0003,B03404,B03404,2024-02-03 12:29:41,2024-02-03 12:36:46,2024-02-03 12:37:06,2024-02-03 12:47:02,164,90,1.25,596,9.12,0.0,0.25,0.81,0.75,0.0,0.0,7.24,Y,N,N,N,N,445.0,425.0,20.0,1041.0,12,Saturday,Midtown South,Manhattan,Flatiron,Manhattan,-73.98515619423324,40.74857395489648,-73.9969712245153,40.742278038328486,3.143,10.12,9.12,1.0,1.879999999999999,0.18577075098814222,0.8913590604026845,2.1413590604026846,0.19229404362416105,0.42827181208053694,0.620565855704698,6.619434144295302,22.891414908225826,2024-02
HV0003,B03404,B03404,2024-02-20 22:40:04,2024-02-20 22:41:24,2024-02-20 22:41:48,2024-02-20 23:01:50,61,225,2.74,1202,15.2,0.0,0.42,1.35,0.0,0.0,8.0,14.9,N,N,N,N,N,104.0,80.0,24.0,1306.0,22,Tuesday,Crown Heights North,Brooklyn,Stuyvesant Heights,Brooklyn,-73.93928693646026,40.67446920571126,-73.93188774325893,40.68816752944304,3.143,23.619999999999997,15.2,0.42,8.299999999999999,0.35139712108382726,0.18236272878535775,2.922362728785358,0.2624281730449251,0.5844725457570716,0.8469007188019968,14.053099281198003,38.737486533164486,2024-02
HV0003,B03404,B03404,2024-02-08 19:28:20,2024-02-08 19:29:58,2024-02-08 19:30:21,2024-02-08 19:35:10,255,112,0.95,289,9.78,0.0,0.27,0.87,0.0,0.0,1.0,19.04,N,N,N,N,N,121.0,98.0,23.0,410.0,19,Thursday,Williamsburg (North Side),Brooklyn,Greenpoint,Brooklyn,-73.95741799903575,40.71880332024791,-73.94953985600077,40.72950555799535,3.143,11.049999999999999,9.78,0.27,-8.26,-0.7475113122171946,0.3221453287197231,1.272145328719723,0.11423865051903113,0.25442906574394464,0.3686677162629758,18.671332283737023,163.94340541817874,2024-02
HV0003,B03404,B03404,2024-02-18 01:48:07,2024-02-18 01:50:25,2024-02-18 01:50:37,2024-02-18 01:54:36,14,14,0.85,239,8.88,0.0,0.24,0.79,0.0,0.0,0.0,5.39,N,N,N,N,N,150.0,138.0,12.0,389.0,1,Sunday,Bay Ridge,Brooklyn,Bay Ridge,Brooklyn,-74.02989257930119,40.62483341741767,-74.02989257930119,40.62483341741767,3.143,9.120000000000001,8.88,0.24,3.490000000000001,0.3826754385964913,0.4907949790794979,1.3407949790794977,0.12040338912133888,0.2681589958158996,0.3885623849372385,5.001437615062761,46.28579798001527,2024-02
HV0003,B03404,B03404,2024-02-29 00:41:30,2024-02-29 00:44:15,2024-02-29 00:46:16,2024-02-29 00:52:09,17,256,1.0,353,9.15,0.0,0.25,0.81,0.0,0.0,0.0,6.2,N,N,N,N,N,286.0,165.0,121.0,639.0,0,Thursday,Bedford,Brooklyn,Williamsburg (South Side),Brooklyn,-73.94990474718477,40.69150649558427,-73.95990445316505,40.71087946812129,3.143,9.4,9.15,0.25,2.95,0.31382978723404253,0.46742209631728043,1.4674220963172804,0.13177450424929177,0.2934844192634561,0.42525892351274786,5.774741076487253,32.533752543590154,2024-02
HV0003,B03404,B03404,2024-02-25 00:14:42,2024-02-25 00:17:51,2024-02-25 00:19:53,2024-02-25 00:41:40,136,159,4.94,1307,17.29,0.0,0.48,1.53,0.0,0.0,0.0,18.78,N,N,N,N,N,311.0,189.0,122.0,1618.0,0,Sunday,Kingsbridge Heights,Bronx,Melrose South,Bronx,-73.90591111534405,40.8652635680692,-73.9128491499624,40.81825923634175,3.143,17.77,17.29,0.48,-1.490000000000002,-0.08384918401800799,0.7143534812547819,5.654353481254782,0.5077609426166795,1.1308706962509565,1.6386316388676359,17.141368361132365,38.139014894979304,2024-02
HV0003,B03404,B03404,2024-02-26 17:49:42,2024-02-26 17:54:53,2024-02-26 17:55:13,2024-02-26 18:08:59,125,234,1.87,826,17.14,0.0,0.47,1.52,2.75,0.0,0.0,10.42,N,N,N,N,N,331.0,311.0,20.0,1157.0,17,Monday,Hudson Sq,Manhattan,Union Sq,Manhattan,-74.00748558750799,40.72628992015588,-73.99045767416112,40.74033681887629,3.143,20.36,17.14,3.2199999999999998,6.720000000000001,0.3300589390962672,0.7040799031476997,2.5740799031477,0.23115237530266347,0.51481598062954,0.7459683559322035,9.674031644067796,30.100703473331084,2024-02
HV0003,B03404,B03404,2024-02-25 11:53:28,2024-02-25 11:58:11,2024-02-25 11:58:33,2024-02-25 12:04:02,205,205,0.89,329,8.94,0.0,0.25,0.79,0.0,0.0,0.0,6.39,N,N,N,N,N,305.0,283.0,22.0,634.0,11,Sunday,Saint Albans,Queens,Saint Albans,Queens,-73.76314638043442,40.69120002152517,-73.76314638043442,40.69120002152517,3.143,9.19,8.94,0.25,2.55,0.27747551686615884,0.7655623100303952,1.6555623100303953,0.1486694954407295,0.3311124620060791,0.47978195744680857,5.910218042553191,33.55959771796765,2024-02
HV0003,B03404,B03404,2024-02-07 11:34:25,2024-02-07 11:45:09,2024-02-07 11:46:18,2024-02-07 11:51:14,91,91,0.96,296,8.86,0.0,0.24,0.79,0.0,0.0,0.0,5.39,N,N,N,N,N,713.0,644.0,69.0,1009.0,11,Wednesday,Flatlands,Brooklyn,Flatlands,Brooklyn,-73.93009732098176,40.62627204277785,-73.93009732098176,40.62627204277785,3.143,9.1,8.86,0.24,3.4699999999999998,0.3813186813186813,2.0886486486486486,3.0486486486486486,0.27376864864864864,0.6097297297297297,0.8834983783783783,4.506501621621622,16.07869755979964,2024-02
HV0003,B03404,B03404,2024-02-16 18:15:57,2024-02-16 18:19:38,2024-02-16 18:21:38,2024-02-16 18:41:10,71,188,2.13,1172,13.09,0.0,0.36,1.16,0.0,0.0,0.0,13.82,N,N,N,N,N,341.0,221.0,120.0,1513.0,18,Friday,East Flatbush/Farragut,Brooklyn,Prospect-Lefferts Gardens,Brooklyn,-73.93796628102253,40.64428722355921,-73.94744189565975,40.65874424163321,3.143,13.45,13.09,0.36,-0.7300000000000004,-0.05427509293680301,0.4016467576791809,2.531646757679181,0.22734187883959042,0.5063293515358362,0.7336712303754267,13.086328769624574,31.137332168306987,2024-02
HV0003,B03404,B03404,2024-02-24 23:11:40,2024-02-24 23:13:15,2024-02-24 23:13:30,2024-02-24 23:39:24,145,181,8.4,1554,30.38,0.0,0.84,2.7,0.0,0.0,5.08,25.65,N,N,N,N,N,110.0,95.0,15.0,1664.0,23,Saturday,Long Island City/Hunters Point,Queens,Park Slope,Brooklyn,-73.94889136420674,40.74537869757109,-73.98141426627474,40.67037356101699,3.143,36.3,30.38,0.84,9.810000000000002,0.27024793388429763,0.5135135135135135,8.913513513513514,0.8004335135135136,1.782702702702703,2.5831362162162166,23.06686378378378,49.904272609147604,2024-02
HV0003,B03404,B03404,2024-02-11 14:57:05,2024-02-11 15:03:36,2024-02-11 15:04:08,2024-02-11 15:25:03,203,131,11.01,1255,26.84,0.0,0.74,2.38,0.0,0.0,0.0,26.27,N,N,N,N,N,423.0,391.0,32.0,1678.0,15,Sunday,Rosedale,Queens,Jamaica Estates,Queens,-73.73947426605032,40.65785159348383,-73.77610132903203,40.72065468341462,3.143,27.58,26.84,0.74,0.5700000000000003,0.020667150108774485,3.4302071713147413,14.440207171314741,1.2967306039840636,2.8880414342629486,4.184772038247012,22.085227961752988,47.38189550793251,2024-02
HV0003,B03404,B03404,2024-02-16 16:39:03,2024-02-16 16:43:58,2024-02-16 16:45:30,2024-02-16 17:24:21,130,112,10.73,2331,37.68,0.0,1.04,3.34,0.0,0.0,1.0,36.01,N,N,N,N,N,387.0,295.0,92.0,2718.0,16,Friday,Jamaica,Queens,Greenpoint,Brooklyn,-73.79398135276409,40.70436829225682,-73.94953985600077,40.72950555799535,3.143,39.72,37.68,1.04,2.6700000000000017,0.06722054380664658,1.357936507936508,12.087936507936508,1.0854966984126984,2.417587301587302,3.5030840000000003,32.506916,43.055517880794696,2024-02
HV0003,B03404,B03404,2024-02-16 00:17:28,2024-02-16 00:20:37,2024-02-16 00:20:54,2024-02-16 00:26:49,107,229,1.63,355,10.02,0.0,0.28,0.89,2.75,0.0,0.0,5.48,N,N,N,N,N,206.0,189.0,17.0,561.0,0,Friday,Gramercy,Manhattan,Sutton Place/Turtle Bay North,Manhattan,-73.98405192785955,40.73682342425488,-73.96514558738956,40.75672829786632,3.143,13.049999999999999,10.02,3.0300000000000002,4.539999999999999,0.34789272030651336,0.8678028169014084,2.4978028169014084,0.22430269295774646,0.4995605633802817,0.7238632563380282,4.756136743661973,30.520663595691804,2024-02
HV0003,B03404,B03404,2024-02-06 17:53:53,2024-02-06 18:05:10,2024-02-06 18:05:51,2024-02-06 18:24:23,261,79,4.6,1112,31.33,0.0,0.86,2.78,2.75,0.0,5.0,27.44,N,N,N,N,N,718.0,677.0,41.0,1830.0,18,Tuesday,World Trade Center,Manhattan,East Village,Manhattan,-74.01302266265675,40.7091384408997,-73.98593725800136,40.72761958691338,3.143,39.94,31.33,3.61,8.889999999999997,0.22258387581372052,2.8005395683453234,7.400539568345323,0.66456845323741,1.4801079136690647,2.1446763669064746,25.295323633093528,49.76129239297088,2024-02
HV0003,B03404,B03404,2024-02-20 22:34:24,2024-02-20 22:37:32,2024-02-20 22:38:07,2024-02-20 22:51:23,95,180,3.3,796,15.2,0.0,0.42,1.35,0.0,0.0,0.0,11.82,N,N,N,N,N,223.0,188.0,35.0,1019.0,22,Tuesday,Forest Hills,Queens,Ozone Park,Queens,-73.84766918479201,40.72143087062858,-73.84704304397084,40.675594357483554,3.143,15.62,15.2,0.42,3.379999999999999,0.2163892445582586,0.7793969849246231,4.079396984924623,0.3663298492462311,0.8158793969849246,1.1822092462311558,10.637790753768844,37.58198892401162,2024-02
HV0003,B03404,B03404,2024-02-16 15:58:59,2024-02-16 16:08:26,2024-02-16 16:08:38,2024-02-16 16:19:32,146,226,1.25,654,10.89,0.0,0.3,0.97,0.0,0.0,0.0,7.79,Y,N,N,N,N,579.0,567.0,12.0,1233.0,16,Friday,Long Island City/Queens Plaza,Queens,Sunnyside,Queens,-73.93482872612303,40.754241860637634,-73.92467262943985,40.73769725609221,3.143,11.190000000000001,10.89,0.3,3.1000000000000005,0.2770330652368186,1.0837155963302751,2.333715596330275,0.20956766055045867,0.46674311926605505,0.6763107798165138,7.1136892201834865,20.769895533382442,2024-02
HV0003,B03404,B03404,2024-02-13 08:46:31,2024-02-13 08:50:06,2024-02-13 08:50:21,2024-02-13 09:03:40,136,174,2.04,799,14.29,0.0,0.39,1.27,0.0,0.0,0.0,10.19,N,N,N,N,N,230.0,215.0,15.0,1029.0,8,Tuesday,Kingsbridge Heights,Bronx,Norwood,Bronx,-73.90591111534405,40.8652635680692,-73.87902205824633,40.87713685159281,3.143,14.68,14.29,0.39,4.1,0.27929155313351495,0.548936170212766,2.588936170212766,0.2324864680851064,0.5177872340425532,0.7502737021276596,9.43972629787234,33.02528150859128,2024-02
HV0003,B03404,B03404,2024-02-04 15:47:16,2024-02-04 15:49:32,2024-02-04 15:50:29,2024-02-04 16:04:31,130,205,3.51,842,15.27,0.0,0.42,1.36,0.0,0.0,0.0,12.52,N,N,N,N,N,193.0,136.0,57.0,1035.0,15,Sunday,Jamaica,Queens,Saint Albans,Queens,-73.79398135276409,40.70436829225682,-73.76314638043442,40.69120002152517,3.143,15.69,15.27,0.42,2.75,0.1752708731676227,0.566935866983373,4.076935866983373,0.36610884085510687,0.8153871733966747,1.1814960142517816,11.338503985748218,39.43827473303728,2024-02
HV0003,B03404,B03404,2024-02-25 01:33:06,2024-02-25 01:34:07,2024-02-25 01:34:14,2024-02-25 01:49:43,161,7,3.7,929,24.38,0.0,0.67,2.16,2.75,0.0,0.0,13.59,N,N,N,N,N,68.0,61.0,7.0,997.0,1,Sunday,Midtown Center,Manhattan,Astoria,Queens,-73.97769778229288,40.758027399461895,-73.91969416440043,40.761491926149866,3.143,27.8,24.38,3.42,10.79,0.38812949640287764,0.2429494079655544,3.9429494079655547,0.3540768568353068,0.7885898815931109,1.1426667384284177,12.447333261571583,44.945235448001704,2024-02
HV0003,B03404,B03404,2024-02-01 19:51:42,2024-02-01 19:56:03,2024-02-01 19:57:21,2024-02-01 20:04:38,74,42,1.26,437,8.02,0.0,0.22,0.71,0.0,0.0,0.0,5.77,N,N,N,N,N,339.0,261.0,78.0,776.0,19,Thursday,East Harlem North,Manhattan,Central Harlem North,Manhattan,-73.93734546230694,40.80116855904873,-73.9407718835631,40.81825672430646,3.143,8.24,8.02,0.22,2.25,0.27305825242718446,0.7525400457665904,2.0125400457665905,0.18072609610983983,0.40250800915331814,0.583234105263158,5.186765894736841,24.062316006511118,2024-02
HV0003,B03404,B03404,2024-02-17 00:15:56,2024-02-17 00:21:08,2024-02-17 00:21:17,2024-02-17 00:35:09,148,25,3.25,832,16.41,0.0,0.45,1.46,2.75,0.0,0.0,12.09,N,N,N,N,N,321.0,312.0,9.0,1153.0,0,Saturday,Lower East Side,Manhattan,Boerum Hill,Brooklyn,-73.99089618330311,40.71893779448139,-73.98611365960022,40.685633257491546,3.143,19.61,16.41,3.2,4.32,0.2202957674655788,1.21875,4.46875,0.40129374999999995,0.89375,1.29504375,10.79495625,33.704980485689504,2024-02
HV0003,B03404,B03404,2024-02-07 11:03:28,2024-02-07 11:07:09,2024-02-07 11:07:27,2024-02-07 11:21:45,237,237,1.35,858,15.17,0.0,0.42,1.35,2.75,0.0,0.0,10.04,N,N,N,N,N,239.0,221.0,18.0,1097.0,11,Wednesday,Upper East Side South,Manhattan,Upper East Side South,Manhattan,-73.96563449518534,40.76861447337675,-73.96563449518534,40.76861447337675,3.143,18.34,15.17,3.17,5.130000000000001,0.27971646673936756,0.3477272727272727,1.6977272727272728,0.1524559090909091,0.3395454545454546,0.4920013636363637,9.547998636363635,31.333450401922594,2024-02
HV0003,B03404,B03404,2024-02-02 15:18:56,2024-02-02 15:27:29,2024-02-02 15:27:29,2024-02-02 15:42:23,185,248,2.05,894,14.26,0.0,0.39,1.27,0.0,0.0,0.0,12.47,N,N,N,N,N,513.0,513.0,0.0,1407.0,15,Friday,Pelham Parkway,Bronx,West Farms/Bronx River,Bronx,-73.85439388215148,40.85440439427695,-73.87228952703794,40.83416474537906,3.143,14.65,14.26,0.39,1.7899999999999991,0.12218430034129686,1.1763422818791944,3.2263422818791945,0.28972553691275166,0.645268456375839,0.9349939932885907,11.53500600671141,29.513874644037724,2024-02
HV0003,B03404,B03404,2024-02-04 03:42:15,2024-02-04 03:44:42,2024-02-04 03:46:43,2024-02-04 04:14:27,211,225,5.02,1664,37.15,0.0,1.02,3.3,2.75,0.0,0.0,24.84,N,N,N,N,N,268.0,147.0,121.0,1932.0,3,Sunday,SoHo,Manhattan,Stuyvesant Heights,Brooklyn,-74.00153738622468,40.72388757677251,-73.93188774325893,40.68816752944304,3.143,40.92,37.15,3.77,12.309999999999999,0.3008308895405669,0.4434735576923077,5.463473557692307,0.4906199254807691,1.0926947115384615,1.5833146370192306,23.256685362980768,43.33543856456044,2024-02
HV0003,B03404,B03404,2024-02-04 15:29:46,2024-02-04 15:34:57,2024-02-04 15:36:33,2024-02-04 16:29:52,219,181,12.34,3199,43.82,0.0,1.21,3.89,0.0,0.0,4.89,46.28,N,N,N,N,N,407.0,311.0,96.0,3606.0,15,Sunday,Springfield Gardens South,Queens,Park Slope,Brooklyn,-73.76450535543216,40.66218473801039,-73.98141426627474,40.67037356101699,3.143,49.92,43.82,1.21,2.4299999999999997,0.04867788461538461,1.199668646452016,13.539668646452016,1.215862244451391,2.7079337292904033,3.923795973741794,42.356204026258204,42.28572781323614,2024-02
HV0003,B03404,B03404,2024-02-18 03:17:58,2024-02-18 03:21:00,2024-02-18 03:21:04,2024-02-18 03:38:58,162,179,4.44,1074,20.75,0.0,0.57,1.84,2.75,0.0,0.0,15.93,N,N,N,N,N,186.0,182.0,4.0,1260.0,3,Sunday,Midtown East,Manhattan,Old Astoria,Queens,-73.97235591714862,40.756686941672,-73.92833280320959,40.77156956195687,3.143,24.07,20.75,3.32,4.82,0.2002492729538845,0.7524022346368715,5.192402234636872,0.466277720670391,1.0384804469273745,1.5047581675977655,14.425241832402234,41.214976664006386,2024-02
HV0003,B03404,B03404,2024-02-18 22:44:19,2024-02-18 22:45:47,2024-02-18 22:47:48,2024-02-18 23:11:09,226,130,9.6,1401,29.13,0.0,0.8,2.59,0.0,0.0,4.68,26.07,N,N,N,N,N,209.0,88.0,121.0,1610.0,22,Sunday,Sunnyside,Queens,Jamaica,Queens,-73.92467262943985,40.73769725609221,-73.79398135276409,40.70436829225682,3.143,34.61,29.13,0.8,7.740000000000002,0.22363478763363195,0.6029978586723769,10.202997858672376,0.9162292077087794,2.040599571734475,2.9568287794432546,23.113171220556744,51.68162508944365,2024-02
HV0003,B03404,B03404,2024-02-09 12:52:50,2024-02-09 12:56:18,2024-02-09 12:56:45,2024-02-09 13:16:03,39,85,3.72,1158,21.48,0.0,0.59,1.91,0.0,0.0,0.0,15.78,N,N,N,N,N,235.0,208.0,27.0,1393.0,12,Friday,Canarsie,Brooklyn,Erasmus,Brooklyn,-73.89973483047997,40.63803639656562,-73.9516233279193,40.64611573218299,3.143,22.07,21.48,0.59,5.700000000000001,0.2582691436338922,0.6681865284974094,4.3881865284974095,0.39405915025906735,0.877637305699482,1.2716964559585493,14.50830354404145,37.49453895086089,2024-02
HV0003,B03404,B03404,2024-02-01 21:49:40,2024-02-01 21:50:25,2024-02-01 21:52:28,2024-02-01 22:01:21,211,249,1.11,533,14.88,0.0,0.41,1.32,2.75,0.0,0.0,7.75,N,N,N,N,N,168.0,45.0,123.0,701.0,21,Thursday,SoHo,Manhattan,West Village,Manhattan,-74.00153738622468,40.72388757677251,-74.00287478437944,40.73457538224023,3.143,18.04,14.88,3.16,7.130000000000001,0.39523281596452337,0.09371482176360225,1.2037148217636024,0.10809359099437148,0.2407429643527205,0.34883655534709196,7.401163444652908,38.00882796112763,2024-02
HV0003,B03404,B03404,2024-02-18 22:50:10,2024-02-18 22:51:07,2024-02-18 22:52:35,2024-02-18 23:17:03,90,166,6.26,1468,28.83,0.0,0.79,2.56,2.75,0.0,0.0,22.03,N,N,N,N,N,145.0,57.0,88.0,1613.0,22,Sunday,Flatiron,Manhattan,Morningside Heights,Manhattan,-73.9969712245153,40.742278038328486,-73.96176346467264,40.809456315241775,3.143,32.37,28.83,3.54,6.799999999999997,0.21007105344454735,0.24306539509536781,6.503065395095367,0.5839752724795639,1.3006130790190735,1.8845883514986375,20.145411648501362,44.96186108778977,2024-02
HV0003,B03404,B03404,2024-02-08 13:59:05,2024-02-08 13:59:54,2024-02-08 14:00:40,2024-02-08 14:06:13,244,243,0.96,333,9.76,0.0,0.27,0.87,0.0,0.0,0.0,5.4,N,N,N,N,N,95.0,49.0,46.0,428.0,14,Thursday,Washington Heights South,Manhattan,Washington Heights North,Manhattan,-73.9413990935137,40.84170795917971,-73.93283150973461,40.85710754449232,3.143,10.03,9.76,0.27,4.359999999999999,0.43469591226321036,0.14126126126126123,1.1012612612612611,0.09889326126126124,0.22025225225225223,0.3191455135135135,5.080854486486487,42.73615923212933,2024-02
HV0003,B03404,B03404,2024-02-08 19:17:45,2024-02-08 19:21:38,2024-02-08 19:23:38,2024-02-08 19:42:35,17,36,3.01,1137,19.96,0.0,0.55,1.77,0.0,0.0,0.0,14.65,N,N,N,N,N,353.0,233.0,120.0,1490.0,19,Thursday,Bedford,Brooklyn,Bushwick North,Brooklyn,-73.94990474718477,40.69150649558427,-73.9177095234613,40.700521468719735,3.143,20.51,19.96,0.55,5.3100000000000005,0.25889809848854217,0.6168249780123131,3.626824978012313,0.3256888830255057,0.7253649956024626,1.0510538786279682,13.598946121372032,32.85651411875122,2024-02
HV0003,B03404,B03404,2024-02-13 20:37:18,2024-02-13 20:39:49,2024-02-13 20:41:49,2024-02-13 20:53:51,35,76,2.03,722,13.56,0.0,0.37,1.2,0.0,0.0,0.0,9.46,N,N,N,N,N,271.0,151.0,120.0,993.0,20,Tuesday,Brownsville,Brooklyn,East New York,Brooklyn,-73.91025783392547,40.66400239681814,-73.87682032859912,40.66093356035302,3.143,13.93,13.56,0.37,4.1,0.2943287867910983,0.4245567867036011,2.454556786703601,0.22041919944598337,0.4909113573407202,0.7113305567867036,8.748669443213297,31.717230609836726,2024-02
HV0003,B03404,B03404,2024-02-09 07:32:14,2024-02-09 07:34:21,2024-02-09 07:36:14,2024-02-09 07:40:14,41,41,0.41,240,8.43,0.0,0.25,0.79,0.0,0.0,0.0,5.4,N,N,N,N,N,240.0,127.0,113.0,480.0,7,Friday,Central Harlem,Manhattan,Central Harlem,Manhattan,-73.95129182852196,40.804333323455445,-73.95129182852196,40.804333323455445,3.143,8.68,8.43,0.25,3.0299999999999994,0.34907834101382484,0.21695833333333334,0.6269583333333333,0.05630085833333333,0.12539166666666665,0.181692525,5.2183074750000005,39.1373060625,2024-02
HV0003,B03404,B03404,2024-02-11 11:46:54,2024-02-11 11:50:09,2024-02-11 11:50:54,2024-02-11 11:59:46,214,221,2.11,532,11.56,0.0,0.32,1.03,0.0,0.0,0.0,8.11,N,N,Y,N,N,240.0,195.0,45.0,772.0,11,Sunday,South Beach/Dongan Hills,Staten Island,Stapleton,Staten Island,-74.0855126589004,40.58678618255626,-74.07370346784535,40.61876794148682,3.143,11.88,11.56,0.32,3.450000000000001,0.2904040404040405,0.7734022556390977,2.8834022556390977,0.25892952255639096,0.5766804511278195,0.8356099736842104,7.274390026315789,33.922026029451864,2024-02
HV0003,B03404,B03404,2024-02-24 20:34:24,2024-02-24 20:37:41,2024-02-24 20:37:47,2024-02-24 20:44:37,89,91,1.08,410,8.94,0.0,0.25,0.79,0.0,0.0,0.0,5.39,N,N,N,N,N,203.0,197.0,6.0,613.0,20,Saturday,Flatbush/Ditmas Park,Brooklyn,Flatlands,Brooklyn,-73.96096812758745,40.637899248043546,-73.93009732098176,40.62627204277785,3.143,9.19,8.94,0.25,3.55,0.3862894450489663,0.5189268292682927,1.5989268292682928,0.14358362926829268,0.3197853658536586,0.4633689951219513,4.926631004878049,28.932906390800937,2024-02
HV0003,B03404,B03404,2024-02-25 02:47:08,2024-02-25 02:53:35,2024-02-25 02:53:48,2024-02-25 02:57:21,82,129,0.42,213,8.87,0.0,0.24,0.79,0.0,0.0,0.0,5.39,N,N,N,N,N,400.0,387.0,13.0,613.0,2,Sunday,Elmhurst,Queens,Jackson Heights,Queens,-73.8771182418676,40.73949455225884,-73.88531716686686,40.7573109858269,3.143,9.11,8.87,0.24,3.4799999999999995,0.3819978046103183,0.7630985915492957,1.1830985915492958,0.10624225352112675,0.23661971830985917,0.34286197183098593,5.047138028169014,29.640614847322105,2024-02
HV0003,B03404,B03404,2024-02-01 22:52:38,2024-02-01 22:56:38,2024-02-01 22:57:43,2024-02-01 23:18:20,92,63,8.2,1237,25.04,0.0,0.69,2.22,0.0,0.0,0.0,22.4,N,N,N,N,N,305.0,240.0,65.0,1542.0,22,Thursday,Flushing,Queens,Cypress Hills,Brooklyn,-73.8288586430752,40.76110071120437,-73.87817291227658,40.68383923597394,3.143,25.73,25.04,0.69,2.6400000000000006,0.10260396424407309,1.5909458367016973,9.790945836701697,0.8792269361358124,1.9581891673403395,2.837416103476152,19.562583896523847,45.67140209305178,2024-02
HV0003,B03404,B03404,2024-02-25 21:56:15,2024-02-25 21:59:13,2024-02-25 22:01:15,2024-02-25 22:21:31,215,95,5.2,1216,21.36,0.0,0.59,1.9,0.0,0.0,0.0,18.27,N,N,N,N,N,300.0,178.0,122.0,1516.0,22,Sunday,South Jamaica,Queens,Forest Hills,Queens,-73.79096502686893,40.69442676074992,-73.84766918479201,40.72143087062858,3.143,21.95,21.36,0.59,3.09,0.14077448747152618,0.7611842105263158,5.961184210526316,0.5353143421052632,1.1922368421052632,1.7275511842105264,16.542448815789474,39.28285998472435,2024-02
HV0003,B03404,B03404,2024-02-06 04:40:32,2024-02-06 04:43:38,2024-02-06 04:45:14,2024-02-06 04:57:43,39,77,3.03,749,16.05,0.0,0.44,1.42,0.0,0.0,3.0,11.02,N,N,N,N,N,282.0,186.0,96.0,1031.0,4,Tuesday,Canarsie,Brooklyn,East New York/Pennsylvania Avenue,Brooklyn,-73.89973483047997,40.63803639656562,-73.89536398494168,40.666558142144005,3.143,19.490000000000002,16.05,0.44,8.030000000000001,0.4120061570035916,0.7524432576769026,3.7824432576769023,0.3396634045393858,0.7564886515353805,1.0961520560747662,9.923847943925233,34.65165140458859,2024-02
HV0003,B03404,B03404,2024-02-08 13:34:03,2024-02-08 13:36:11,2024-02-08 13:36:16,2024-02-08 13:54:54,188,177,2.13,1118,13.41,0.0,0.37,1.19,0.0,0.0,0.0,22.74,N,N,N,N,N,133.0,128.0,5.0,1251.0,13,Thursday,Prospect-Lefferts Gardens,Brooklyn,Ocean Hill,Brooklyn,-73.94744189565975,40.65874424163321,-73.91363235241506,40.67664341763747,3.143,13.78,13.41,0.37,-9.329999999999998,-0.6770682148040638,0.24386404293381037,2.3738640429338105,0.21317299105545615,0.47477280858676213,0.6879457996422182,22.05205420035778,63.45914877800801,2024-02
HV0003,B03404,B03404,2024-02-28 17:31:37,2024-02-28 17:37:12,2024-02-28 17:39:13,2024-02-28 17:55:49,259,174,3.17,996,20.4,0.0,0.56,1.81,0.0,0.0,0.0,16.7,N,N,N,N,N,456.0,335.0,121.0,1452.0,17,Wednesday,Woodlawn/Wakefield,Bronx,Norwood,Bronx,-73.85221507735194,40.89793162870983,-73.87902205824633,40.87713685159281,3.143,20.959999999999997,20.4,0.56,3.6999999999999993,0.1765267175572519,1.066214859437751,4.236214859437751,0.38041209437750995,0.8472429718875502,1.22765506626506,15.47234493373494,38.361185786119684,2024-02
HV0003,B03404,B03404,2024-02-01 19:49:43,2024-02-01 19:52:48,2024-02-01 19:54:07,2024-02-01 20:11:39,20,220,2.78,1052,17.85,0.0,0.49,1.58,0.0,0.0,0.0,13.54,N,N,N,N,N,264.0,185.0,79.0,1316.0,19,Thursday,Belmont,Bronx,Spuyten Duyvil/Kingsbridge,Bronx,-73.88586731138831,40.857778885275984,-73.91066473993713,40.88240269359515,3.143,18.34,17.85,0.49,4.310000000000002,0.2350054525627046,0.4888783269961977,3.2688783269961976,0.29354527376425854,0.6537756653992396,0.9473209391634981,12.5926790608365,34.44805822113328,2024-02
HV0003,B03404,B03404,2024-02-06 18:02:10,2024-02-06 18:04:50,2024-02-06 18:06:14,2024-02-06 18:22:31,49,25,1.95,977,17.0,0.0,0.47,1.51,0.0,0.0,1.0,11.74,N,N,N,N,N,244.0,160.0,84.0,1221.0,18,Tuesday,Clinton Hill,Brooklyn,Boerum Hill,Brooklyn,-73.96236330714036,40.68796671165343,-73.98611365960022,40.685633257491546,3.143,18.47,17.0,0.47,6.26,0.3389279913373037,0.3193449334698055,2.2693449334698057,0.20378717502558852,0.45386898669396114,0.6576561617195497,11.082343838280451,32.67521524800133,2024-02
HV0003,B03404,B03404,2024-02-09 15:51:12,2024-02-09 15:54:48,2024-02-09 15:55:06,2024-02-09 16:03:23,125,234,1.74,497,22.64,0.0,0.62,2.01,2.75,0.0,0.0,17.21,N,N,N,N,N,234.0,216.0,18.0,731.0,15,Friday,Hudson Sq,Manhattan,Union Sq,Manhattan,-74.00748558750799,40.72628992015588,-73.99045767416112,40.74033681887629,3.143,26.01,22.64,3.37,5.43,0.20876585928489041,0.7562173038229376,2.4962173038229376,0.2241603138832998,0.49924346076458753,0.7234037746478873,16.486596225352113,81.19253955029768,2024-02
HV0003,B03404,B03404,2024-02-03 08:51:27,2024-02-03 08:53:11,2024-02-03 08:55:10,2024-02-03 09:01:23,247,247,1.02,373,9.08,0.0,0.25,0.81,0.0,0.0,0.0,5.51,N,N,N,N,N,223.0,104.0,119.0,596.0,8,Saturday,West Concourse,Bronx,West Concourse,Bronx,-73.92440974289835,40.82898691319468,-73.92440974289835,40.82898691319468,3.143,9.33,9.08,0.25,3.5700000000000003,0.38263665594855306,0.28439678284182307,1.304396782841823,0.11713483109919572,0.26087935656836464,0.37801418766756034,5.13198581233244,30.99857202079997,2024-02
HV0003,B03404,B03404,2024-02-07 22:08:58,2024-02-07 22:19:52,2024-02-07 22:20:01,2024-02-07 23:03:58,161,133,12.35,2637,51.46,6.94,1.61,5.18,2.75,0.0,13.58,49.95,N,N,N,N,N,663.0,654.0,9.0,3300.0,22,Wednesday,Midtown Center,Manhattan,Kensington,Brooklyn,-73.97769778229288,40.758027399461895,-73.97619880286386,40.64058957628331,3.143,76.34,51.46,11.3,15.090000000000003,0.19766832591040087,3.0629124004550623,15.412912400455062,1.3840795335608644,3.0825824800910127,4.466662013651877,45.483337986348126,49.618186894197954,2024-02
HV0003,B03404,B03404,2024-02-09 21:49:15,2024-02-09 21:53:25,2024-02-09 21:53:48,2024-02-09 22:06:50,37,36,1.92,782,10.77,0.0,0.3,0.96,0.0,0.0,0.0,17.01,N,N,N,N,N,273.0,250.0,23.0,1055.0,21,Friday,Bushwick South,Brooklyn,Bushwick North,Brooklyn,-73.9222368522579,40.694993402702586,-73.9177095234613,40.700521468719735,3.143,11.07,10.77,0.3,-6.240000000000002,-0.5636856368563687,0.6138107416879796,2.5338107416879794,0.22753620460358054,0.5067621483375959,0.7342983529411764,16.275701647058824,55.53793926958461,2024-02
HV0003,B03404,B03404,2024-02-13 20:20:47,2024-02-13 20:24:19,2024-02-13 20:25:11,2024-02-13 20:29:16,130,130,0.8,245,8.89,0.0,0.24,0.79,0.0,0.0,0.0,5.39,N,N,N,N,N,264.0,212.0,52.0,509.0,20,Tuesday,Jamaica,Queens,Jamaica,Queens,-73.79398135276409,40.70436829225682,-73.79398135276409,40.70436829225682,3.143,9.13,8.89,0.24,3.500000000000001,0.38335158817086534,0.6922448979591838,1.4922448979591838,0.13400359183673471,0.29844897959183675,0.43245257142857146,4.957547428571428,35.06320381700813,2024-02
HV0003,B03404,B03404,2024-02-28 23:46:50,2024-02-28 23:50:29,2024-02-28 23:52:11,2024-02-29 00:13:08,148,225,4.42,1257,23.44,0.0,0.64,2.08,2.75,0.0,0.0,17.63,N,N,N,N,N,321.0,219.0,102.0,1578.0,23,Wednesday,Lower East Side,Manhattan,Stuyvesant Heights,Brooklyn,-73.99089618330311,40.71893779448139,-73.93188774325893,40.68816752944304,3.143,26.830000000000002,23.44,3.39,5.810000000000002,0.2165486395825569,0.7700715990453461,5.190071599045346,0.466068429594272,1.0380143198090692,1.5040827494033413,16.125917250596657,36.789164830258535,2024-02
HV0003,B03404,B03404,2024-02-17 18:59:52,2024-02-17 19:03:42,2024-02-17 19:04:12,2024-02-17 19:27:23,189,255,3.45,1391,23.28,0.0,0.64,2.07,0.0,0.0,0.0,17.6,N,N,N,N,N,260.0,230.0,30.0,1651.0,19,Saturday,Prospect Heights,Brooklyn,Williamsburg (North Side),Brooklyn,-73.96758660822772,40.67763488015176,-73.95741799903575,40.71880332024791,3.143,23.92,23.28,0.64,5.68,0.2374581939799331,0.5704529115744069,4.020452911574407,0.36103667145938173,0.8040905823148814,1.1651272537742632,16.43487274622574,35.83618527341772,2024-02
HV0003,B03404,B03404,2024-02-24 18:01:19,2024-02-24 18:05:07,2024-02-24 18:05:14,2024-02-24 18:16:56,6,206,3.44,702,17.01,0.0,0.47,1.51,0.0,0.0,1.0,11.12,N,N,N,N,N,235.0,228.0,7.0,937.0,18,Saturday,Arrochar/Fort Wadsworth,Staten Island,Saint George/New Brighton,Staten Island,-74.07177041805625,40.60032422233955,-74.10231448191689,40.638972921799166,3.143,18.48,17.01,0.47,6.890000000000002,0.37283549783549796,1.1172649572649573,4.557264957264957,0.40924239316239314,0.9114529914529914,1.3206953846153846,9.799304615384614,37.64940940809457,2024-02
HV0003,B03404,B03404,2024-02-17 14:12:02,2024-02-17 14:14:05,2024-02-17 14:15:42,2024-02-17 14:43:10,74,163,4.27,1648,21.8,0.0,0.6,1.93,2.75,0.0,0.0,21.1,N,N,N,N,N,220.0,123.0,97.0,1868.0,14,Saturday,East Harlem North,Manhattan,Midtown North,Manhattan,-73.93734546230694,40.80116855904873,-73.97756832086549,40.764420870266285,3.143,25.150000000000002,21.8,3.35,0.6999999999999993,0.02783300198807154,0.3186953883495145,4.588695388349514,0.4120648458737863,0.9177390776699028,1.3298039235436891,19.770196076456312,38.101020275825874,2024-02
HV0003,B03404,B03404,2024-02-09 17:30:44,2024-02-09 17:33:09,2024-02-09 17:33:26,2024-02-09 17:42:58,87,231,1.12,572,10.93,0.0,0.3,0.97,2.75,0.0,0.0,14.12,N,N,N,N,N,162.0,145.0,17.0,734.0,17,Friday,Financial District North,Manhattan,TriBeCa/Civic Center,Manhattan,-74.0074957883342,40.70680798106304,-74.00787947243188,40.717772159208046,3.143,13.98,10.93,3.05,-3.1899999999999995,-0.22818311874105862,0.2839160839160839,1.403916083916084,0.12607166433566433,0.2807832167832168,0.40685488111888113,13.713145118881117,67.25793246317714,2024-02
HV0003,B03404,B03404,2024-02-16 06:37:18,2024-02-16 06:42:15,2024-02-16 06:42:33,2024-02-16 06:54:14,212,185,1.77,701,8.32,0.0,0.23,0.74,0.0,0.0,0.0,8.92,N,N,N,N,N,315.0,297.0,18.0,1016.0,6,Friday,Soundview/Bruckner,Bronx,Pelham Parkway,Bronx,-73.86967995832318,40.82790176764516,-73.85439388215148,40.85440439427695,3.143,8.55,8.32,0.23,-0.5999999999999996,-0.07017543859649118,0.7499144079885878,2.519914407988588,0.2262883138373752,0.5039828815977175,0.7302711954350927,8.189728804564908,29.01872411066306,2024-02
HV0003,B03404,B03404,2024-02-03 21:22:45,2024-02-03 21:25:00,2024-02-03 21:25:00,2024-02-03 21:29:27,261,13,0.53,267,8.27,0.0,0.23,0.73,2.75,0.0,0.0,5.39,N,N,N,N,N,135.0,135.0,0.0,402.0,21,Saturday,World Trade Center,Manhattan,Battery Park City,Manhattan,-74.01302266265675,40.7091384408997,-74.01607908770592,40.71203749145812,3.143,11.25,8.27,2.98,2.88,0.256,0.2679775280898877,0.7979775280898878,0.07165838202247192,0.15959550561797756,0.23125388764044946,5.15874611235955,46.19772637933925,2024-02
HV0003,B03404,B03404,2024-02-12 17:03:30,2024-02-12 17:03:56,2024-02-12 17:05:57,2024-02-12 18:28:11,71,203,12.58,4934,45.78,0.0,1.26,4.06,0.0,0.0,0.0,62.92,N,N,N,N,N,147.0,26.0,121.0,5081.0,17,Monday,East Flatbush/Farragut,Brooklyn,Rosedale,Queens,-73.93796628102253,40.64428722355921,-73.73947426605032,40.65785159348383,3.143,47.04,45.78,1.26,-17.14,-0.36437074829931976,0.06629104175111471,12.646291041751114,1.1356369355492502,2.529258208350223,3.6648951438994732,59.25510485610053,41.98354211414326,2024-02
HV0003,B03404,B03404,2024-02-25 18:59:04,2024-02-25 19:00:44,2024-02-25 19:02:11,2024-02-25 19:09:42,233,161,0.9,451,9.13,0.0,0.25,0.81,2.75,0.0,0.0,5.42,N,N,N,N,N,187.0,100.0,87.0,638.0,19,Sunday,UN/Turtle Bay South,Manhattan,Midtown Center,Manhattan,-73.9704423734757,40.74991338603123,-73.97769778229288,40.758027399461895,3.143,12.13,9.13,3.0,3.710000000000001,0.3058532563891179,0.19955654101995568,1.0995565410199557,0.09874017738359203,0.21991130820399116,0.31865148558758316,5.101348514412416,28.78503863931771,2024-02
HV0003,B03404,B03404,2024-02-01 20:14:57,2024-02-01 20:16:54,2024-02-01 20:17:06,2024-02-01 20:43:18,153,243,2.84,1572,22.39,0.0,0.62,1.99,0.0,0.0,0.0,18.51,N,N,N,N,N,129.0,117.0,12.0,1701.0,20,Thursday,Marble Hill,Manhattan,Washington Heights North,Manhattan,-73.91037847684808,40.87596732674075,-73.93283150973461,40.85710754449232,3.143,23.01,22.39,0.62,3.879999999999999,0.16862233811386348,0.21137404580152672,3.0513740458015266,0.27401338931297703,0.6102748091603054,0.8842881984732824,17.62571180152672,37.30309375984491,2024-02
HV0003,B03404,B03404,2024-02-02 17:34:42,2024-02-02 17:37:56,2024-02-02 17:38:00,2024-02-02 17:43:10,17,256,0.99,310,8.15,0.0,0.22,0.72,0.0,0.0,0.0,5.4,N,N,N,N,N,198.0,194.0,4.0,508.0,17,Friday,Bedford,Brooklyn,Williamsburg (South Side),Brooklyn,-73.94990474718477,40.69150649558427,-73.95990445316505,40.71087946812129,3.143,8.370000000000001,8.15,0.22,2.75,0.3285543608124253,0.6195483870967742,1.6095483870967742,0.1445374451612903,0.32190967741935483,0.46644712258064513,4.9335528774193556,34.962185745491496,2024-02
HV0003,B03404,B03404,2024-02-19 18:02:28,2024-02-19 18:06:15,2024-02-19 18:07:49,2024-02-19 18:52:36,155,87,9.78,2687,35.93,6.94,1.18,3.8,2.75,0.0,0.0,38.11,N,N,N,N,N,321.0,227.0,94.0,3008.0,18,Monday,Marine Park/Mill Basin,Brooklyn,Financial District North,Manhattan,-73.91527748073477,40.614590889869376,-74.0074957883342,40.70680798106304,3.143,46.8,35.93,10.870000000000001,-2.1799999999999997,-0.046581196581196575,0.8262225530331223,10.606222553033122,0.9524387852623744,2.1212445106066244,3.0736832958689986,35.036316704131,41.93176201292274,2024-02
HV0003,B03404,B03404,2024-02-09 16:13:08,2024-02-09 16:15:06,2024-02-09 16:17:06,2024-02-09 16:44:14,76,198,4.91,1628,21.06,0.0,0.62,1.99,0.0,0.0,0.0,21.75,N,N,N,N,N,238.0,118.0,120.0,1866.0,16,Friday,East New York,Brooklyn,Ridgewood,Queens,-73.87682032859912,40.66093356035302,-73.90170912961153,40.706526169337856,3.143,21.68,21.06,0.62,-0.6900000000000013,-0.03182656826568272,0.3558845208845209,5.265884520884521,0.47287642997543,1.0531769041769043,1.5260533341523344,20.223946665847667,39.01726044858071,2024-02
HV0003,B03404,B03404,2024-02-18 16:34:22,2024-02-18 16:35:48,2024-02-18 16:36:19,2024-02-18 16:53:58,239,137,4.35,1059,20.86,0.0,0.57,1.85,2.75,0.0,3.9,15.67,N,N,N,N,N,117.0,86.0,31.0,1176.0,16,Sunday,Upper West Side South,Manhattan,Kips Bay,Manhattan,-73.97863166507607,40.783960878966745,-73.97649447841282,40.74043833958882,3.143,28.08,20.86,3.32,9.089999999999998,0.3237179487179487,0.35325779036827193,4.703257790368272,0.4223525495750708,0.9406515580736544,1.3630041076487251,14.306995892351274,43.79692620107533,2024-02
HV0003,B03404,B03404,2024-02-21 12:41:00,2024-02-21 12:42:52,2024-02-21 12:43:18,2024-02-21 12:57:36,161,170,1.23,858,9.16,0.0,0.25,0.81,0.75,0.0,0.0,10.69,Y,N,N,N,N,138.0,112.0,26.0,996.0,12,Wednesday,Midtown Center,Manhattan,Murray Hill,Manhattan,-73.97769778229288,40.758027399461895,-73.97849134130094,40.74774513853527,3.143,10.16,9.16,1.0,-1.5299999999999994,-0.1505905511811023,0.16055944055944055,1.3905594405594406,0.12487223776223776,0.27811188811188814,0.4029841258741259,10.287015874125874,37.18198508720195,2024-02
HV0003,B03404,B03404,2024-02-24 21:34:25,2024-02-24 21:39:22,2024-02-24 21:39:46,2024-02-24 21:51:09,234,79,1.21,683,13.48,0.0,0.37,1.2,2.75,0.0,0.0,8.17,N,N,N,N,N,321.0,297.0,24.0,1004.0,21,Saturday,Union Sq,Manhattan,East Village,Manhattan,-73.99045767416112,40.74033681887629,-73.98593725800136,40.72761958691338,3.143,16.6,13.48,3.12,5.3100000000000005,0.31987951807228915,0.5261639824304538,1.7361639824304538,0.15590752562225474,0.3472327964860908,0.5031403221083455,7.6668596778916545,27.490731912758918,2024-02
HV0003,B03404,B03404,2024-02-16 11:02:52,2024-02-16 11:08:36,2024-02-16 11:09:28,2024-02-16 11:22:59,48,151,3.52,811,13.67,0.0,0.38,1.21,2.75,0.0,3.0,13.26,N,N,N,N,N,396.0,344.0,52.0,1207.0,11,Friday,Clinton East,Manhattan,Manhattan Valley,Manhattan,-73.98984463380468,40.762252049908085,-73.96816796764816,40.79796146642212,3.143,19.8,13.67,3.13,3.410000000000002,0.1722222222222223,1.4930702836004932,5.013070283600493,0.45017371146732427,1.0026140567200987,1.452787768187423,11.807212231812576,35.21620881070859,2024-02
HV0003,B03404,B03404,2024-02-04 14:15:25,2024-02-04 14:20:06,2024-02-04 14:20:48,2024-02-04 14:33:42,134,135,4.95,774,17.83,0.0,0.49,1.58,0.0,0.0,5.0,14.04,N,N,N,N,N,323.0,281.0,42.0,1097.0,14,Sunday,Kew Gardens,Queens,Kew Gardens Hills,Queens,-73.82871255016717,40.70805026272772,-73.82119512222988,40.72837651566491,3.143,23.319999999999997,17.83,0.49,8.79,0.3769296740994854,1.797093023255814,6.747093023255815,0.6058889534883721,1.349418604651163,1.955307558139535,12.084692441860465,39.6580608848657,2024-02
HV0003,B03404,B03404,2024-02-03 17:47:35,2024-02-03 17:50:06,2024-02-03 17:52:08,2024-02-03 17:56:44,76,76,0.55,276,8.79,0.0,0.24,0.78,0.0,0.0,0.0,5.95,N,N,N,N,N,273.0,151.0,122.0,549.0,17,Saturday,East New York,Brooklyn,East New York,Brooklyn,-73.87682032859912,40.66093356035302,-73.87682032859912,40.66093356035302,3.143,9.03,8.79,0.24,2.839999999999999,0.3145071982281284,0.30090579710144927,0.8509057971014493,0.07641134057971014,0.17018115942028988,0.24659250000000002,5.7034075,37.39939344262295,2024-02
HV0003,B03404,B03404,2024-02-08 16:32:41,2024-02-08 16:34:15,2024-02-08 16:34:45,2024-02-08 16:50:51,125,246,2.87,966,25.55,0.0,0.7,2.27,2.75,0.0,6.25,13.44,N,N,N,N,N,124.0,94.0,30.0,1090.0,16,Thursday,Hudson Sq,Manhattan,West Chelsea/Hudson Yards,Manhattan,-74.00748558750799,40.72628992015588,-74.00401522931482,40.75330822391948,3.143,35.25,25.55,3.45,18.36,0.5208510638297872,0.2792753623188406,3.1492753623188405,0.2828049275362319,0.6298550724637682,0.91266,12.527339999999999,41.37470091743119,2024-02
HV0003,B03404,B03404,2024-02-14 14:31:18,2024-02-14 14:34:42,2024-02-14 14:35:17,2024-02-14 14:45:37,174,241,1.75,620,11.56,0.0,0.32,1.03,0.0,0.0,0.0,8.13,N,N,N,N,N,239.0,204.0,35.0,859.0,14,Wednesday,Norwood,Bronx,Van Cortlandt Village,Bronx,-73.87902205824633,40.87713685159281,-73.89562004253389,40.87651165473252,3.143,11.88,11.56,0.32,3.4299999999999997,0.28872053872053866,0.5758064516129032,2.325806451612903,0.2088574193548387,0.46516129032258063,0.6740187096774193,7.4559812903225815,31.24741867888393,2024-02
HV0003,B03404,B03404,2024-02-14 21:34:35,2024-02-14 21:40:02,2024-02-14 21:41:26,2024-02-14 21:48:54,50,100,0.87,448,9.14,0.0,0.25,0.81,2.75,0.0,0.0,5.4,N,N,N,N,N,411.0,327.0,84.0,859.0,21,Wednesday,Clinton West,Manhattan,Garment District,Manhattan,-73.99513507723576,40.76623709408489,-73.98878634685092,40.75351217038599,3.143,12.14,9.14,3.0,3.74,0.30807248764415157,0.6350223214285714,1.5050223214285714,0.13515100446428568,0.3010044642857143,0.43615546875,4.96384453125,20.803073704889407,2024-02
HV0003,B03404,B03404,2024-02-16 21:55:37,2024-02-16 21:57:49,2024-02-16 21:59:50,2024-02-16 22:21:35,91,62,3.47,1305,22.16,0.0,0.61,1.97,0.0,0.0,0.0,16.83,N,N,N,N,N,253.0,132.0,121.0,1558.0,21,Friday,Flatlands,Brooklyn,Crown Heights South,Brooklyn,-73.93009732098176,40.62627204277785,-73.94878831329727,40.66654019759787,3.143,22.77,22.16,0.61,5.330000000000002,0.23407992973210373,0.3509885057471265,3.8209885057471267,0.34312476781609197,0.7641977011494254,1.1073224689655174,15.722677531034481,36.329678505599574,2024-02
HV0003,B03404,B03404,2024-02-28 17:20:36,2024-02-28 17:25:08,2024-02-28 17:26:24,2024-02-28 17:30:59,209,87,0.57,275,8.2,0.0,0.23,0.73,2.75,0.0,0.0,5.39,N,N,N,N,N,348.0,272.0,76.0,623.0,17,Wednesday,Seaport,Manhattan,Financial District North,Manhattan,-74.00366431896066,40.7090722607075,-74.0074957883342,40.70680798106304,3.143,11.18,8.2,2.98,2.8099999999999996,0.2513416815742397,0.5637818181818182,1.1337818181818182,0.10181360727272726,0.22675636363636364,0.3285699709090909,5.061430029090909,29.247428739530132,2024-02
HV0003,B03404,B03404,2024-02-02 14:20:15,2024-02-02 14:27:14,2024-02-02 14:27:14,2024-02-02 14:32:48,173,129,0.68,334,5.75,0.0,0.16,0.51,0.0,0.0,0.0,5.39,N,N,N,N,N,419.0,419.0,0.0,753.0,14,Friday,North Corona,Queens,Jackson Heights,Queens,-73.86303760148317,40.7525784829494,-73.88531716686686,40.7573109858269,3.143,5.91,5.75,0.16,0.3600000000000003,0.060913705583756396,0.8530538922155689,1.533053892215569,0.13766823952095808,0.3066107784431138,0.4442790179640719,4.945720982035928,23.644881189016388,2024-02
HV0003,B03404,B03404,2024-02-10 01:50:08,2024-02-10 01:54:01,2024-02-10 01:54:10,2024-02-10 02:15:13,112,37,4.05,1263,19.91,0.0,0.55,1.77,0.0,0.0,0.0,24.4,N,N,N,N,N,242.0,233.0,9.0,1505.0,1,Saturday,Greenpoint,Brooklyn,Bushwick South,Brooklyn,-73.94953985600077,40.72950555799535,-73.9222368522579,40.694993402702586,3.143,20.46,19.91,0.55,-4.489999999999998,-0.21945259042033227,0.7471496437054631,4.797149643705463,0.43078403800475057,0.9594299287410927,1.3902139667458433,23.009786033254155,55.04001974731891,2024-02
HV0003,B03404,B03404,2024-02-25 10:57:46,2024-02-25 10:58:56,2024-02-25 11:00:46,2024-02-25 11:27:10,7,148,7.45,1584,29.7,0.0,0.82,2.64,2.75,0.0,0.0,24.68,N,N,N,N,N,180.0,70.0,110.0,1764.0,11,Sunday,Astoria,Queens,Lower East Side,Manhattan,-73.91969416440043,40.761491926149866,-73.99089618330311,40.71893779448139,3.143,33.269999999999996,29.7,3.57,5.02,0.15088668470093178,0.329229797979798,7.779229797979799,0.6985748358585858,1.5558459595959597,2.2544207954545454,22.425579204545453,45.76648817254174,2024-02
HV0003,B03404,B03404,2024-02-11 18:19:50,2024-02-11 18:27:19,2024-02-11 18:28:37,2024-02-11 18:42:20,17,33,2.48,823,24.23,0.0,0.67,2.15,0.0,0.0,5.41,13.5,N,N,N,N,N,527.0,449.0,78.0,1350.0,18,Sunday,Bedford,Brooklyn,Brooklyn Heights,Brooklyn,-73.94990474718477,40.69150649558427,-73.99524997291579,40.69579763638819,3.143,30.310000000000002,24.23,0.67,16.14,0.5324975255691191,1.3530012150668285,3.8330012150668287,0.3442035091130012,0.7666002430133658,1.110803752126367,12.389196247873633,33.037856660996354,2024-02
HV0003,B03404,B03404,2024-02-07 07:50:36,2024-02-07 07:56:33,2024-02-07 07:56:43,2024-02-07 08:02:53,18,241,0.48,370,8.9,0.0,0.24,0.79,0.0,0.0,0.0,17.78,N,N,N,N,N,367.0,357.0,10.0,737.0,7,Wednesday,Bedford Park,Bronx,Van Cortlandt Village,Bronx,-73.890183667512,40.86768169710327,-73.89562004253389,40.87651165473252,3.143,9.14,8.9,0.24,-8.88,-0.9715536105032823,0.46313513513513516,0.9431351351351351,0.08469353513513513,0.18862702702702705,0.27332056216216216,17.50667943783784,85.51430933000844,2024-02
HV0003,B03404,B03404,2024-02-08 20:00:29,2024-02-08 20:00:42,2024-02-08 20:01:08,2024-02-08 20:06:04,51,51,0.88,296,8.9,0.0,0.24,0.79,0.0,0.0,0.0,5.4,N,N,N,N,N,39.0,13.0,26.0,335.0,20,Thursday,Co-Op City,Bronx,Co-Op City,Bronx,-73.82826341101214,40.87397187629544,-73.82826341101214,40.87397187629544,3.143,9.14,8.9,0.24,3.5,0.38293216630196936,0.03864864864864865,0.9186486486486487,0.08249464864864864,0.18372972972972976,0.2662243783783784,5.133775621621622,55.168932053247275,2024-02
HV0003,B03404,B03404,2024-02-17 01:52:15,2024-02-17 01:52:57,2024-02-17 01:57:09,2024-02-17 02:11:45,148,261,2.06,876,29.36,0.0,0.81,2.61,2.75,0.0,0.0,20.15,N,N,N,N,N,294.0,42.0,252.0,1170.0,1,Saturday,Lower East Side,Manhattan,World Trade Center,Manhattan,-73.99089618330311,40.71893779448139,-74.01302266265675,40.7091384408997,3.143,32.92,29.36,3.56,9.21,0.27976913730255165,0.09876712328767123,2.1587671232876713,0.19385728767123286,0.4317534246575343,0.6256107123287672,19.52438928767123,60.07504396206532,2024-02
HV0003,B03404,B03404,2024-02-22 09:35:53,2024-02-22 09:36:13,2024-02-22 09:38:14,2024-02-22 09:51:42,244,169,2.15,808,8.07,0.0,0.22,0.72,0.0,0.0,0.0,10.43,N,N,N,N,N,141.0,20.0,121.0,949.0,9,Thursday,Washington Heights South,Manhattan,Mount Hope,Bronx,-73.9413990935137,40.84170795917971,-73.90512230176171,40.849057751559215,3.143,8.290000000000001,8.07,0.22,-2.3599999999999994,-0.28468033775633284,0.053217821782178217,2.2032178217821783,0.1978489603960396,0.4406435643564357,0.6384925247524753,9.791507475247524,37.14375859946374,2024-02
HV0003,B03404,B03404,2024-02-13 16:33:29,2024-02-13 16:36:30,2024-02-13 16:36:34,2024-02-13 16:44:13,233,107,1.8,459,13.63,0.0,0.37,1.21,2.75,0.0,0.0,6.68,N,N,N,N,N,185.0,181.0,4.0,644.0,16,Tuesday,UN/Turtle Bay South,Manhattan,Gramercy,Manhattan,-73.9704423734757,40.74991338603123,-73.98405192785955,40.73682342425488,3.143,16.75,13.63,3.12,6.950000000000001,0.4149253731343284,0.7098039215686275,2.5098039215686274,0.2253803921568627,0.5019607843137255,0.7273411764705882,5.952658823529411,33.275732553891125,2024-02
HV0003,B03404,B03404,2024-02-06 07:25:37,2024-02-06 07:28:36,2024-02-06 07:29:11,2024-02-06 07:45:29,21,227,3.4,978,15.48,0.0,0.43,1.37,0.0,0.0,0.0,13.66,N,N,N,N,N,214.0,179.0,35.0,1192.0,7,Tuesday,Bensonhurst East,Brooklyn,Sunset Park East,Brooklyn,-73.9835379748552,40.60142880673965,-74.0046526133707,40.64188580330356,3.143,15.91,15.48,0.43,1.8200000000000003,0.11439346323067255,0.6222903885480572,4.022290388548057,0.3612016768916155,0.8044580777096114,1.1656597546012268,12.494340245398773,37.73458463375468,2024-02
HV0003,B03404,B03404,2024-02-17 14:21:06,2024-02-17 14:22:38,2024-02-17 14:24:39,2024-02-17 14:34:43,231,125,1.36,604,12.08,0.0,0.33,1.07,2.75,0.0,1.0,7.47,N,N,N,N,N,213.0,92.0,121.0,817.0,14,Saturday,TriBeCa/Civic Center,Manhattan,Hudson Sq,Manhattan,-74.00787947243188,40.717772159208046,-74.00748558750799,40.72628992015588,3.143,16.16,12.08,3.08,5.61,0.3471534653465347,0.20715231788079472,1.567152317880795,0.14073027814569536,0.313430463576159,0.4541607417218544,7.015839258278145,30.914346792902474,2024-02
HV0003,B03404,B03404,2024-02-19 10:32:26,2024-02-19 10:34:23,2024-02-19 10:34:23,2024-02-19 10:47:03,142,140,2.25,760,10.59,0.0,0.29,0.94,0.75,0.0,0.0,12.38,Y,N,N,N,N,117.0,117.0,0.0,877.0,10,Monday,Lincoln Square East,Manhattan,Lenox Hill East,Manhattan,-73.98153210008745,40.77363265587896,-73.9547388423982,40.76548333944988,3.143,11.629999999999999,10.59,1.04,-1.790000000000001,-0.15391229578675847,0.34638157894736843,2.5963815789473683,0.23315506578947368,0.5192763157894736,0.7524313815789473,11.627568618421053,47.730042219288244,2024-02
HV0003,B03404,B03404,2024-02-18 18:44:26,2024-02-18 18:49:15,2024-02-18 18:49:30,2024-02-18 19:03:14,85,91,2.46,824,14.32,0.0,0.39,1.27,0.0,0.0,0.0,10.97,N,N,N,N,N,304.0,289.0,15.0,1128.0,18,Sunday,Erasmus,Brooklyn,Flatlands,Brooklyn,-73.9516233279193,40.64611573218299,-73.93009732098176,40.62627204277785,3.143,14.71,14.32,0.39,3.3499999999999996,0.2277362338545207,0.8627912621359224,3.3227912621359224,0.29838665533980585,0.6645582524271845,0.9629449077669903,10.00705509223301,31.93740986882875,2024-02
HV0003,B03404,B03404,2024-02-23 18:25:07,2024-02-23 18:30:29,2024-02-23 18:30:57,2024-02-23 18:46:36,140,234,3.34,939,23.45,0.0,0.64,2.08,2.75,0.0,0.0,13.22,N,N,N,N,N,350.0,322.0,28.0,1289.0,18,Friday,Lenox Hill East,Manhattan,Union Sq,Manhattan,-73.9547388423982,40.76548333944988,-73.99045767416112,40.74033681887629,3.143,26.84,23.45,3.39,10.229999999999999,0.38114754098360654,1.145346112886049,4.485346112886049,0.4027840809371671,0.8970692225772098,1.299853303514377,11.920146696485624,33.291332899416794,2024-02
HV0003,B03404,B03404,2024-02-12 15:48:04,2024-02-12 15:50:40,2024-02-12 15:51:37,2024-02-12 16:06:11,40,66,2.26,874,15.01,0.0,0.41,1.33,0.0,0.0,0.0,11.19,N,N,N,N,N,213.0,156.0,57.0,1087.0,15,Monday,Carroll Gardens,Brooklyn,DUMBO/Vinegar Hill,Brooklyn,-73.99595614226644,40.6791985676148,-73.98570143908047,40.70225846444536,3.143,15.42,15.01,0.41,3.8200000000000003,0.24773022049286642,0.40338672768878714,2.663386727688787,0.23917212814645308,0.5326773455377575,0.7718494736842105,10.418150526315788,34.50353440178182,2024-02
HV0003,B03404,B03404,2024-02-27 06:32:34,2024-02-27 06:36:00,2024-02-27 06:36:20,2024-02-27 06:43:34,211,231,1.05,434,9.15,0.0,0.25,0.81,2.75,0.0,3.0,8.59,N,N,N,N,N,226.0,206.0,20.0,660.0,6,Tuesday,SoHo,Manhattan,TriBeCa/Civic Center,Manhattan,-74.00153738622468,40.72388757677251,-74.00787947243188,40.717772159208046,3.143,15.15,9.15,3.0,3.5600000000000005,0.234983498349835,0.49838709677419357,1.5483870967741935,0.13904516129032257,0.3096774193548387,0.4487225806451613,8.14127741935484,44.40696774193549,2024-02
HV0003,B03404,B03404,2024-02-28 22:06:11,2024-02-28 22:08:45,2024-02-28 22:10:12,2024-02-28 22:31:17,223,4,9.43,1265,25.29,0.0,0.7,2.24,2.75,0.0,0.0,24.28,N,N,N,N,N,241.0,154.0,87.0,1506.0,22,Wednesday,Steinway,Queens,Alphabet City,Manhattan,-73.90540723993595,40.77742599740797,-73.97696809691621,40.723751540194456,3.143,28.74,25.29,3.45,1.009999999999998,0.03514265831593591,1.148,10.578,0.9499043999999999,2.1156,3.0655044,21.2144956,50.71194167330677,2024-02
HV0003,B03404,B03404,2024-02-10 01:58:05,2024-02-10 02:00:40,2024-02-10 02:01:23,2024-02-10 02:26:03,112,177,5.48,1480,26.78,0.0,0.74,2.38,0.0,0.0,0.0,21.11,N,N,N,N,N,198.0,155.0,43.0,1678.0,2,Saturday,Greenpoint,Brooklyn,Ocean Hill,Brooklyn,-73.94953985600077,40.72950555799535,-73.91363235241506,40.67664341763747,3.143,27.52,26.78,0.74,5.670000000000002,0.2060319767441861,0.573918918918919,6.053918918918919,0.5436419189189189,1.2107837837837838,1.7544257027027026,19.355574297297295,41.525665953677155,2024-02
HV0003,B03404,B03404,2024-02-20 15:34:47,2024-02-20 15:37:56,2024-02-20 15:38:39,2024-02-20 15:46:55,203,139,1.43,496,7.88,0.0,0.22,0.7,0.0,0.0,0.0,6.54,N,N,N,N,N,232.0,189.0,43.0,728.0,15,Tuesday,Rosedale,Queens,Laurelton,Queens,-73.73947426605032,40.65785159348383,-73.74423510970438,40.67709672027596,3.143,8.1,7.88,0.22,1.3399999999999999,0.16543209876543208,0.5448991935483871,1.974899193548387,0.17734594758064515,0.39497983870967746,0.5723257862903226,5.967674213709677,29.51047688098192,2024-02
HV0003,B03404,B03404,2024-02-11 16:34:26,2024-02-11 16:41:39,2024-02-11 16:43:06,2024-02-11 17:02:01,155,89,3.08,1135,18.72,0.0,0.51,1.66,0.0,0.0,0.0,21.86,N,N,N,N,N,520.0,433.0,87.0,1655.0,16,Sunday,Marine Park/Mill Basin,Brooklyn,Flatbush/Ditmas Park,Brooklyn,-73.91527748073477,40.614590889869376,-73.96096812758745,40.637899248043546,3.143,19.23,18.72,0.51,-3.1400000000000006,-0.1632865314612585,1.175013215859031,4.255013215859031,0.382100186784141,0.8510026431718063,1.2331028299559472,20.626897170044053,44.868175113086764,2024-02
HV0003,B03404,B03404,2024-02-28 16:03:58,2024-02-28 16:06:09,2024-02-28 16:07:35,2024-02-28 16:12:23,76,76,0.81,288,8.87,0.0,0.24,0.79,0.0,0.0,0.0,5.39,N,N,N,N,N,217.0,131.0,86.0,505.0,16,Wednesday,East New York,Brooklyn,East New York,Brooklyn,-73.87682032859912,40.66093356035302,-73.87682032859912,40.66093356035302,3.143,9.11,8.87,0.24,3.4799999999999995,0.3819978046103183,0.36843750000000003,1.1784375,0.10582368749999999,0.23568750000000002,0.3415111875,5.0484888125,35.98922717821782,2024-02
HV0003,B03404,B03404,2024-02-25 22:50:33,2024-02-25 22:52:58,2024-02-25 22:54:58,2024-02-25 23:26:21,127,37,15.35,1883,44.05,6.94,1.4,4.53,0.0,0.0,0.0,39.37,N,N,N,N,N,265.0,145.0,120.0,2148.0,22,Sunday,Inwood,Manhattan,Bushwick South,Brooklyn,-73.91930824408637,40.86607442573871,-73.9222368522579,40.694993402702586,3.143,52.38999999999999,44.05,8.34,4.68,0.08933002481389579,1.1820233669676048,16.532023366967604,1.4845756983536906,3.306404673393521,4.790980371747212,34.57901962825279,57.953664181429254,2024-02
HV0003,B03404,B03404,2024-02-28 22:02:09,2024-02-28 22:04:21,2024-02-28 22:04:27,2024-02-28 22:23:54,144,100,3.89,1167,21.97,0.0,0.6,1.95,2.75,0.0,0.0,16.08,N,N,N,N,N,138.0,132.0,6.0,1305.0,22,Wednesday,Little Italy/NoLiTa,Manhattan,Garment District,Manhattan,-73.99691839304907,40.72088834178079,-73.98878634685092,40.75351217038599,3.143,25.32,21.97,3.35,5.890000000000001,0.2326224328593997,0.44,4.33,0.388834,0.8660000000000001,1.2548340000000002,14.825165999999998,40.89700965517241,2024-02
HV0003,B03404,B03404,2024-02-02 16:49:46,2024-02-02 16:52:23,2024-02-02 16:53:02,2024-02-02 17:17:37,200,142,10.98,1475,52.78,3.18,1.54,4.97,2.75,0.0,9.78,28.64,N,N,N,N,N,196.0,157.0,39.0,1671.0,16,Friday,Riverdale/North Riverdale/Fieldston,Bronx,Lincoln Square East,Manhattan,-73.90698736246745,40.89952795847699,-73.98153210008745,40.77363265587896,3.143,70.03,52.78,7.470000000000001,33.92,0.48436384406682853,1.1687186440677966,12.148718644067797,1.090954934237288,2.4297437288135595,3.5206986630508474,25.119301336949153,54.11698672233211,2024-02
HV0003,B03404,B03404,2024-02-01 21:21:05,2024-02-01 21:23:25,2024-02-01 21:24:45,2024-02-01 21:31:36,75,75,0.96,411,8.87,0.0,0.24,0.79,0.0,0.0,0.0,5.39,N,N,N,N,N,220.0,140.0,80.0,631.0,21,Thursday,East Harlem South,Manhattan,East Harlem South,Manhattan,-73.94575002008068,40.79001009948004,-73.94575002008068,40.79001009948004,3.143,9.11,8.87,0.24,3.4799999999999995,0.3819978046103183,0.32700729927007294,1.287007299270073,0.11557325547445255,0.2574014598540146,0.37297471532846715,5.017025284671533,28.623282131248047,2024-02
HV0003,B03404,B03404,2024-02-09 01:03:01,2024-02-09 01:05:36,2024-02-09 01:06:53,2024-02-09 01:18:55,48,151,3.71,722,20.75,0.0,0.57,1.84,2.75,0.0,3.88,26.65,N,N,N,N,N,232.0,155.0,77.0,954.0,1,Friday,Clinton East,Manhattan,Manhattan Valley,Manhattan,-73.98984463380468,40.762252049908085,-73.96816796764816,40.79796146642212,3.143,27.95,20.75,3.32,-2.0199999999999996,-0.07227191413237924,0.7964681440443213,4.506468144044321,0.40468083933518,0.9012936288088643,1.3059744681440444,25.344025531855955,95.63783219568285,2024-02
HV0003,B03404,B03404,2024-02-13 17:58:44,2024-02-13 18:00:12,2024-02-13 18:00:12,2024-02-13 18:07:47,243,243,1.3,455,8.87,0.0,0.24,0.79,0.0,0.0,0.0,5.99,N,N,N,N,N,88.0,88.0,0.0,543.0,18,Tuesday,Washington Heights North,Manhattan,Washington Heights North,Manhattan,-73.93283150973461,40.85710754449232,-73.93283150973461,40.85710754449232,3.143,9.11,8.87,0.24,2.879999999999999,0.3161361141602634,0.25142857142857145,1.5514285714285716,0.13931828571428573,0.31028571428571433,0.44960400000000006,5.540396,36.73190718232044,2024-02
HV0003,B03404,B03404,2024-02-18 20:49:57,2024-02-18 20:54:50,2024-02-18 20:55:53,2024-02-18 21:02:07,183,3,1.67,374,8.89,0.0,0.24,0.79,0.0,0.0,0.0,5.7,N,N,N,N,N,356.0,293.0,63.0,730.0,20,Sunday,Pelham Bay,Bronx,Allerton/Pelham Gardens,Bronx,-73.8315818648629,40.84917189594048,-73.84742177366226,40.864473188810734,3.143,9.13,8.89,0.24,3.1900000000000004,0.3493975903614458,1.3083155080213904,2.9783155080213906,0.2674527326203208,0.5956631016042782,0.863115834224599,4.836884165775401,23.85312739286499,2024-02
HV0003,B03404,B03404,2024-02-29 06:47:28,2024-02-29 06:52:19,2024-02-29 06:52:19,2024-02-29 07:21:51,87,85,6.27,1772,32.82,0.0,0.9,2.91,2.75,0.0,0.0,24.89,N,N,N,N,N,291.0,291.0,0.0,2063.0,6,Thursday,Financial District North,Manhattan,Erasmus,Brooklyn,-74.0074957883342,40.70680798106304,-73.9516233279193,40.64611573218299,3.143,36.47,32.82,3.65,7.93,0.21743899095146696,1.0296670428893904,7.29966704288939,0.6555101004514672,1.4599334085778781,2.1154435090293453,22.774556490970657,39.742318646386025,2024-02
HV0003,B03404,B03404,2024-02-17 09:46:58,2024-02-17 09:47:48,2024-02-17 09:49:49,2024-02-17 10:05:01,68,231,2.99,912,20.52,0.0,0.56,1.82,2.75,0.0,0.0,13.51,N,N,N,N,N,171.0,50.0,121.0,1083.0,9,Saturday,East Chelsea,Manhattan,TriBeCa/Civic Center,Manhattan,-73.99991751678058,40.748426777755405,-74.00787947243188,40.717772159208046,3.143,23.83,20.52,3.31,7.01,0.2941670163659253,0.16392543859649122,3.1539254385964917,0.2832225043859649,0.6307850877192984,0.9140075921052633,12.595992407894737,41.870334873888325,2024-02
HV0003,B03404,B03404,2024-02-10 23:23:37,2024-02-10 23:31:18,2024-02-10 23:31:20,2024-02-10 23:39:38,80,112,1.39,498,8.64,0.0,0.24,0.77,0.0,0.0,0.0,22.91,N,N,N,N,N,463.0,461.0,2.0,961.0,23,Saturday,East Williamsburg,Brooklyn,Greenpoint,Brooklyn,-73.93679348509205,40.71536904490185,-73.94953985600077,40.72950555799535,3.143,8.88,8.64,0.24,-14.27,-1.6069819819819817,1.2867269076305219,2.676726907630522,0.24037007630522084,0.5353453815261043,0.7757154578313252,22.134284542168675,82.91719495505436,2024-02
HV0003,B03404,B03404,2024-02-05 17:11:50,2024-02-05 17:14:56,2024-02-05 17:14:58,2024-02-05 17:36:52,219,258,6.78,1314,24.36,0.0,0.67,2.16,0.0,0.0,0.0,35.68,N,N,N,N,N,188.0,186.0,2.0,1502.0,17,Monday,Springfield Gardens South,Queens,Woodhaven,Queens,-73.76450535543216,40.66218473801039,-73.85576684520184,40.68872054521105,3.143,25.03,24.36,0.67,-11.32,-0.4522572912504994,0.9597260273972602,7.739726027397261,0.695027397260274,1.5479452054794522,2.242972602739726,33.43702739726027,80.1420097404374,2024-02
HV0003,B03404,B03404,2024-02-11 10:13:57,2024-02-11 10:16:28,2024-02-11 10:16:48,2024-02-11 10:27:37,235,247,4.0,649,16.07,0.0,0.44,1.43,0.0,0.0,0.0,12.36,N,N,N,N,N,171.0,151.0,20.0,820.0,10,Sunday,University Heights/Morris Heights,Bronx,West Concourse,Bronx,-73.91597563385105,40.85252046623772,-73.92440974289835,40.82898691319468,3.143,16.51,16.07,0.44,3.710000000000001,0.22471229557843733,0.9306625577812019,4.9306625577812015,0.44277349768875185,0.9861325115562404,1.4289060092449923,10.931093990755008,47.990168739900035,2024-02
HV0003,B03404,B03404,2024-02-11 14:51:10,2024-02-11 14:54:41,2024-02-11 14:54:51,2024-02-11 15:09:03,239,152,2.86,852,18.38,0.0,0.51,1.63,2.75,0.0,3.49,11.97,N,N,N,N,N,221.0,211.0,10.0,1073.0,14,Sunday,Upper West Side South,Manhattan,Manhattanville,Manhattan,-73.97863166507607,40.783960878966745,-73.95378198907079,40.81797460055961,3.143,25.130000000000003,18.38,3.26,9.899999999999997,0.39395145244727403,0.7082863849765257,3.568286384976526,0.320432117370892,0.7136572769953052,1.0340893943661973,10.935910605633804,36.69084639355237,2024-02
HV0003,B03404,B03404,2024-02-06 14:00:39,2024-02-06 14:00:50,2024-02-06 14:01:54,2024-02-06 14:12:43,209,13,2.45,649,9.73,0.0,0.27,0.86,2.75,0.0,0.0,9.32,N,N,N,N,N,75.0,11.0,64.0,724.0,14,Tuesday,Seaport,Manhattan,Battery Park City,Manhattan,-74.00366431896066,40.7090722607075,-74.01607908770592,40.71203749145812,3.143,12.75,9.73,3.02,0.41000000000000014,0.03215686274509805,0.041525423728813564,2.4915254237288136,0.22373898305084744,0.49830508474576274,0.7220440677966102,8.59795593220339,42.75226706620471,2024-02
HV0003,B03404,B03404,2024-02-24 21:16:21,2024-02-24 21:21:40,2024-02-24 21:21:58,2024-02-24 21:30:27,125,234,0.95,509,9.14,0.0,0.25,0.81,2.75,0.0,0.0,6.03,N,N,N,N,N,337.0,319.0,18.0,846.0,21,Saturday,Hudson Sq,Manhattan,Union Sq,Manhattan,-74.00748558750799,40.72628992015588,-73.99045767416112,40.74033681887629,3.143,12.14,9.14,3.0,3.1100000000000003,0.25617792421746294,0.5953831041257367,1.5453831041257367,0.13877540275049116,0.30907662082514736,0.4478520235756385,5.582147976424362,23.75382117627388,2024-02
HV0003,B03404,B03404,2024-02-11 17:10:53,2024-02-11 17:13:07,2024-02-11 17:14:38,2024-02-11 17:35:39,231,48,3.42,1261,25.63,0.0,0.7,2.27,2.75,0.0,0.0,16.35,N,N,N,N,N,225.0,134.0,91.0,1486.0,17,Sunday,TriBeCa/Civic Center,Manhattan,Clinton East,Manhattan,-74.00787947243188,40.717772159208046,-73.98984463380468,40.762252049908085,3.143,29.08,25.63,3.45,9.279999999999998,0.3191196698762035,0.36342585249801745,3.7834258524980173,0.33975164155432197,0.7566851704996035,1.0964368120539254,15.253563187946076,36.953450522614986,2024-02
HV0003,B03404,B03404,2024-02-27 08:16:26,2024-02-27 08:18:19,2024-02-27 08:18:55,2024-02-27 08:36:21,71,188,2.53,1046,16.09,0.0,0.44,1.43,0.0,0.0,3.0,13.15,N,N,N,N,N,149.0,113.0,36.0,1195.0,8,Tuesday,East Flatbush/Farragut,Brooklyn,Prospect-Lefferts Gardens,Brooklyn,-73.93796628102253,40.64428722355921,-73.94744189565975,40.65874424163321,3.143,19.53,16.09,0.44,5.9399999999999995,0.304147465437788,0.2733173996175908,2.8033173996175904,0.2517379024856596,0.5606634799235181,0.8124013824091776,12.337598617590823,37.16766110738658,2024-02
HV0003,B03404,B03404,2024-02-28 13:59:10,2024-02-28 14:04:01,2024-02-28 14:04:36,2024-02-28 14:20:35,215,192,6.13,959,19.79,0.0,0.54,1.76,0.0,0.0,0.0,17.06,N,N,N,N,N,326.0,291.0,35.0,1285.0,14,Wednesday,South Jamaica,Queens,Queensboro Hill,Queens,-73.79096502686893,40.69442676074992,-73.815229381821,40.74375112024708,3.143,20.33,19.79,0.54,2.7300000000000004,0.1342843089030989,1.8600938477580815,7.990093847758081,0.7175104275286757,1.5980187695516164,2.3155291970802923,14.744470802919707,41.30746684086455,2024-02
HV0003,B03404,B03404,2024-02-26 18:08:49,2024-02-26 18:09:26,2024-02-26 18:09:49,2024-02-26 18:28:15,188,72,2.85,1106,18.74,0.0,0.52,1.66,0.0,0.0,0.0,15.13,N,N,N,N,N,60.0,37.0,23.0,1166.0,18,Monday,Prospect-Lefferts Gardens,Brooklyn,East Flatbush/Remsen Village,Brooklyn,-73.94744189565975,40.65874424163321,-73.92225109435532,40.65236395430748,3.143,19.259999999999998,18.74,0.52,3.6099999999999977,0.1874350986500518,0.09534358047016275,2.945343580470163,0.2644918535262206,0.5890687160940326,0.8535605696202532,14.276439430379748,44.0782006426819,2024-02
HV0003,B03404,B03404,2024-02-14 16:32:56,2024-02-14 16:36:10,2024-02-14 16:36:27,2024-02-14 16:43:46,247,69,1.07,439,10.73,0.0,0.3,0.95,0.0,0.0,0.0,5.54,N,N,N,N,N,211.0,194.0,17.0,650.0,16,Wednesday,West Concourse,Bronx,East Concourse/Concourse Village,Bronx,-73.92440974289835,40.82898691319468,-73.9150298985607,40.83141570129418,3.143,11.030000000000001,10.73,0.3,5.19,0.47053490480507704,0.47284738041002283,1.542847380410023,0.13854769476082004,0.3085694760820046,0.44711717084282465,5.092882829157175,28.2067356691782,2024-02
HV0003,B03404,B03404,2024-02-14 07:25:06,2024-02-14 07:31:11,2024-02-14 07:32:50,2024-02-14 08:00:27,256,246,5.98,1657,45.83,6.94,1.45,4.68,2.75,0.0,0.0,26.19,N,N,N,N,N,464.0,365.0,99.0,2121.0,7,Wednesday,Williamsburg (South Side),Brooklyn,West Chelsea/Hudson Yards,Manhattan,-73.95990445316505,40.71087946812129,-74.00401522931482,40.75330822391948,3.143,56.97,45.83,11.14,19.639999999999997,0.3447428471125153,1.3172601086300544,7.297260108630055,0.6552939577549789,1.459452021726011,2.1147459794809897,24.07525402051901,40.8632317179955,2024-02
HV0003,B03404,B03404,2024-02-10 15:36:00,2024-02-10 15:39:07,2024-02-10 15:39:38,2024-02-10 16:03:37,137,238,4.07,1439,26.13,0.0,0.72,2.32,2.75,0.0,3.19,19.87,N,N,N,N,N,218.0,187.0,31.0,1657.0,15,Saturday,Kips Bay,Manhattan,Upper West Side North,Manhattan,-73.97649447841282,40.74043833958882,-73.97304858188282,40.79170437688446,3.143,32.79,26.13,3.4699999999999998,9.45,0.2881976212259835,0.5289020152883948,4.598902015288395,0.41298140097289787,0.919780403057679,1.3327618040305769,18.537238195969422,40.27402384157509,2024-02
HV0003,B03404,B03404,2024-02-14 09:55:52,2024-02-14 09:56:50,2024-02-14 09:57:22,2024-02-14 10:04:54,41,166,1.41,452,9.8,0.0,0.27,0.87,0.0,0.0,0.0,6.53,N,N,N,N,N,90.0,58.0,32.0,542.0,9,Wednesday,Central Harlem,Manhattan,Morningside Heights,Manhattan,-73.95129182852196,40.804333323455445,-73.96176346467264,40.809456315241775,3.143,10.07,9.8,0.27,3.2700000000000005,0.32472691161866934,0.180929203539823,1.5909292035398228,0.14286544247787608,0.3181858407079646,0.46105128318584065,6.06894871681416,40.31036048068446,2024-02
HV0003,B03404,B03404,2024-02-02 19:37:26,2024-02-02 19:38:16,2024-02-02 19:39:38,2024-02-02 19:57:35,198,37,2.28,1077,14.33,0.0,0.39,1.27,0.0,0.0,0.0,13.12,N,N,N,N,N,132.0,50.0,82.0,1209.0,19,Friday,Ridgewood,Queens,Bushwick South,Brooklyn,-73.90170912961153,40.706526169337856,-73.9222368522579,40.694993402702586,3.143,14.72,14.33,0.39,1.2100000000000009,0.0822010869565218,0.10584958217270193,2.385849582172702,0.21424929247910862,0.47716991643454043,0.691419208913649,12.42858079108635,37.00818101564174,2024-02
HV0003,B03404,B03404,2024-02-12 23:23:19,2024-02-12 23:25:16,2024-02-12 23:27:16,2024-02-12 23:37:00,127,241,2.91,584,11.62,0.0,0.32,1.03,0.0,0.0,0.0,9.31,N,N,N,N,N,237.0,117.0,120.0,821.0,23,Monday,Inwood,Manhattan,Van Cortlandt Village,Bronx,-73.91930824408637,40.86607442573871,-73.89562004253389,40.87651165473252,3.143,11.94,11.62,0.32,2.3099999999999987,0.19346733668341698,0.5829965753424657,3.492996575342466,0.3136710924657534,0.6985993150684933,1.0122704075342468,8.297729592465753,36.3846851801178,2024-02
HV0003,B03404,B03404,2024-02-23 09:32:46,2024-02-23 09:36:25,2024-02-23 09:36:28,2024-02-23 09:39:42,42,42,0.76,194,8.9,0.0,0.24,0.79,0.0,0.0,0.0,5.39,N,N,N,N,N,222.0,219.0,3.0,416.0,9,Friday,Central Harlem North,Manhattan,Central Harlem North,Manhattan,-73.9407718835631,40.81825672430646,-73.9407718835631,40.81825672430646,3.143,9.14,8.9,0.24,3.5100000000000007,0.3840262582056893,0.8579381443298969,1.617938144329897,0.14529084536082473,0.3235876288659794,0.4688784742268042,4.921121525773195,42.58662858842188,2024-02
HV0003,B03404,B03404,2024-02-16 15:35:07,2024-02-16 15:37:26,2024-02-16 15:39:25,2024-02-16 16:55:53,139,228,18.78,4588,66.63,0.0,1.83,5.91,0.0,0.0,14.85,67.81,N,N,N,N,N,258.0,139.0,119.0,4846.0,15,Friday,Laurelton,Queens,Sunset Park West,Brooklyn,-73.74423510970438,40.67709672027596,-74.01127289375856,40.652353822117504,3.143,83.30999999999999,66.63,1.83,13.669999999999987,0.16408594406433788,0.5689668700959024,19.348966870095904,1.7375372249346122,3.869793374019181,5.607330598953793,62.20266940104621,46.20916422694312,2024-02
HV0003,B03404,B03404,2024-02-23 19:52:22,2024-02-23 19:55:05,2024-02-23 19:57:06,2024-02-23 20:18:16,213,247,6.42,1270,17.28,0.0,0.48,1.53,0.0,0.0,0.0,22.03,N,N,N,N,N,284.0,163.0,121.0,1554.0,19,Friday,Soundview/Castle Hill,Bronx,West Concourse,Bronx,-73.85813492907864,40.81785812742239,-73.92440974289835,40.82898691319468,3.143,17.76,17.28,0.48,-4.75,-0.2674549549549549,0.823984251968504,7.243984251968504,0.6505097858267717,1.448796850393701,2.0993066362204726,19.93069336377953,46.171490418022074,2024-02
HV0003,B03404,B03404,2024-02-03 00:55:42,2024-02-03 01:01:01,2024-02-03 01:01:01,2024-02-03 01:07:31,112,255,1.02,390,13.33,0.0,0.37,1.18,0.0,0.0,0.0,7.93,N,N,N,N,N,319.0,319.0,0.0,709.0,1,Saturday,Greenpoint,Brooklyn,Williamsburg (North Side),Brooklyn,-73.94953985600077,40.72950555799535,-73.95741799903575,40.71880332024791,3.143,13.7,13.33,0.37,5.4,0.3941605839416059,0.8343076923076923,1.8543076923076924,0.16651683076923077,0.3708615384615385,0.5373783692307693,7.392621630769231,37.53658373874362,2024-02
HV0003,B03404,B03404,2024-02-06 12:51:13,2024-02-06 12:55:20,2024-02-06 12:56:17,2024-02-06 13:04:46,261,211,1.22,509,12.72,0.0,0.35,1.13,2.75,0.0,0.0,7.38,N,N,N,N,N,304.0,247.0,57.0,813.0,12,Tuesday,World Trade Center,Manhattan,SoHo,Manhattan,-74.01302266265675,40.7091384408997,-74.00153738622468,40.72388757677251,3.143,15.82,12.72,3.1,5.340000000000001,0.33754740834386854,0.5920235756385068,1.8120235756385068,0.1627197170923379,0.3624047151277014,0.5251244322200392,6.854875567779961,30.353692551055175,2024-02
HV0003,B03404,B03404,2024-02-11 01:03:42,2024-02-11 01:14:31,2024-02-11 01:15:19,2024-02-11 01:35:50,232,37,4.44,1231,23.48,0.0,0.65,2.08,2.75,0.0,5.79,27.4,N,N,N,N,N,697.0,649.0,48.0,1928.0,1,Sunday,Two Bridges/Seward Park,Manhattan,Bushwick South,Brooklyn,-73.98302452983464,40.71473195717586,-73.9222368522579,40.694993402702586,3.143,32.67,23.48,3.4,1.870000000000001,0.05723905723905727,2.3408285946385052,6.780828594638505,0.6089184077985378,1.3561657189277012,1.9650841267262389,25.43491587327376,47.49258150611283,2024-02
HV0003,B03404,B03404,2024-02-14 19:27:54,2024-02-14 19:32:55,2024-02-14 19:33:27,2024-02-14 19:49:13,112,260,3.7,946,19.62,0.0,0.54,1.74,0.0,0.0,0.0,13.75,N,N,N,N,N,333.0,301.0,32.0,1279.0,19,Wednesday,Greenpoint,Brooklyn,Woodside,Queens,-73.94953985600077,40.72950555799535,-73.90630705433507,40.74423288564698,3.143,20.16,19.62,0.54,5.870000000000001,0.29117063492063494,1.1772727272727272,4.877272727272727,0.4379790909090908,0.9754545454545455,1.4134336363636364,12.336566363636363,34.72372080460587,2024-02
HV0003,B03404,B03404,2024-02-23 22:01:06,2024-02-23 22:03:27,2024-02-23 22:08:27,2024-02-23 22:26:14,263,107,4.29,1067,35.41,0.0,0.97,3.14,2.75,0.0,0.0,25.61,N,N,N,N,N,441.0,141.0,300.0,1508.0,22,Friday,Yorkville West,Manhattan,Gramercy,Manhattan,-73.95100985225696,40.77876514921805,-73.98405192785955,40.73682342425488,3.143,39.129999999999995,35.41,3.7199999999999998,9.799999999999997,0.2504472271914132,0.5669072164948453,4.856907216494846,0.4361502680412371,0.9713814432989691,1.4075317113402062,24.202468288659794,57.77777575542126,2024-02
HV0003,B03404,B03404,2024-02-23 15:27:53,2024-02-23 15:29:03,2024-02-23 15:30:03,2024-02-23 15:40:55,76,76,1.55,652,11.21,0.0,0.31,0.99,0.0,0.0,0.0,8.17,N,N,N,N,N,130.0,70.0,60.0,782.0,15,Friday,East New York,Brooklyn,East New York,Brooklyn,-73.87682032859912,40.66093356035302,-73.87682032859912,40.66093356035302,3.143,11.520000000000001,11.21,0.31,3.040000000000001,0.26388888888888895,0.1664110429447853,1.7164110429447854,0.1541337116564417,0.3432822085889571,0.4974159202453988,7.672584079754601,35.321358934931666,2024-02
HV0003,B03404,B03404,2024-02-03 09:37:28,2024-02-03 09:39:47,2024-02-03 09:40:26,2024-02-03 09:53:09,210,89,2.84,763,12.86,0.0,0.35,1.14,0.0,0.0,0.0,10.9,N,N,N,N,N,178.0,139.0,39.0,941.0,9,Saturday,Sheepshead Bay,Brooklyn,Flatbush/Ditmas Park,Brooklyn,-73.94050746825633,40.59202328403454,-73.96096812758745,40.637899248043546,3.143,13.209999999999999,12.86,0.35,1.959999999999999,0.1483724451173353,0.5173787680209698,3.3573787680209697,0.3014926133682831,0.671475753604194,0.9729683669724771,9.927031633027523,37.978016874494244,2024-02
HV0003,B03404,B03404,2024-02-28 18:51:43,2024-02-28 18:55:34,2024-02-28 18:56:01,2024-02-28 19:03:09,113,211,1.06,428,12.23,0.0,0.34,1.09,2.75,0.0,3.0,6.47,N,N,N,N,N,258.0,231.0,27.0,686.0,18,Wednesday,Greenwich Village North,Manhattan,SoHo,Manhattan,-73.99430449266352,40.73257849687629,-74.00153738622468,40.72388757677251,3.143,18.32,12.23,3.09,8.760000000000002,0.4781659388646289,0.5721028037383178,1.6321028037383178,0.14656283177570095,0.32642056074766357,0.4729833925233645,5.997016607476636,31.47122417917768,2024-02
HV0003,B03404,B03404,2024-02-23 11:35:37,2024-02-23 11:38:26,2024-02-23 11:38:31,2024-02-23 12:08:25,220,233,11.87,1794,38.74,0.0,1.07,3.44,2.75,0.0,0.0,32.46,N,N,N,N,N,174.0,169.0,5.0,1968.0,11,Friday,Spuyten Duyvil/Kingsbridge,Bronx,UN/Turtle Bay South,Manhattan,-73.91066473993713,40.88240269359515,-73.9704423734757,40.74991338603123,3.143,42.56,38.74,3.8200000000000003,6.280000000000001,0.14755639097744364,1.1181884057971014,12.9881884057971,1.1663393188405795,2.59763768115942,3.7639769999999997,28.696023,52.49272500000001,2024-02
HV0003,B03404,B03404,2024-02-23 19:57:27,2024-02-23 20:01:26,2024-02-23 20:03:28,2024-02-23 20:29:01,189,80,3.62,1533,23.79,0.0,0.65,2.11,0.0,0.0,0.0,19.18,N,N,N,N,N,361.0,239.0,122.0,1894.0,20,Friday,Prospect Heights,Brooklyn,East Williamsburg,Brooklyn,-73.96758660822772,40.67763488015176,-73.93679348509205,40.71536904490185,3.143,24.439999999999998,23.79,0.65,4.609999999999999,0.1886252045826514,0.5643705153294194,4.1843705153294195,0.3757564722765818,0.836874103065884,1.2126305753424658,17.967369424657534,34.15128296133428,2024-02
HV0003,B03404,B03404,2024-02-22 09:46:40,2024-02-22 09:48:47,2024-02-22 09:49:04,2024-02-22 10:06:52,133,123,3.22,1068,20.52,0.0,0.56,1.82,0.0,0.0,0.0,14.27,N,N,N,N,N,144.0,127.0,17.0,1212.0,9,Thursday,Kensington,Brooklyn,Homecrest,Brooklyn,-73.97619880286386,40.64058957628331,-73.96433371333775,40.59995356501545,3.143,21.08,20.52,0.56,6.25,0.29648956356736245,0.38290262172284645,3.602902621722847,0.32354065543071164,0.7205805243445694,1.044121179775281,13.225878820224718,39.2847885749249,2024-02
HV0003,B03404,B03404,2024-02-03 18:25:59,2024-02-03 18:29:56,2024-02-03 18:30:32,2024-02-03 19:29:42,222,60,20.59,3550,57.54,6.94,1.77,5.72,0.0,0.0,0.0,60.43,N,N,N,N,N,273.0,237.0,36.0,3823.0,18,Saturday,Starrett City,Brooklyn,Crotona Park East,Bronx,-73.88241288548672,40.64752638452626,-73.88590012794502,40.83398980020464,3.143,66.25,57.54,8.71,-2.8900000000000006,-0.04362264150943397,1.3746,21.9646,1.97242108,4.39292,6.36534108,54.06465892,50.91100499921528,2024-02
HV0003,B03404,B03404,2024-02-08 08:30:22,2024-02-08 08:34:49,2024-02-08 08:35:04,2024-02-08 08:55:15,79,161,2.47,1211,27.03,0.0,0.74,2.4,2.75,0.0,0.0,14.63,N,N,N,N,N,282.0,267.0,15.0,1493.0,8,Thursday,East Village,Manhattan,Midtown Center,Manhattan,-73.98593725800136,40.72761958691338,-73.97769778229288,40.758027399461895,3.143,30.52,27.03,3.49,12.4,0.40629095674967236,0.5445829892650702,3.0145829892650706,0.2707095524360033,0.6029165978530142,0.8736261502890175,13.756373849710982,33.17009099729373,2024-02
HV0003,B03404,B03404,2024-02-28 11:42:32,2024-02-28 11:46:22,2024-02-28 11:47:44,2024-02-28 12:04:40,142,161,1.56,1016,30.05,0.0,0.83,2.67,2.75,0.0,5.44,19.1,N,N,N,N,N,312.0,230.0,82.0,1328.0,11,Wednesday,Lincoln Square East,Manhattan,Midtown Center,Manhattan,-73.98153210008745,40.77363265587896,-73.97769778229288,40.758027399461895,3.143,39.06999999999999,30.05,3.58,16.39,0.41950345533657546,0.3531496062992126,1.9131496062992126,0.17180083464566928,0.3826299212598425,0.5544307559055118,18.54556924409449,50.274133493027236,2024-02
HV0003,B03404,B03404,2024-02-09 08:49:29,2024-02-09 08:52:22,2024-02-09 08:52:24,2024-02-09 09:05:05,68,161,1.69,761,14.51,0.0,0.4,1.29,2.75,0.0,0.0,9.37,N,N,N,N,N,175.0,173.0,2.0,936.0,8,Friday,East Chelsea,Manhattan,Midtown Center,Manhattan,-73.99991751678058,40.748426777755405,-73.97769778229288,40.758027399461895,3.143,17.66,14.51,3.15,5.140000000000001,0.2910532276330691,0.38419185282522994,2.07419185282523,0.18626242838370563,0.414838370565046,0.6011007989487517,8.768899201051248,33.72653538865865,2024-02
HV0003,B03404,B03404,2024-02-18 15:46:43,2024-02-18 15:50:14,2024-02-18 15:52:40,2024-02-18 16:12:36,148,158,2.26,1196,63.7,0.0,1.75,5.65,2.75,0.0,0.0,33.19,N,N,N,N,N,357.0,211.0,146.0,1553.0,15,Sunday,Lower East Side,Manhattan,Meatpacking/West Village West,Manhattan,-73.99089618330311,40.71893779448139,-74.00898395410488,40.73503468604606,3.143,68.2,63.7,4.5,30.510000000000005,0.4473607038123168,0.39871237458193975,2.6587123745819397,0.23875237123745816,0.5317424749163879,0.7704948461538461,32.41950515384615,75.15146075585714,2024-02
HV0003,B03404,B03404,2024-02-03 09:59:35,2024-02-03 10:03:25,2024-02-03 10:03:36,2024-02-03 10:14:49,25,97,1.13,673,11.57,0.0,0.32,1.03,0.0,0.0,0.0,8.81,N,N,N,N,N,241.0,230.0,11.0,914.0,10,Saturday,Boerum Hill,Brooklyn,Fort Greene,Brooklyn,-73.98611365960022,40.685633257491546,-73.97488192727519,40.69078610719341,3.143,11.89,11.57,0.32,2.76,0.23212783851976448,0.38618127786032685,1.5161812778603267,0.13615307875185734,0.30323625557206535,0.4393893343239227,8.370610665676077,32.96958249062787,2024-02
HV0003,B03404,B03404,2024-02-09 13:40:00,2024-02-09 13:20:18,2024-02-09 13:21:43,2024-02-09 13:57:48,222,196,7.9,2165,33.13,0.0,0.91,2.94,0.0,0.0,0.0,39.38,N,N,N,N,N,-1097.0,-1182.0,85.0,1068.0,13,Friday,Starrett City,Brooklyn,Rego Park,Queens,-73.88241288548672,40.64752638452626,-73.86333842618821,40.72615456414307,3.143,34.04,33.13,0.91,-6.25,-0.1836075205640423,-4.313071593533487,3.5869284064665132,0.3221061709006928,0.7173856812933027,1.0394918521939955,38.340508147806005,129.2376679139528,2024-02
HV0003,B03404,B03404,2024-02-23 10:30:56,2024-02-23 10:32:49,2024-02-23 10:34:44,2024-02-23 11:06:04,36,7,6.28,1880,23.56,0.0,0.65,2.09,0.0,0.0,0.0,25.92,N,N,N,N,N,228.0,113.0,115.0,2108.0,10,Friday,Bushwick North,Brooklyn,Astoria,Queens,-73.9177095234613,40.700521468719735,-73.91969416440043,40.761491926149866,3.143,24.209999999999997,23.56,0.65,-2.360000000000003,-0.09748038000826119,0.37746808510638297,6.657468085106383,0.5978406340425532,1.3314936170212768,1.92933425106383,23.990665748936173,40.97077642133312,2024-02
HV0003,B03404,B03404,2024-02-09 19:11:15,2024-02-09 19:13:26,2024-02-09 19:13:54,2024-02-09 19:47:33,7,114,5.33,2019,31.74,6.94,1.06,3.43,2.75,0.0,0.0,25.98,N,N,N,N,N,159.0,131.0,28.0,2178.0,19,Friday,Astoria,Queens,Greenwich Village South,Manhattan,-73.91969416440043,40.761491926149866,-73.99737994674842,40.72833985411046,3.143,42.49,31.74,10.75,5.759999999999998,0.13556130854318657,0.34582961862308076,5.675829618623081,0.5096894997523527,1.1351659237246163,1.644855423476969,24.33514457652303,40.223379465327326,2024-02
HV0003,B03404,B03404,2024-02-08 08:48:02,2024-02-08 08:51:12,2024-02-08 08:51:32,2024-02-08 09:04:26,91,85,2.65,774,16.12,0.0,0.44,1.43,0.0,0.0,2.0,10.76,N,N,N,N,N,210.0,190.0,20.0,984.0,8,Thursday,Flatlands,Brooklyn,Erasmus,Brooklyn,-73.93009732098176,40.62627204277785,-73.9516233279193,40.64611573218299,3.143,18.560000000000002,16.12,0.44,7.360000000000001,0.39655172413793105,0.650516795865633,3.300516795865633,0.29638640826873386,0.6601033591731267,0.9564897674418605,9.80351023255814,35.86650085082246,2024-02
HV0003,B03404,B03404,2024-02-17 09:24:28,2024-02-17 09:28:13,2024-02-17 09:28:41,2024-02-17 09:36:37,11,22,1.25,476,8.91,0.0,0.25,0.79,0.0,0.0,5.0,6.11,N,N,N,N,N,253.0,225.0,28.0,729.0,9,Saturday,Bath Beach,Brooklyn,Bensonhurst West,Brooklyn,-74.0074879610041,40.60427244439089,-73.99525874269187,40.6122174014384,3.143,14.16,8.91,0.25,7.8,0.5508474576271186,0.5908613445378151,1.840861344537815,0.16530934873949577,0.36817226890756305,0.5334816176470588,5.576518382352941,27.53836238198983,2024-02
HV0003,B03404,B03404,2024-02-29 17:47:40,2024-02-29 17:48:49,2024-02-29 17:50:18,2024-02-29 18:03:50,193,112,2.24,812,16.12,0.0,0.44,1.43,0.0,0.0,0.0,11.57,N,N,N,N,N,158.0,69.0,89.0,970.0,17,Thursday,Queensbridge/Ravenswood,Queens,Greenpoint,Brooklyn,-73.94199714485673,40.76031280805392,-73.94953985600077,40.72950555799535,3.143,16.560000000000002,16.12,0.44,4.550000000000001,0.2747584541062802,0.1903448275862069,2.430344827586207,0.21824496551724137,0.48606896551724144,0.7043139310344828,10.865686068965518,40.32625757554213,2024-02
HV0003,B03404,B03404,2024-02-21 18:47:17,2024-02-21 18:48:30,2024-02-21 18:49:22,2024-02-21 19:24:41,51,48,16.84,2119,42.56,0.0,1.17,3.78,2.75,0.0,0.0,42.05,N,N,N,N,N,125.0,73.0,52.0,2244.0,18,Wednesday,Co-Op City,Bronx,Clinton East,Manhattan,-73.82826341101214,40.87397187629544,-73.98984463380468,40.762252049908085,3.143,46.480000000000004,42.56,3.92,0.5100000000000051,0.010972461273666202,0.5801415762151959,17.420141576215197,1.5643287135441246,3.4840283152430396,5.048357028787164,37.00164297121283,59.36092455274786,2024-02
HV0003,B03404,B03404,2024-02-17 09:30:12,2024-02-17 09:32:35,2024-02-17 09:32:53,2024-02-17 10:05:26,182,230,12.87,1953,40.51,0.0,1.11,3.6,2.75,0.0,0.0,35.27,N,N,N,N,N,161.0,143.0,18.0,2114.0,9,Saturday,Parkchester,Bronx,Times Sq/Theatre District,Manhattan,-73.85798692430247,40.837748057064935,-73.98419629996178,40.7598170009371,3.143,44.37,40.51,3.8600000000000003,5.239999999999995,0.11809781383817884,0.9423502304147465,13.812350230414745,1.240349050691244,2.7624700460829494,4.002819096774194,31.26718090322581,53.2459088229011,2024-02
HV0003,B03404,B03404,2024-02-04 12:46:22,2024-02-04 12:47:22,2024-02-04 12:48:40,2024-02-04 13:06:53,161,87,5.38,1093,21.32,0.0,0.59,1.89,2.75,0.0,0.0,17.61,N,N,N,N,N,138.0,60.0,78.0,1231.0,12,Sunday,Midtown Center,Manhattan,Financial District North,Manhattan,-73.97769778229288,40.758027399461895,-74.0074957883342,40.70680798106304,3.143,24.66,21.32,3.34,3.710000000000001,0.1504460665044607,0.2953339432753888,5.675333943275389,0.5096449881061299,1.1350667886550778,1.6447117767612078,15.965288223238792,46.68971373164878,2024-02
HV0003,B03404,B03404,2024-02-26 16:06:33,2024-02-26 16:07:21,2024-02-26 16:08:49,2024-02-26 16:25:20,231,66,1.92,991,21.72,0.0,0.6,1.93,2.75,0.0,0.0,11.84,N,N,N,N,N,136.0,48.0,88.0,1127.0,16,Monday,TriBeCa/Civic Center,Manhattan,DUMBO/Vinegar Hill,Brooklyn,-74.00787947243188,40.717772159208046,-73.98570143908047,40.70225846444536,3.143,25.07,21.72,3.35,9.879999999999999,0.39409652971679293,0.09299697275479313,2.012996972754793,0.1807671281533804,0.4025993945509586,0.583366522704339,11.256633477295662,35.957303033065116,2024-02
HV0003,B03404,B03404,2024-02-06 15:10:27,2024-02-06 15:11:23,2024-02-06 15:12:48,2024-02-06 15:29:03,246,231,2.97,975,29.81,0.0,0.82,2.65,2.75,0.0,0.0,13.68,N,N,N,N,N,141.0,56.0,85.0,1116.0,15,Tuesday,West Chelsea/Hudson Yards,Manhattan,TriBeCa/Civic Center,Manhattan,-74.00401522931482,40.75330822391948,-74.00787947243188,40.717772159208046,3.143,33.379999999999995,29.81,3.57,16.13,0.4832234871180348,0.1705846153846154,3.1405846153846158,0.2820244984615385,0.6281169230769232,0.9101414215384618,12.769858578461537,41.1930921885856,2024-02
HV0003,B03404,B03404,2024-02-11 14:12:13,2024-02-11 14:12:39,2024-02-11 14:13:39,2024-02-11 14:22:42,142,166,2.47,543,16.34,0.0,0.45,1.45,2.75,0.0,0.0,8.35,N,N,N,N,N,86.0,26.0,60.0,629.0,14,Sunday,Lincoln Square East,Manhattan,Morningside Heights,Manhattan,-73.98153210008745,40.77363265587896,-73.96176346467264,40.809456315241775,3.143,19.54,16.34,3.2,7.99,0.40890481064483114,0.11826887661141806,2.5882688766114184,0.23242654511970537,0.5176537753222837,0.7500803204419891,7.599919679558011,43.4971555586786,2024-02
HV0003,B03404,B03404,2024-02-14 16:16:24,2024-02-14 16:18:59,2024-02-14 16:19:01,2024-02-14 16:32:14,198,157,1.48,793,10.68,0.0,0.29,0.95,0.0,0.0,0.0,9.4,N,N,N,N,N,157.0,155.0,2.0,950.0,16,Wednesday,Ridgewood,Queens,Maspeth,Queens,-73.90170912961153,40.706526169337856,-73.9023306735786,40.72399415934883,3.143,10.969999999999999,10.68,0.29,1.2799999999999994,0.1166818596171376,0.28928121059268597,1.7692812105926858,0.15888145271122317,0.35385624211853717,0.5127376948297604,8.887262305170239,33.6780466301188,2024-02
HV0003,B03404,B03404,2024-02-12 20:19:21,2024-02-12 20:20:05,2024-02-12 20:21:59,2024-02-12 20:38:23,165,61,3.5,984,18.78,0.0,0.52,1.67,0.0,0.0,0.0,14.85,N,N,N,N,N,158.0,44.0,114.0,1142.0,20,Monday,Midwood,Brooklyn,Crown Heights North,Brooklyn,-73.95682451037044,40.620923471324446,-73.93928693646026,40.67446920571126,3.143,19.3,18.78,0.52,3.9300000000000015,0.20362694300518142,0.1565040650406504,3.65650406504065,0.32835406504065034,0.7313008130081301,1.0596548780487804,13.79034512195122,43.472191277604544,2024-02
HV0003,B03404,B03404,2024-02-15 10:08:19,2024-02-15 10:10:19,2024-02-15 10:10:26,2024-02-15 10:19:10,215,130,1.91,524,13.36,0.0,0.37,1.19,0.0,0.0,0.0,7.43,N,N,N,N,N,127.0,120.0,7.0,651.0,10,Thursday,South Jamaica,Queens,Jamaica,Queens,-73.79096502686893,40.69442676074992,-73.79398135276409,40.70436829225682,3.143,13.729999999999999,13.36,0.37,5.93,0.4319009468317553,0.43740458015267175,2.3474045801526717,0.2107969312977099,0.4694809160305344,0.6802778473282443,6.7497221526717555,37.325652457170996,2024-02
HV0003,B03404,B03404,2024-02-08 21:34:03,2024-02-08 21:37:09,2024-02-08 21:37:22,2024-02-08 21:53:47,162,239,3.13,985,40.11,0.0,1.1,3.56,2.75,0.0,0.0,21.99,N,N,N,N,N,199.0,186.0,13.0,1184.0,21,Thursday,Midtown East,Manhattan,Upper West Side South,Manhattan,-73.97235591714862,40.756686941672,-73.97863166507607,40.783960878966745,3.143,43.96,40.11,3.85,18.12,0.4121929026387625,0.5910456852791878,3.7210456852791878,0.33414990253807103,0.7442091370558376,1.0783590395939087,20.91164096040609,63.58269210934284,2024-02
HV0003,B03404,B03404,2024-02-02 10:52:45,2024-02-02 10:53:59,2024-02-02 10:55:59,2024-02-02 11:03:40,254,32,1.39,461,10.97,0.0,0.3,0.97,0.0,0.0,0.0,6.52,N,N,N,N,N,194.0,74.0,120.0,655.0,10,Friday,Williamsbridge/Olinville,Bronx,Bronxdale,Bronx,-73.85894858301965,40.88215615951764,-73.86490087169818,40.86400152279616,3.143,11.270000000000001,10.97,0.3,4.450000000000001,0.39485359361135763,0.2231236442516269,1.6131236442516268,0.14485850325379607,0.3226247288503254,0.46748323210412146,6.052516767895878,33.26574101438956,2024-02
HV0003,B03404,B03404,2024-02-21 11:54:15,2024-02-21 11:58:15,2024-02-21 11:58:26,2024-02-21 12:12:55,23,251,2.47,869,17.4,0.0,0.48,1.54,0.0,0.0,0.0,11.74,N,N,N,N,N,251.0,240.0,11.0,1120.0,11,Wednesday,Bloomfield/Emerson Hill,Staten Island,Westerleigh,Staten Island,-74.17088529675294,40.60644812566737,-74.12534794779842,40.6168800251216,3.143,17.88,17.4,0.48,5.659999999999998,0.3165548098434004,0.6821634062140391,3.152163406214039,0.2830642738780207,0.6304326812428078,0.9134969551208285,10.826503044879171,34.79947407282591,2024-02
HV0003,B03404,B03404,2024-02-28 07:56:52,2024-02-28 08:02:40,2024-02-28 08:03:39,2024-02-28 08:29:28,181,80,5.56,1549,33.77,0.0,0.93,3.0,0.0,0.0,0.0,22.87,Y,N,N,N,N,407.0,348.0,59.0,1956.0,8,Wednesday,Park Slope,Brooklyn,East Williamsburg,Brooklyn,-73.98141426627474,40.67037356101699,-73.93679348509205,40.71536904490185,3.143,34.7,33.77,0.93,10.900000000000002,0.31412103746397696,1.2491155584247902,6.809115558424789,0.6114585771465461,1.361823111684958,1.973281688831504,20.8967183111685,38.46021775061687,2024-02
HV0003,B03404,B03404,2024-02-05 03:56:00,2024-02-05 04:01:21,2024-02-05 04:03:21,2024-02-05 04:20:47,235,126,6.19,1046,24.29,0.0,0.67,2.16,0.0,0.0,0.0,17.96,N,N,N,N,N,441.0,321.0,120.0,1487.0,4,Monday,University Heights/Morris Heights,Bronx,Hunts Point,Bronx,-73.91597563385105,40.85252046623772,-73.88553690148994,40.81207355275024,3.143,24.96,24.29,0.67,6.329999999999998,0.25360576923076916,1.8996080305927343,8.089608030592736,0.7264468011472276,1.6179216061185473,2.344368407265775,15.615631592734225,37.805160547305455,2024-02
HV0003,B03404,B03404,2024-02-03 07:54:11,2024-02-03 07:54:40,2024-02-03 07:55:55,2024-02-03 08:03:35,169,18,1.05,460,8.2,0.0,0.23,0.73,0.0,0.0,0.0,5.71,N,N,N,N,N,104.0,29.0,75.0,564.0,7,Saturday,Mount Hope,Bronx,Bedford Park,Bronx,-73.90512230176171,40.849057751559215,-73.890183667512,40.86768169710327,3.143,8.43,8.2,0.23,2.4899999999999993,0.295373665480427,0.06619565217391304,1.1161956521739131,0.10023436956521739,0.22323913043478263,0.3234735,5.3865264999999996,34.38208404255319,2024-02
HV0003,B03404,B03404,2024-02-10 22:06:10,2024-02-10 22:10:19,2024-02-10 22:10:36,2024-02-10 22:24:32,116,143,5.49,836,21.63,0.0,0.59,1.92,2.75,0.0,4.03,24.45,N,N,N,N,N,266.0,249.0,17.0,1102.0,22,Saturday,Hamilton Heights,Manhattan,Lincoln Square West,Manhattan,-73.94852161825773,40.82701211556071,-73.9876454292326,40.775964624542496,3.143,29.0,21.63,3.34,1.2100000000000009,0.041724137931034515,1.635179425837321,7.125179425837321,0.6398411124401914,1.4250358851674643,2.0648769976076555,22.385123002392344,73.12744356498406,2024-02
HV0003,B03404,B03404,2024-02-29 05:47:31,2024-02-29 05:50:44,2024-02-29 05:52:04,2024-02-29 06:04:29,129,145,3.76,745,17.87,0.0,0.49,1.59,0.0,0.0,0.0,11.94,N,N,N,N,N,273.0,193.0,80.0,1018.0,5,Thursday,Jackson Heights,Queens,Long Island City/Hunters Point,Queens,-73.88531716686686,40.7573109858269,-73.94889136420674,40.74537869757109,3.143,18.36,17.87,0.49,5.9300000000000015,0.3229847494553378,0.9740671140939597,4.73406711409396,0.4251192268456376,0.946813422818792,1.3719326496644295,10.56806735033557,37.3723403351749,2024-02
HV0003,B03404,B03404,2024-02-01 15:46:48,2024-02-01 15:52:28,2024-02-01 15:53:01,2024-02-01 16:04:25,186,114,1.87,684,17.23,0.0,0.47,1.53,2.75,0.0,4.39,8.89,N,N,N,N,N,373.0,340.0,33.0,1057.0,15,Thursday,Penn Station/Madison Sq West,Manhattan,Greenwich Village South,Manhattan,-73.99243728054387,40.7484965983886,-73.99737994674842,40.72833985411046,3.143,24.84,17.23,3.2199999999999998,12.73,0.5124798711755234,0.9295321637426901,2.79953216374269,0.25139798830409354,0.559906432748538,0.8113044210526316,8.07869557894737,27.514951829905897,2024-02
HV0003,B03404,B03404,2024-02-07 13:13:16,2024-02-07 13:17:24,2024-02-07 13:17:40,2024-02-07 13:54:57,87,246,4.18,2237,35.14,0.0,0.97,3.12,2.75,0.0,0.0,35.66,N,N,N,N,N,264.0,248.0,16.0,2501.0,13,Wednesday,Financial District North,Manhattan,West Chelsea/Hudson Yards,Manhattan,-74.0074957883342,40.70680798106304,-74.00401522931482,40.75330822391948,3.143,38.86,35.14,3.7199999999999998,-0.519999999999996,-0.013381369016983943,0.46340634778721496,4.643406347787215,0.4169778900312919,0.928681269557443,1.3456591595887348,34.31434084041126,49.392893652731125,2024-02
HV0003,B03404,B03404,2024-02-17 01:44:11,2024-02-17 01:44:54,2024-02-17 01:46:21,2024-02-17 02:01:35,116,127,5.13,914,22.33,0.0,0.61,1.98,0.0,0.0,0.0,15.33,N,N,N,N,N,130.0,43.0,87.0,1044.0,1,Saturday,Hamilton Heights,Manhattan,Inwood,Manhattan,-73.94852161825773,40.82701211556071,-73.91930824408637,40.86607442573871,3.143,22.939999999999998,22.33,0.61,6.999999999999998,0.30514385353095025,0.24134573304157547,5.371345733041576,0.48234684682713347,1.0742691466083152,1.5566159934354487,13.773384006564552,47.49442760884328,2024-02
HV0003,B03404,B03404,2024-02-03 17:08:17,2024-02-03 17:09:12,2024-02-03 17:10:42,2024-02-03 17:40:31,186,148,3.48,1789,46.5,0.0,1.28,4.13,2.75,0.0,0.0,31.16,N,N,N,N,N,145.0,55.0,90.0,1934.0,17,Saturday,Penn Station/Madison Sq West,Manhattan,Lower East Side,Manhattan,-73.99243728054387,40.7484965983886,-73.99089618330311,40.71893779448139,3.143,50.53,46.5,4.03,15.34,0.3035820304769444,0.10698714365567355,3.5869871436556737,0.3221114455002795,0.7173974287311348,1.0395088742314142,30.120491125768584,56.06709826926934,2024-02
HV0003,B03404,B03404,2024-02-29 19:16:08,2024-02-29 19:18:51,2024-02-29 19:19:06,2024-02-29 19:51:43,163,169,8.98,1957,34.38,0.0,0.95,3.05,2.75,0.0,0.0,30.2,N,N,N,N,N,178.0,163.0,15.0,2135.0,19,Thursday,Midtown North,Manhattan,Mount Hope,Bronx,-73.97756832086549,40.764420870266285,-73.90512230176171,40.849057751559215,3.143,38.080000000000005,34.38,3.7,4.180000000000003,0.10976890756302528,0.7479509453244763,9.727950945324476,0.8735699948901379,1.9455901890648954,2.8191601839550335,27.380839816044965,46.16909758208987,2024-02
HV0003,B03404,B03404,2024-02-03 19:28:25,2024-02-03 19:39:52,2024-02-03 19:40:06,2024-02-03 20:03:52,41,162,3.91,1426,27.05,0.0,0.74,2.4,2.75,0.0,0.0,18.55,N,N,N,N,N,701.0,687.0,14.0,2127.0,19,Saturday,Central Harlem,Manhattan,Midtown East,Manhattan,-73.95129182852196,40.804333323455445,-73.97235591714862,40.756686941672,3.143,30.54,27.05,3.49,8.5,0.2783235101506221,1.883709677419355,5.793709677419355,0.520275129032258,1.158741935483871,1.679017064516129,16.870982935483873,28.554555038900773,2024-02
HV0003,B03404,B03404,2024-02-26 12:57:01,2024-02-26 13:02:42,2024-02-26 13:03:36,2024-02-26 13:15:26,42,41,1.21,710,13.6,0.0,0.37,1.21,0.0,0.0,0.0,8.51,N,N,N,N,N,395.0,341.0,54.0,1105.0,13,Monday,Central Harlem North,Manhattan,Central Harlem,Manhattan,-73.9407718835631,40.81825672430646,-73.95129182852196,40.804333323455445,3.143,13.969999999999999,13.6,0.37,5.09,0.36435218324982105,0.5811408450704225,1.7911408450704225,0.16084444788732394,0.3582281690140845,0.5190726169014084,7.990927383098591,26.033790569370975,2024-02
HV0003,B03404,B03404,2024-02-12 14:34:58,2024-02-12 14:36:08,2024-02-12 14:36:49,2024-02-12 14:51:00,143,239,0.88,851,18.06,0.0,0.5,1.6,2.75,0.0,3.43,9.16,N,N,N,N,N,111.0,70.0,41.0,962.0,14,Monday,Lincoln Square West,Manhattan,Upper West Side South,Manhattan,-73.9876454292326,40.775964624542496,-73.97863166507607,40.783960878966745,3.143,24.74,18.06,3.25,12.329999999999998,0.4983831851253031,0.07238542890716804,0.952385428907168,0.08552421151586369,0.19047708578143363,0.27600129729729733,8.883998702702703,33.245733190987245,2024-02
HV0003,B03404,B03404,2024-02-17 13:59:43,2024-02-17 14:00:46,2024-02-17 14:01:39,2024-02-17 14:12:21,163,230,0.75,642,10.11,0.0,0.28,0.9,2.75,0.0,3.0,7.17,N,N,N,N,N,116.0,63.0,53.0,758.0,14,Saturday,Midtown North,Manhattan,Times Sq/Theatre District,Manhattan,-73.97756832086549,40.764420870266285,-73.98419629996178,40.7598170009371,3.143,16.14,10.11,3.0300000000000002,5.9399999999999995,0.36802973977695164,0.07359813084112149,0.8235981308411215,0.07395911214953271,0.16471962616822433,0.23867873831775704,6.931321261682243,32.919203881340465,2024-02
HV0003,B03404,B03404,2024-02-11 13:29:23,2024-02-11 13:30:12,2024-02-11 13:30:56,2024-02-11 13:40:07,153,127,1.35,551,9.83,0.0,0.27,0.87,0.0,0.0,2.0,6.95,N,N,N,N,N,93.0,49.0,44.0,644.0,13,Sunday,Marble Hill,Manhattan,Inwood,Manhattan,-73.91037847684808,40.87596732674075,-73.91930824408637,40.86607442573871,3.143,12.1,9.83,0.27,4.88,0.4033057851239669,0.12005444646098005,1.4700544464609802,0.132010889292196,0.29401088929219604,0.42602177858439205,6.523978221415608,36.46944347375185,2024-02
HV0003,B03404,B03404,2024-02-10 16:54:56,2024-02-10 16:58:24,2024-02-10 16:59:03,2024-02-10 17:08:26,85,71,1.55,563,12.48,0.0,0.34,1.11,0.0,0.0,0.0,11.69,N,N,N,N,N,247.0,208.0,39.0,810.0,16,Saturday,Erasmus,Brooklyn,East Flatbush/Farragut,Brooklyn,-73.9516233279193,40.64611573218299,-73.93796628102253,40.64428722355921,3.143,12.82,12.48,0.34,0.7900000000000009,0.06162246489859601,0.5726465364120782,2.1226465364120783,0.19061365896980462,0.42452930728241567,0.6151429662522203,11.07485703374778,49.221586816656796,2024-02
HV0003,B03404,B03404,2024-02-06 21:52:15,2024-02-06 21:52:57,2024-02-06 21:55:37,2024-02-06 22:09:39,161,186,1.21,842,24.95,0.0,0.69,2.21,2.75,0.0,3.06,16.55,N,N,N,N,N,202.0,42.0,160.0,1044.0,21,Tuesday,Midtown Center,Manhattan,Penn Station/Madison Sq West,Manhattan,-73.97769778229288,40.758027399461895,-73.99243728054387,40.7484965983886,3.143,31.45,24.95,3.44,11.459999999999997,0.3643879173290937,0.0603562945368171,1.270356294536817,0.11407799524940615,0.25407125890736343,0.3681492541567696,16.18185074584323,55.79948533049391,2024-02
HV0003,B03404,B03404,2024-02-15 18:52:36,2024-02-15 18:55:32,2024-02-15 18:55:34,2024-02-15 19:05:33,62,61,0.92,599,9.79,0.0,0.27,0.87,0.0,0.0,0.0,6.84,N,N,N,N,N,178.0,176.0,2.0,777.0,18,Thursday,Crown Heights South,Brooklyn,Crown Heights North,Brooklyn,-73.94878831329727,40.66654019759787,-73.93928693646026,40.67446920571126,3.143,10.059999999999999,9.79,0.27,2.9499999999999993,0.29324055666003973,0.27031719532554255,1.1903171953255427,0.10689048414023372,0.23806343906510855,0.34495392320534224,6.495046076794658,30.092877575882586,2024-02
HV0003,B03404,B03404,2024-02-23 12:53:31,2024-02-23 12:55:21,2024-02-23 12:55:55,2024-02-23 13:21:22,76,91,8.37,1527,26.39,0.0,0.73,2.34,0.0,0.0,0.0,25.35,N,N,N,N,N,144.0,110.0,34.0,1671.0,12,Friday,East New York,Brooklyn,Flatlands,Brooklyn,-73.87682032859912,40.66093356035302,-73.93009732098176,40.62627204277785,3.143,27.12,26.39,0.73,1.0399999999999991,0.03834808259587017,0.6029469548133595,8.97294695481336,0.8057706365422397,1.794589390962672,2.6003600275049115,22.74963997249509,49.01179168221563,2024-02
HV0003,B03404,B03404,2024-02-10 18:41:24,2024-02-10 18:43:15,2024-02-10 18:45:04,2024-02-10 18:50:18,125,231,0.72,314,10.06,0.0,0.28,0.89,2.75,0.0,0.0,12.82,N,N,N,N,N,220.0,111.0,109.0,534.0,18,Saturday,Hudson Sq,Manhattan,TriBeCa/Civic Center,Manhattan,-74.00748558750799,40.72628992015588,-74.00787947243188,40.717772159208046,3.143,13.09,10.06,3.0300000000000002,-2.76,-0.2108479755538579,0.25452229299363055,0.9745222929936306,0.08751210191082802,0.19490445859872613,0.28241656050955416,12.537583439490446,84.52303442353109,2024-02
HV0003,B03404,B03404,2024-02-11 02:31:57,2024-02-11 02:37:26,2024-02-11 02:37:39,2024-02-11 02:50:58,112,260,2.98,799,13.41,0.0,0.37,1.19,0.0,0.0,0.0,22.25,N,N,N,N,N,342.0,329.0,13.0,1141.0,2,Sunday,Greenpoint,Brooklyn,Woodside,Queens,-73.94953985600077,40.72950555799535,-73.90630705433507,40.74423288564698,3.143,13.78,13.41,0.37,-8.84,-0.6415094339622641,1.2270588235294118,4.207058823529412,0.37779388235294115,0.8414117647058824,1.2192056470588235,21.030794352941175,66.35482880857865,2024-02
HV0003,B03404,B03404,2024-02-17 15:17:19,2024-02-17 15:20:18,2024-02-17 15:22:09,2024-02-17 15:28:30,212,248,0.79,381,8.88,0.0,0.24,0.79,0.0,0.0,0.0,5.39,N,N,N,N,N,290.0,179.0,111.0,671.0,15,Saturday,Soundview/Bruckner,Bronx,West Farms/Bronx River,Bronx,-73.86967995832318,40.82790176764516,-73.87228952703794,40.83416474537906,3.143,9.120000000000001,8.88,0.24,3.490000000000001,0.3826754385964913,0.3711548556430446,1.1611548556430447,0.1042717060367454,0.23223097112860894,0.3365026771653543,5.053497322834645,27.112653296877383,2024-02
HV0003,B03404,B03404,2024-02-23 18:28:43,2024-02-23 18:32:26,2024-02-23 18:34:27,2024-02-23 18:51:01,85,72,2.29,994,16.8,0.0,0.46,1.49,0.0,0.0,0.0,12.35,N,N,N,N,N,344.0,223.0,121.0,1338.0,18,Friday,Erasmus,Brooklyn,East Flatbush/Remsen Village,Brooklyn,-73.9516233279193,40.64611573218299,-73.92225109435532,40.65236395430748,3.143,17.26,16.8,0.46,4.450000000000001,0.2578215527230591,0.5137525150905433,2.8037525150905434,0.25177697585513076,0.5607505030181087,0.8125274788732395,11.53747252112676,31.042526962672902,2024-02
HV0003,B03404,B03404,2024-02-29 08:22:14,2024-02-29 08:28:27,2024-02-29 08:28:47,2024-02-29 08:37:01,102,36,1.28,494,8.94,0.0,0.25,0.79,0.0,0.0,0.0,6.32,N,N,N,N,N,393.0,373.0,20.0,887.0,8,Thursday,Glendale,Queens,Bushwick North,Brooklyn,-73.87573709634573,40.70354544399082,-73.9177095234613,40.700521468719735,3.143,9.19,8.94,0.25,2.619999999999999,0.2850924918389553,0.9664777327935222,2.2464777327935224,0.2017337004048583,0.4492955465587045,0.6510292469635628,5.6689707530364375,23.00822402585251,2024-02
HV0003,B03404,B03404,2024-02-16 19:45:49,2024-02-16 19:51:24,2024-02-16 19:51:58,2024-02-16 20:19:06,116,241,4.67,1628,22.36,0.0,0.61,1.98,0.0,0.0,0.0,21.44,N,N,N,N,N,369.0,335.0,34.0,1997.0,19,Friday,Hamilton Heights,Manhattan,Van Cortlandt Village,Bronx,-73.94852161825773,40.82701211556071,-73.89562004253389,40.87651165473252,3.143,22.97,22.36,0.61,0.9199999999999982,0.04005224205485408,0.9609643734643735,5.630964373464374,0.5056606007371007,1.1261928746928749,1.6318534754299756,19.808146524570027,35.70822608335108,2024-02
HV0003,B03404,B03404,2024-02-20 13:13:01,2024-02-20 13:15:44,2024-02-20 13:18:02,2024-02-20 13:31:40,26,165,1.94,818,16.08,0.0,0.44,1.43,0.0,0.0,3.0,11.24,N,N,N,N,N,301.0,163.0,138.0,1119.0,13,Tuesday,Borough Park,Brooklyn,Midwood,Brooklyn,-73.9886606263467,40.63094893241426,-73.95682451037044,40.620923471324446,3.143,19.52,16.08,0.44,7.839999999999998,0.401639344262295,0.38657701711491443,2.3265770171149143,0.20892661613691932,0.4653154034229829,0.6742420195599022,10.565757980440099,33.99171468238101,2024-02
HV0003,B03404,B03404,2024-02-16 00:06:45,2024-02-16 00:08:40,2024-02-16 00:10:12,2024-02-16 00:17:19,17,17,1.13,427,8.91,0.0,0.25,0.79,0.0,0.0,0.0,5.5,N,N,N,N,N,207.0,115.0,92.0,634.0,0,Friday,Bedford,Brooklyn,Bedford,Brooklyn,-73.94990474718477,40.69150649558427,-73.94990474718477,40.69150649558427,3.143,9.16,8.91,0.25,3.41,0.3722707423580786,0.3043325526932084,1.4343325526932083,0.1288030632318501,0.28686651053864165,0.41566957377049174,5.084330426229508,28.870015038527175,2024-02
HV0003,B03404,B03404,2024-02-07 18:25:03,2024-02-07 18:27:41,2024-02-07 18:28:14,2024-02-07 18:37:16,113,79,1.0,542,22.51,0.0,0.62,2.0,2.75,0.0,0.0,12.97,N,N,N,N,N,191.0,158.0,33.0,733.0,18,Wednesday,Greenwich Village North,Manhattan,East Village,Manhattan,-73.99430449266352,40.73257849687629,-73.98593725800136,40.72761958691338,3.143,25.880000000000003,22.51,3.37,9.540000000000001,0.3686244204018547,0.2915129151291513,1.2915129151291513,0.11597785977859777,0.25830258302583026,0.374280442804428,12.595719557195572,61.86165130409831,2024-02
HV0003,B03404,B03404,2024-02-10 11:54:13,2024-02-10 11:56:22,2024-02-10 11:56:44,2024-02-10 12:09:07,107,161,1.51,743,11.85,0.0,0.33,1.05,2.75,0.0,1.0,8.96,N,N,N,N,N,151.0,129.0,22.0,894.0,11,Saturday,Gramercy,Manhattan,Midtown Center,Manhattan,-73.98405192785955,40.73682342425488,-73.97769778229288,40.758027399461895,3.143,15.93,11.85,3.08,3.889999999999999,0.24419334588826108,0.26216689098250334,1.7721668909825032,0.15914058681022877,0.35443337819650067,0.5135739650067295,8.446426034993271,34.01245383218767,2024-02
HV0003,B03404,B03404,2024-02-14 18:36:45,2024-02-14 18:39:51,2024-02-14 18:39:57,2024-02-14 19:07:25,164,232,3.17,1648,47.83,0.0,1.32,4.24,2.75,0.0,0.0,31.79,N,N,N,N,N,192.0,186.0,6.0,1840.0,18,Wednesday,Midtown South,Manhattan,Two Bridges/Seward Park,Manhattan,-73.98515619423324,40.74857395489648,-73.98302452983464,40.71473195717586,3.143,51.9,47.83,4.07,16.04,0.3090558766859345,0.35777912621359226,3.5277791262135922,0.31679456553398055,0.7055558252427185,1.022350390776699,30.7676496092233,60.19757532239342,2024-02
HV0003,B03404,B03404,2024-02-02 16:24:58,2024-02-02 16:27:28,2024-02-02 16:29:25,2024-02-02 16:40:42,213,185,3.41,677,11.62,0.0,0.32,1.03,0.0,0.0,0.0,10.84,N,N,N,N,N,267.0,150.0,117.0,944.0,16,Friday,Soundview/Castle Hill,Bronx,Pelham Parkway,Bronx,-73.85813492907864,40.81785812742239,-73.85439388215148,40.85440439427695,3.143,11.94,11.62,0.32,0.7799999999999994,0.0653266331658291,0.7555391432791729,4.165539143279173,0.37406541506646973,0.8331078286558347,1.2071732437223044,9.632826756277696,36.73535627394036,2024-02
HV0003,B03404,B03404,2024-02-18 14:59:41,2024-02-18 15:04:37,2024-02-18 15:05:16,2024-02-18 15:21:37,244,246,6.6,981,21.64,0.0,0.6,1.92,2.75,0.0,0.0,17.89,N,N,N,N,N,335.0,296.0,39.0,1316.0,15,Sunday,Washington Heights South,Manhattan,West Chelsea/Hudson Yards,Manhattan,-73.9413990935137,40.84170795917971,-74.00401522931482,40.75330822391948,3.143,24.990000000000002,21.64,3.35,3.75,0.15006002400960383,1.9914373088685013,8.591437308868501,0.7715110703363913,1.7182874617737003,2.4897985321100915,15.400201467889909,42.1282107024344,2024-02
HV0003,B03404,B03404,2024-02-14 12:43:56,2024-02-14 12:46:29,2024-02-14 12:48:30,2024-02-14 12:56:44,23,251,1.55,494,11.57,0.0,0.32,1.03,0.0,0.0,1.0,6.69,N,N,N,N,N,274.0,153.0,121.0,768.0,12,Wednesday,Bloomfield/Emerson Hill,Staten Island,Westerleigh,Staten Island,-74.17088529675294,40.60644812566737,-74.12534794779842,40.6168800251216,3.143,12.89,11.57,0.32,5.88,0.45616757176105505,0.48006072874493927,2.0300607287449393,0.18229945344129553,0.40601214574898786,0.5883115991902834,6.101688400809717,28.601664378795547,2024-02
HV0003,B03404,B03404,2024-02-04 19:50:20,2024-02-04 19:51:40,2024-02-04 19:53:41,2024-02-04 20:06:30,38,203,3.65,769,13.11,0.0,0.36,1.16,0.0,0.0,0.0,12.03,N,N,N,N,N,201.0,80.0,121.0,970.0,19,Sunday,Cambria Heights,Queens,Rosedale,Queens,-73.73555440389367,40.69434042166916,-73.73947426605032,40.65785159348383,3.143,13.469999999999999,13.11,0.36,1.08,0.0801781737193764,0.37971391417425226,4.029713914174252,0.36186830949284776,0.8059427828348504,1.1678110923276983,10.862188907672301,40.3132784202271,2024-02
HV0003,B03404,B03404,2024-02-04 07:00:09,2024-02-04 07:02:38,2024-02-04 07:03:23,2024-02-04 07:08:02,39,39,1.39,279,8.89,0.0,0.24,0.79,0.0,0.0,0.0,5.39,N,N,N,N,N,194.0,149.0,45.0,473.0,7,Sunday,Canarsie,Brooklyn,Canarsie,Brooklyn,-73.89973483047997,40.63803639656562,-73.89973483047997,40.63803639656562,3.143,9.13,8.89,0.24,3.500000000000001,0.38335158817086534,0.7423297491039427,2.132329749103943,0.19148321146953406,0.42646594982078856,0.6179491612903226,4.772050838709677,36.32004866671213,2024-02
HV0003,B03404,B03404,2024-02-02 15:08:46,2024-02-02 15:11:36,2024-02-02 15:13:14,2024-02-02 15:26:54,254,185,2.02,820,12.11,0.0,0.33,1.07,0.0,0.0,0.0,10.36,N,N,N,N,N,268.0,170.0,98.0,1088.0,15,Friday,Williamsbridge/Olinville,Bronx,Pelham Parkway,Bronx,-73.85894858301965,40.88215615951764,-73.85439388215148,40.85440439427695,3.143,12.44,12.11,0.33,1.75,0.14067524115755628,0.41878048780487803,2.438780487804878,0.21900248780487805,0.48775609756097565,0.7067585853658537,9.653241414634145,31.940872327833567,2024-02
HV0003,B03404,B03404,2024-02-15 16:09:47,2024-02-15 16:11:38,2024-02-15 16:11:38,2024-02-15 16:30:32,225,61,1.78,1134,15.14,0.0,0.42,1.34,0.0,0.0,0.0,13.0,N,N,N,N,N,111.0,111.0,0.0,1245.0,16,Thursday,Stuyvesant Heights,Brooklyn,Crown Heights North,Brooklyn,-73.93188774325893,40.68816752944304,-73.93928693646026,40.67446920571126,3.143,15.56,15.14,0.42,2.1400000000000006,0.13753213367609257,0.17423280423280424,1.9542328042328043,0.1754901058201058,0.3908465608465609,0.5663366666666667,12.433663333333334,35.95276144578313,2024-02
HV0003,B03404,B03404,2024-02-19 13:20:54,2024-02-19 13:21:57,2024-02-19 13:22:13,2024-02-19 13:47:47,234,189,5.43,1534,25.56,0.0,0.7,2.27,2.75,0.0,0.0,21.56,N,N,N,N,N,79.0,63.0,16.0,1613.0,13,Monday,Union Sq,Manhattan,Prospect Heights,Brooklyn,-73.99045767416112,40.74033681887629,-73.96758660822772,40.67763488015176,3.143,29.009999999999998,25.56,3.45,4.0,0.13788348845225784,0.22300521512385918,5.653005215123859,0.5076398683181225,1.1306010430247717,1.6382409113428942,19.921759088657105,44.46269852397122,2024-02
HV0003,B03404,B03404,2024-02-07 16:54:04,2024-02-07 16:57:37,2024-02-07 16:58:01,2024-02-07 17:52:32,50,142,3.8,3271,14.64,0.0,0.4,1.3,0.75,0.0,0.0,42.88,Y,N,N,N,N,237.0,213.0,24.0,3508.0,16,Wednesday,Clinton West,Manhattan,Lincoln Square East,Manhattan,-73.99513507723576,40.76623709408489,-73.98153210008745,40.77363265587896,3.143,15.790000000000001,14.64,1.15,-28.240000000000002,-1.7884737175427485,0.24744726383369,4.04744726383369,0.3634607642922653,0.809489452766738,1.1729502170590034,41.707049782941,42.80084926413557,2024-02
HV0003,B03404,B03404,2024-02-03 23:25:14,2024-02-03 23:33:26,2024-02-03 23:33:37,2024-02-03 23:53:24,66,170,5.87,1187,23.45,0.0,0.64,2.08,2.75,0.0,0.0,22.37,N,N,N,N,N,503.0,492.0,11.0,1690.0,23,Saturday,DUMBO/Vinegar Hill,Brooklyn,Murray Hill,Manhattan,-73.98570143908047,40.70225846444536,-73.97849134130094,40.74774513853527,3.143,26.84,23.45,3.39,1.0799999999999983,0.04023845007451558,2.4330581297388374,8.303058129738837,0.7456146200505475,1.6606116259477675,2.406226245998315,19.963773754001686,42.52638196118702,2024-02
HV0003,B03404,B03404,2024-02-13 11:47:48,2024-02-13 11:52:29,2024-02-13 11:53:14,2024-02-13 12:08:51,247,18,4.5,937,18.76,0.0,0.52,1.66,0.0,0.0,0.0,14.72,N,N,N,N,N,326.0,281.0,45.0,1263.0,11,Tuesday,West Concourse,Bronx,Bedford Park,Bronx,-73.92440974289835,40.82898691319468,-73.890183667512,40.86768169710327,3.143,19.28,18.76,0.52,4.040000000000001,0.20954356846473032,1.349519743863394,5.849519743863394,0.5252868729989327,1.1699039487726788,1.6951908217716114,13.02480917822839,37.1253468263042,2024-02
HV0003,B03404,B03404,2024-02-09 18:40:21,2024-02-09 18:40:39,2024-02-09 18:41:00,2024-02-09 18:59:49,255,49,2.95,1129,17.15,0.0,0.5,1.62,0.0,0.0,0.0,14.49,N,N,N,N,N,39.0,18.0,21.0,1168.0,18,Friday,Williamsburg (North Side),Brooklyn,Clinton Hill,Brooklyn,-73.95741799903575,40.71880332024791,-73.96236330714036,40.68796671165343,3.143,17.65,17.15,0.5,2.6599999999999984,0.15070821529745035,0.047032772364924716,2.997032772364925,0.2691335429583702,0.599406554472985,0.8685400974313552,13.621459902568645,41.9839517544924,2024-02
HV0003,B03404,B03404,2024-02-25 02:32:32,2024-02-25 02:43:30,2024-02-25 02:43:44,2024-02-25 02:57:54,79,146,5.21,850,18.82,0.0,0.52,1.67,2.75,0.0,0.0,14.84,N,N,N,N,N,672.0,658.0,14.0,1522.0,2,Sunday,East Village,Manhattan,Long Island City/Queens Plaza,Queens,-73.98593725800136,40.72761958691338,-73.93482872612303,40.754241860637634,3.143,22.09,18.82,3.27,3.9800000000000004,0.1801720235400634,4.03315294117647,9.24315294117647,0.8300351341176471,1.8486305882352942,2.6786657223529415,12.161334277647057,28.76531103779856,2024-02
HV0003,B03404,B03404,2024-02-16 00:22:49,2024-02-16 00:24:20,2024-02-16 00:25:23,2024-02-16 00:51:30,198,87,7.39,1567,29.01,0.0,0.8,2.57,2.75,0.0,0.0,26.23,N,N,N,N,N,154.0,91.0,63.0,1721.0,0,Friday,Ridgewood,Queens,Financial District North,Manhattan,-73.90170912961153,40.706526169337856,-74.0074957883342,40.70680798106304,3.143,32.56,29.01,3.55,2.780000000000001,0.08538083538083541,0.4291576260370134,7.819157626037013,0.7021603548181237,1.5638315252074027,2.2659918800255263,23.964008119974473,50.12808206386293,2024-02
HV0003,B03404,B03404,2024-02-01 10:18:32,2024-02-01 10:19:29,2024-02-01 10:19:48,2024-02-01 10:33:37,211,113,1.48,829,13.59,0.0,0.37,1.21,2.75,0.0,0.0,9.73,N,N,N,N,N,76.0,57.0,19.0,905.0,10,Thursday,SoHo,Manhattan,Greenwich Village North,Manhattan,-74.00153738622468,40.72388757677251,-73.99430449266352,40.73257849687629,3.143,16.71,13.59,3.12,3.8599999999999994,0.23099940155595447,0.10176115802171291,1.5817611580217128,0.1420421519903498,0.31635223160434256,0.45839438359469237,9.271605616405308,36.88152510393272,2024-02
HV0003,B03404,B03404,2024-02-09 18:02:09,2024-02-09 18:04:42,2024-02-09 18:06:45,2024-02-09 18:28:19,188,97,3.66,1294,21.48,0.0,0.59,1.91,0.0,0.0,0.0,16.98,N,N,N,N,N,276.0,153.0,123.0,1570.0,18,Friday,Prospect-Lefferts Gardens,Brooklyn,Fort Greene,Brooklyn,-73.94744189565975,40.65874424163321,-73.97488192727519,40.69078610719341,3.143,22.07,21.48,0.59,4.5,0.20389669234254645,0.4327511591962906,4.092751159196291,0.36752905409582687,0.8185502318392581,1.186079285935085,15.793920714064916,36.21535959912974,2024-02
HV0003,B03404,B03404,2024-02-06 16:57:34,2024-02-06 17:00:20,2024-02-06 17:02:22,2024-02-06 17:22:11,61,37,2.3,1189,20.19,0.0,0.56,1.79,0.0,0.0,0.0,14.2,N,N,N,N,N,288.0,166.0,122.0,1477.0,17,Tuesday,Crown Heights North,Brooklyn,Bushwick South,Brooklyn,-73.93928693646026,40.67446920571126,-73.9222368522579,40.694993402702586,3.143,20.75,20.19,0.56,5.990000000000002,0.2886746987951808,0.32111017661900754,2.6211101766190072,0.23537569386038681,0.5242220353238015,0.7595977291841883,13.440402270815811,32.75927432290922,2024-02
HV0003,B03404,B03404,2024-02-18 16:33:51,2024-02-18 16:37:52,2024-02-18 16:38:06,2024-02-18 16:46:33,69,235,1.36,507,10.7,0.0,0.29,0.95,0.0,0.0,0.0,6.56,N,N,N,N,N,255.0,241.0,14.0,762.0,16,Sunday,East Concourse/Concourse Village,Bronx,University Heights/Morris Heights,Bronx,-73.9150298985607,40.83141570129418,-73.91597563385105,40.85252046623772,3.143,10.989999999999998,10.7,0.29,4.14,0.3767060964513194,0.6464694280078895,2.0064694280078896,0.18018095463510847,0.40129388560157797,0.5814748402366865,5.978525159763313,28.245000754787306,2024-02
HV0003,B03404,B03404,2024-02-20 03:07:51,2024-02-20 03:12:11,2024-02-20 03:12:55,2024-02-20 03:36:02,256,36,4.25,1387,18.78,0.0,0.52,1.67,0.0,0.0,4.19,18.62,N,N,N,N,N,304.0,260.0,44.0,1691.0,3,Tuesday,Williamsburg (South Side),Brooklyn,Bushwick North,Brooklyn,-73.95990445316505,40.71087946812129,-73.9177095234613,40.700521468719735,3.143,23.490000000000002,18.78,0.52,4.350000000000001,0.18518518518518523,0.7966834895457822,5.046683489545782,0.45319217736121126,1.0093366979091565,1.4625288752703678,17.157471124729632,36.526845682452205,2024-02
HV0003,B03404,B03404,2024-02-15 17:36:23,2024-02-15 17:39:22,2024-02-15 17:40:06,2024-02-15 17:56:33,255,37,2.69,987,16.47,0.0,0.45,1.46,0.0,0.0,0.0,12.81,N,N,N,N,N,223.0,179.0,44.0,1210.0,17,Thursday,Williamsburg (North Side),Brooklyn,Bushwick South,Brooklyn,-73.95741799903575,40.71880332024791,-73.9222368522579,40.694993402702586,3.143,16.919999999999998,16.47,0.45,3.6599999999999984,0.21631205673758858,0.48785207700101313,3.1778520770010132,0.28537111651469094,0.6355704154002026,0.9209415319148936,11.889058468085107,35.37240535959205,2024-02
HV0003,B03404,B03404,2024-02-13 12:07:21,2024-02-13 12:09:48,2024-02-13 12:10:04,2024-02-13 12:37:31,181,246,6.18,1647,38.72,0.0,1.06,3.44,2.75,0.0,0.0,23.6,N,N,N,N,N,163.0,147.0,16.0,1810.0,12,Tuesday,Park Slope,Brooklyn,West Chelsea/Hudson Yards,Manhattan,-73.98141426627474,40.67037356101699,-74.00401522931482,40.75330822391948,3.143,42.53,38.72,3.81,15.119999999999997,0.35551375499647303,0.5515846994535518,6.731584699453552,0.6044963060109289,1.3463169398907104,1.9508132459016392,21.649186754098363,43.05915597500227,2024-02
HV0003,B03404,B03404,2024-02-21 17:46:29,2024-02-21 17:48:57,2024-02-21 17:50:57,2024-02-21 17:56:29,187,156,1.21,332,8.1,0.0,0.22,0.72,0.0,0.0,0.0,5.44,N,N,N,N,N,268.0,148.0,120.0,600.0,17,Wednesday,Port Richmond,Staten Island,Mariners Harbor,Staten Island,-74.1407887613835,40.62816579457658,-74.16723434585514,40.6313075708165,3.143,8.32,8.1,0.22,2.6599999999999993,0.3197115384615384,0.5393975903614457,1.7493975903614456,0.1570959036144578,0.3498795180722891,0.5069754216867469,4.933024578313254,29.598147469879525,2024-02
HV0003,B03404,B03404,2024-02-01 08:47:18,2024-02-01 08:49:16,2024-02-01 08:49:27,2024-02-01 09:04:38,18,69,3.95,911,18.27,0.0,0.5,1.62,0.0,0.0,0.0,13.75,N,N,N,N,N,129.0,118.0,11.0,1040.0,8,Thursday,Bedford Park,Bronx,East Concourse/Concourse Village,Bronx,-73.890183667512,40.86768169710327,-73.9150298985607,40.83141570129418,3.143,18.77,18.27,0.5,4.52,0.24080980287693127,0.511635565312843,4.461635565312843,0.40065487376509323,0.8923271130625686,1.292981986827662,12.457018013172338,43.12044696867348,2024-02
HV0003,B03404,B03404,2024-02-16 18:40:47,2024-02-16 18:43:42,2024-02-16 18:44:00,2024-02-16 18:59:27,164,50,1.74,927,18.98,0.0,0.52,1.68,2.75,0.0,0.0,11.0,N,N,N,N,N,193.0,175.0,18.0,1120.0,18,Friday,Midtown South,Manhattan,Clinton West,Manhattan,-73.98515619423324,40.74857395489648,-73.99513507723576,40.76623709408489,3.143,22.25,18.98,3.27,7.98,0.3586516853932584,0.3284789644012945,2.0684789644012946,0.18574941100323625,0.41369579288025893,0.5994452038834952,10.400554796116506,33.430354701803054,2024-02
HV0003,B03404,B03404,2024-02-28 06:34:48,2024-02-28 06:36:58,2024-02-28 06:37:22,2024-02-28 06:49:58,167,247,1.9,756,12.46,0.0,0.34,1.11,0.0,0.0,0.0,9.61,N,N,N,N,N,154.0,130.0,24.0,910.0,6,Wednesday,Morrisania/Melrose,Bronx,West Concourse,Bronx,-73.90235192494784,40.827512011036994,-73.92440974289835,40.82898691319468,3.143,12.8,12.46,0.34,2.8500000000000014,0.2226562500000001,0.3267195767195767,2.2267195767195767,0.19995941798941796,0.4453439153439154,0.6453033333333333,8.964696666666667,35.46473406593407,2024-02
HV0003,B03404,B03404,2024-02-12 06:37:32,2024-02-12 06:38:00,2024-02-12 06:40:01,2024-02-12 06:54:37,147,168,2.35,876,15.15,0.0,0.42,1.34,0.0,0.0,0.0,11.33,N,N,N,N,N,149.0,28.0,121.0,1025.0,6,Monday,Longwood,Bronx,Mott Haven/Port Morris,Bronx,-73.89895639411876,40.81967507177996,-73.91682135545611,40.80734651795231,3.143,15.57,15.15,0.42,3.8200000000000003,0.24534360950545922,0.07511415525114155,2.4251141552511415,0.2177752511415525,0.4850228310502283,0.7027980821917807,10.62720191780822,37.32480673571668,2024-02
HV0003,B03404,B03404,2024-02-04 14:30:03,2024-02-04 14:32:48,2024-02-04 14:33:33,2024-02-04 14:42:13,163,236,1.08,520,33.06,0.0,0.91,2.93,2.75,0.0,0.0,20.11,N,N,N,N,N,210.0,165.0,45.0,730.0,14,Sunday,Midtown North,Manhattan,Upper East Side North,Manhattan,-73.97756832086549,40.764420870266285,-73.957011704106,40.78043571518905,3.143,36.72,33.06,3.66,12.950000000000003,0.3526688453159042,0.3426923076923077,1.4226923076923077,0.12775776923076923,0.2845384615384616,0.41229623076923083,19.69770376923077,97.13936105374079,2024-02
HV0003,B03404,B03404,2024-02-14 17:23:40,2024-02-14 17:28:19,2024-02-14 17:28:36,2024-02-14 17:39:55,91,39,2.21,679,10.88,0.0,0.3,0.97,0.0,0.0,0.0,9.28,N,N,N,N,N,296.0,279.0,17.0,975.0,17,Wednesday,Flatlands,Brooklyn,Canarsie,Brooklyn,-73.93009732098176,40.62627204277785,-73.89973483047997,40.63803639656562,3.143,11.180000000000001,10.88,0.3,1.6000000000000014,0.14311270125223624,0.9080854197349042,3.1180854197349044,0.2800040706921944,0.6236170839469809,0.9036211546391753,8.376378845360824,30.928168044409198,2024-02
HV0003,B03404,B03404,2024-02-20 14:23:58,2024-02-20 14:26:38,2024-02-20 14:26:59,2024-02-20 14:42:25,95,92,3.89,926,18.78,0.0,0.52,1.67,0.0,0.0,3.14,13.81,N,N,N,N,N,181.0,160.0,21.0,1107.0,14,Tuesday,Forest Hills,Queens,Flushing,Queens,-73.84766918479201,40.72143087062858,-73.8288586430752,40.76110071120437,3.143,22.44,18.78,0.52,8.110000000000001,0.3614081996434938,0.6721382289416846,4.562138228941684,0.4096800129589633,0.9124276457883369,1.3221076587473002,12.4878923412527,40.61103200407382,2024-02
HV0003,B03404,B03404,2024-02-07 19:22:43,2024-02-07 19:24:23,2024-02-07 19:24:23,2024-02-07 19:40:16,181,89,3.53,953,21.46,0.0,0.59,1.9,0.0,0.0,0.0,13.6,N,N,N,N,N,100.0,100.0,0.0,1053.0,19,Wednesday,Park Slope,Brooklyn,Flatbush/Ditmas Park,Brooklyn,-73.98141426627474,40.67037356101699,-73.96096812758745,40.637899248043546,3.143,22.05,21.46,0.59,7.860000000000001,0.3564625850340136,0.3704092339979013,3.9004092339979013,0.35025674921301153,0.7800818467995803,1.1303385960125918,12.469661403987407,42.63132103927319,2024-02
HV0003,B03404,B03404,2024-02-10 21:47:59,2024-02-10 21:49:25,2024-02-10 21:51:26,2024-02-10 22:24:58,229,88,6.91,2012,47.77,0.0,1.3,4.24,2.75,0.0,0.0,27.99,N,N,N,N,N,207.0,86.0,121.0,2219.0,21,Saturday,Sutton Place/Turtle Bay North,Manhattan,Financial District South,Manhattan,-73.96514558738956,40.75672829786632,-74.01151486998491,40.70335745268971,3.143,51.82,47.77,4.05,19.780000000000005,0.381705905055963,0.2953578528827038,7.205357852882704,0.6470411351888667,1.441071570576541,2.0881127057654076,25.90188729423459,42.021989301146704,2024-02
HV0003,B03404,B03404,2024-02-13 21:46:00,2024-02-13 21:54:04,2024-02-13 21:54:43,2024-02-13 22:04:32,230,239,1.81,589,13.61,0.0,0.37,1.21,2.75,0.0,0.0,8.92,N,N,N,N,N,523.0,484.0,39.0,1112.0,21,Tuesday,Times Sq/Theatre District,Manhattan,Upper West Side South,Manhattan,-73.98419629996178,40.7598170009371,-73.97863166507607,40.783960878966745,3.143,16.729999999999997,13.61,3.12,4.6899999999999995,0.2803347280334728,1.4873344651952463,3.297334465195246,0.29610063497453304,0.6594668930390493,0.9555675280135822,7.9644324719864175,25.784133902114302,2024-02
HV0003,B03404,B03404,2024-02-07 11:49:16,2024-02-07 11:55:01,2024-02-07 11:55:10,2024-02-07 12:09:53,228,14,4.35,883,20.6,0.0,0.57,1.83,0.0,0.0,2.3,25.05,N,N,N,N,N,354.0,345.0,9.0,1237.0,11,Wednesday,Sunset Park West,Brooklyn,Bay Ridge,Brooklyn,-74.01127289375856,40.652353822117504,-74.02989257930119,40.62483341741767,3.143,23.470000000000002,20.6,0.57,-2.1499999999999986,-0.09160630592245413,1.6996036240090597,6.049603624009059,0.5432544054360134,1.2099207248018118,1.7531751302378251,23.296824869762176,67.79997536875007,2024-02
HV0003,B03404,B03404,2024-02-27 06:28:19,2024-02-27 06:32:03,2024-02-27 06:32:14,2024-02-27 06:44:02,160,95,2.08,708,13.43,0.0,0.37,1.19,0.0,0.0,3.0,9.39,N,N,N,N,N,235.0,224.0,11.0,943.0,6,Tuesday,Middle Village,Queens,Forest Hills,Queens,-73.880051202423,40.71833605673999,-73.84766918479201,40.72143087062858,3.143,16.799999999999997,13.43,0.37,7.039999999999999,0.41904761904761906,0.6580790960451978,2.738079096045198,0.24587950282485874,0.5476158192090396,0.7934953220338983,8.596504677966102,32.818045430199334,2024-02
HV0003,B03404,B03404,2024-02-26 10:45:04,2024-02-26 10:48:46,2024-02-26 10:50:02,2024-02-26 11:05:36,102,130,7.24,934,25.93,0.0,0.71,2.3,0.0,0.0,0.0,18.29,N,N,N,N,N,298.0,222.0,76.0,1232.0,10,Monday,Glendale,Queens,Jamaica,Queens,-73.87573709634573,40.70354544399082,-73.79398135276409,40.70436829225682,3.143,26.64,25.93,0.71,7.640000000000001,0.2867867867867868,1.7208565310492505,8.96085653104925,0.8046849164882226,1.79217130620985,2.5968562226980727,15.693143777301927,45.85658895964849,2024-02
HV0003,B03404,B03404,2024-02-16 18:16:02,2024-02-16 18:19:47,2024-02-16 18:19:59,2024-02-16 18:26:16,95,95,0.38,377,8.91,0.0,0.25,0.79,0.0,0.0,1.0,5.38,N,N,N,N,N,237.0,225.0,12.0,614.0,18,Friday,Forest Hills,Queens,Forest Hills,Queens,-73.84766918479201,40.72143087062858,-73.84766918479201,40.72143087062858,3.143,10.16,8.91,0.25,4.53,0.4458661417322835,0.226790450928382,0.606790450928382,0.0544897824933687,0.1213580901856764,0.17584787267904511,5.204152127320954,30.512944068982797,2024-02
HV0003,B03404,B03404,2024-02-02 22:26:05,2024-02-02 22:29:40,2024-02-02 22:29:52,2024-02-02 23:15:15,112,48,5.46,2723,28.87,0.0,0.79,2.56,2.75,0.0,0.0,32.76,N,N,N,N,N,227.0,215.0,12.0,2950.0,22,Friday,Greenpoint,Brooklyn,Clinton East,Manhattan,-73.94953985600077,40.72950555799535,-73.98984463380468,40.762252049908085,3.143,32.41,28.87,3.54,-3.889999999999997,-0.12002468373958647,0.43110539845758356,5.891105398457584,0.529021264781491,1.178221079691517,1.7072423444730078,31.05275765552699,37.894890698270224,2024-02
HV0003,B03404,B03404,2024-02-11 21:30:49,2024-02-11 21:35:10,2024-02-11 21:37:10,2024-02-11 22:09:59,198,40,8.65,1969,40.35,0.0,1.11,3.58,0.0,0.0,0.0,30.05,N,N,N,N,N,381.0,261.0,120.0,2350.0,21,Sunday,Ridgewood,Queens,Carroll Gardens,Brooklyn,-73.90170912961153,40.706526169337856,-73.99595614226644,40.6791985676148,3.143,41.46,40.35,1.11,10.3,0.24843222383019778,1.1465972574911123,9.796597257491113,0.8797344337227019,1.9593194514982226,2.8390538852209244,27.210946114779077,41.68485362264029,2024-02
HV0003,B03404,B03404,2024-02-23 14:58:55,2024-02-23 15:00:14,2024-02-23 15:00:38,2024-02-23 15:30:32,10,117,10.76,1794,34.13,5.2,1.08,3.49,0.0,0.0,4.39,31.0,N,N,N,N,N,103.0,79.0,24.0,1897.0,15,Friday,Baisley Park,Queens,Hammels/Arverne,Queens,-73.79098701332514,40.67895233930188,-73.7896236798251,40.594058457192666,3.143,44.800000000000004,34.13,6.28,7.520000000000003,0.1678571428571429,0.4738238573021182,11.233823857302118,1.0087973823857301,2.2467647714604237,3.255562153846154,27.744437846153847,52.651542565183895,2024-02
HV0003,B03404,B03404,2024-02-17 14:29:24,2024-02-17 14:31:25,2024-02-17 14:31:32,2024-02-17 14:37:20,61,225,1.04,348,8.2,0.0,0.23,0.73,0.0,0.0,0.0,5.4,N,N,N,N,N,128.0,121.0,7.0,476.0,14,Saturday,Crown Heights North,Brooklyn,Stuyvesant Heights,Brooklyn,-73.93928693646026,40.67446920571126,-73.93188774325893,40.68816752944304,3.143,8.43,8.2,0.23,2.799999999999999,0.3321470937129299,0.36160919540229886,1.401609195402299,0.12586450574712643,0.28032183908045977,0.4061863448275862,4.993813655172414,37.768338568530865,2024-02
HV0003,B03404,B03404,2024-02-23 03:19:58,2024-02-23 03:21:40,2024-02-23 03:22:05,2024-02-23 03:26:45,80,112,0.68,280,8.87,0.0,0.24,0.79,0.0,0.0,0.0,5.39,N,N,N,N,N,127.0,102.0,25.0,407.0,3,Friday,East Williamsburg,Brooklyn,Greenpoint,Brooklyn,-73.93679348509205,40.71536904490185,-73.94953985600077,40.72950555799535,3.143,9.11,8.87,0.24,3.4799999999999995,0.3819978046103183,0.24771428571428572,0.9277142857142857,0.08330874285714286,0.18554285714285715,0.2688516,5.1211484,45.29762712530712,2024-02
HV0003,B03404,B03404,2024-02-17 11:18:08,2024-02-17 11:23:01,2024-02-17 11:24:29,2024-02-17 11:30:19,112,255,1.03,350,8.89,0.0,0.24,0.79,0.0,0.0,0.0,5.39,N,N,N,N,N,381.0,293.0,88.0,731.0,11,Saturday,Greenpoint,Brooklyn,Williamsburg (North Side),Brooklyn,-73.94953985600077,40.72950555799535,-73.95741799903575,40.71880332024791,3.143,9.13,8.89,0.24,3.500000000000001,0.38335158817086534,0.8622571428571429,1.8922571428571429,0.16992469142857142,0.3784514285714286,0.54837612,4.841623879999999,23.84383853351573,2024-02
HV0003,B03404,B03404,2024-02-19 00:39:56,2024-02-19 00:45:17,2024-02-19 00:46:02,2024-02-19 01:02:09,113,112,5.28,967,19.98,0.0,0.55,1.77,2.75,0.0,2.5,16.03,N,N,N,N,N,366.0,321.0,45.0,1333.0,0,Monday,Greenwich Village North,Manhattan,Greenpoint,Brooklyn,-73.99430449266352,40.73257849687629,-73.94953985600077,40.72950555799535,3.143,25.78,19.98,3.3,6.449999999999999,0.25019394879751744,1.7527197518097208,7.032719751809721,0.6315382337125129,1.4065439503619444,2.038082184074457,13.991917815925543,37.78762500925128,2024-02
HV0003,B03404,B03404,2024-02-26 18:07:08,2024-02-26 18:11:42,2024-02-26 18:11:42,2024-02-26 18:31:28,161,234,3.0,1186,21.67,0.0,0.6,1.92,2.75,0.0,4.04,16.62,N,N,N,N,N,274.0,274.0,0.0,1460.0,18,Monday,Midtown Center,Manhattan,Union Sq,Manhattan,-73.97769778229288,40.758027399461895,-73.99045767416112,40.74033681887629,3.143,29.060000000000002,21.67,3.35,9.09,0.3128011011699931,0.6930860033726813,3.6930860033726813,0.33163912310286675,0.7386172006745363,1.070256323777403,15.549743676222597,38.3418337221927,2024-02
HV0003,B03404,B03404,2024-02-07 21:48:31,2024-02-07 21:50:47,2024-02-07 21:52:08,2024-02-07 22:08:24,141,90,2.92,976,21.64,0.0,0.6,1.92,2.75,0.0,0.0,13.02,N,N,N,N,N,217.0,136.0,81.0,1193.0,21,Wednesday,Lenox Hill West,Manhattan,Flatiron,Manhattan,-73.95963478688095,40.76694745582751,-73.9969712245153,40.742278038328486,3.143,24.990000000000002,21.64,3.35,8.620000000000001,0.344937975190076,0.4068852459016393,3.3268852459016394,0.2987542950819672,0.6653770491803279,0.9641313442622952,12.055868655737704,36.37982159317329,2024-02
HV0003,B03404,B03404,2024-02-12 01:13:12,2024-02-12 01:13:21,2024-02-12 01:14:50,2024-02-12 01:32:25,79,66,5.18,1055,23.51,0.0,0.65,2.09,2.75,0.0,0.0,16.73,N,N,N,N,N,98.0,9.0,89.0,1153.0,1,Monday,East Village,Manhattan,DUMBO/Vinegar Hill,Brooklyn,-73.98593725800136,40.72761958691338,-73.98570143908047,40.70225846444536,3.143,26.91,23.51,3.4,6.780000000000001,0.25195094760312153,0.044189573459715636,5.224189573459715,0.4691322236966824,1.044837914691943,1.5139701383886255,15.216029861611375,47.50885299375624,2024-02
HV0003,B03404,B03404,2024-02-26 21:31:34,2024-02-26 21:35:27,2024-02-26 21:36:51,2024-02-26 21:44:32,246,68,1.3,461,10.0,0.0,0.28,0.89,2.75,0.0,3.0,6.04,N,N,N,N,N,317.0,233.0,84.0,778.0,21,Monday,West Chelsea/Hudson Yards,Manhattan,East Chelsea,Manhattan,-74.00401522931482,40.75330822391948,-73.99991751678058,40.748426777755405,3.143,16.03,10.0,3.0300000000000002,6.96,0.4341859014348097,0.6570498915401302,1.9570498915401302,0.17574308026030366,0.39140997830802604,0.5671530585683298,5.47284694143167,25.324227492485875,2024-02
HV0003,B03404,B03404,2024-02-24 03:28:28,2024-02-24 03:31:37,2024-02-24 03:32:01,2024-02-24 03:41:23,107,186,1.65,562,12.68,0.0,0.35,1.13,2.75,0.0,0.0,7.45,N,N,N,N,N,213.0,189.0,24.0,775.0,3,Saturday,Gramercy,Manhattan,Penn Station/Madison Sq West,Manhattan,-73.98405192785955,40.73682342425488,-73.99243728054387,40.7484965983886,3.143,15.78,12.68,3.1,5.2299999999999995,0.33143219264892265,0.5548932384341637,2.2048932384341637,0.19799941281138791,0.44097864768683276,0.6389780604982207,6.81102193950178,31.63829546091149,2024-02
HV0003,B03404,B03404,2024-02-22 19:25:59,2024-02-22 19:34:05,2024-02-22 19:34:05,2024-02-22 19:57:54,161,158,2.87,1429,24.32,0.0,0.67,2.16,2.75,0.0,0.0,17.2,N,N,N,N,N,486.0,486.0,0.0,1915.0,19,Thursday,Midtown Center,Manhattan,Meatpacking/West Village West,Manhattan,-73.97769778229288,40.758027399461895,-74.00898395410488,40.73503468604606,3.143,27.740000000000002,24.32,3.42,7.120000000000001,0.2566690699351118,0.9760811756473059,3.846081175647306,0.34537808957312804,0.7692162351294612,1.1145943247025893,16.08540567529741,30.238882731629595,2024-02
HV0003,B03404,B03404,2024-02-24 18:24:46,2024-02-24 18:25:54,2024-02-24 18:27:55,2024-02-24 18:45:55,148,246,2.89,1080,25.49,0.0,0.7,2.26,2.75,0.0,0.0,13.95,N,N,N,N,N,189.0,68.0,121.0,1269.0,18,Saturday,Lower East Side,Manhattan,West Chelsea/Hudson Yards,Manhattan,-73.99089618330311,40.71893779448139,-74.00401522931482,40.75330822391948,3.143,28.939999999999998,25.49,3.45,11.54,0.39875604699378026,0.18196296296296297,3.0719629629629632,0.27586227407407404,0.6143925925925927,0.8902548666666668,13.059745133333333,37.04892236406619,2024-02
HV0003,B03404,B03404,2024-02-26 07:59:41,2024-02-26 08:09:04,2024-02-26 08:09:18,2024-02-26 08:44:15,248,140,8.64,2097,44.33,6.94,1.41,4.55,2.75,0.0,0.0,36.31,N,N,N,N,N,577.0,563.0,14.0,2674.0,8,Monday,West Farms/Bronx River,Bronx,Lenox Hill East,Manhattan,-73.87228952703794,40.83416474537906,-73.9547388423982,40.76548333944988,3.143,55.42999999999999,44.33,11.1,8.019999999999996,0.14468699260328335,2.319656652360515,10.959656652360515,0.9841771673819742,2.191931330472103,3.1761084978540772,33.13389150214593,44.608081304310154,2024-02
HV0003,B03404,B03404,2024-02-20 10:41:09,2024-02-20 10:44:08,2024-02-20 10:44:11,2024-02-20 10:56:28,235,247,3.32,737,12.5,0.0,0.34,1.11,0.0,0.0,0.0,11.29,N,N,N,N,N,182.0,179.0,3.0,919.0,10,Tuesday,University Heights/Morris Heights,Bronx,West Concourse,Bronx,-73.91597563385105,40.85252046623772,-73.92440974289835,40.82898691319468,3.143,12.84,12.5,0.34,1.2100000000000009,0.09423676012461066,0.8063500678426051,4.126350067842605,0.3705462360922659,0.825270013568521,1.195816249660787,10.094183750339212,39.54196028424501,2024-02
HV0003,B03404,B03404,2024-02-29 10:58:58,2024-02-29 11:02:24,2024-02-29 11:03:52,2024-02-29 11:13:33,228,227,1.59,581,9.82,0.0,0.27,0.87,0.0,0.0,0.0,7.55,N,N,N,N,N,294.0,206.0,88.0,875.0,11,Thursday,Sunset Park West,Brooklyn,Sunset Park East,Brooklyn,-74.01127289375856,40.652353822117504,-74.0046526133707,40.64188580330356,3.143,10.09,9.82,0.27,2.2700000000000005,0.2249752229930625,0.5637521514629948,2.153752151462995,0.19340694320137694,0.430750430292599,0.6241573734939759,6.925842626506024,28.494895377624786,2024-02
HV0003,B03404,B03404,2024-02-07 15:03:04,2024-02-07 15:03:54,2024-02-07 15:04:15,2024-02-07 15:41:37,7,140,3.33,2242,25.28,0.0,0.7,2.24,2.75,0.0,0.0,31.93,N,N,N,N,N,71.0,50.0,21.0,2313.0,15,Wednesday,Astoria,Queens,Lenox Hill East,Manhattan,-73.91969416440043,40.761491926149866,-73.9547388423982,40.76548333944988,3.143,28.73,25.28,3.45,-6.649999999999999,-0.2314653672119735,0.07426404995539697,3.404264049955397,0.30570291168599467,0.6808528099910794,0.9865557216770742,30.943444278322925,48.161002767817784,2024-02
HV0003,B03404,B03404,2024-02-28 15:54:40,2024-02-28 16:01:18,2024-02-28 16:01:56,2024-02-28 16:29:55,23,44,10.07,1679,35.78,0.0,0.98,3.18,0.0,0.0,0.0,29.01,N,N,N,N,N,436.0,398.0,38.0,2115.0,16,Wednesday,Bloomfield/Emerson Hill,Staten Island,Charleston/Tottenville,Staten Island,-74.17088529675294,40.60644812566737,-74.23353613171999,40.52549089042766,3.143,36.76,35.78,0.98,6.77,0.18416757344940152,2.387051816557475,12.457051816557476,1.118643253126861,2.4914103633114952,3.610053616438356,25.399946383561645,43.23395129116876,2024-02
HV0003,B03404,B03404,2024-02-11 15:29:20,2024-02-11 15:34:17,2024-02-11 15:34:33,2024-02-11 15:46:00,88,144,3.74,687,31.3,0.0,0.86,2.78,2.75,0.0,0.0,20.12,N,N,N,N,N,313.0,297.0,16.0,1000.0,15,Sunday,Financial District South,Manhattan,Little Italy/NoLiTa,Manhattan,-74.01151486998491,40.70335745268971,-73.99691839304907,40.72088834178079,3.143,34.910000000000004,31.3,3.61,11.18,0.3202520767688341,1.6168558951965066,5.356855895196507,0.48104565938864624,1.0713711790393015,1.5524168384279478,18.567583161572053,66.84329938165939,2024-02
HV0003,B03404,B03404,2024-02-24 02:02:12,2024-02-24 02:06:18,2024-02-24 02:08:27,2024-02-24 02:38:05,100,235,10.63,1778,30.79,0.0,0.85,2.73,2.75,0.0,0.0,31.69,N,N,N,N,N,375.0,246.0,129.0,2153.0,2,Saturday,Garment District,Manhattan,University Heights/Morris Heights,Bronx,-73.98878634685092,40.75351217038599,-73.91597563385105,40.85252046623772,3.143,34.39,30.79,3.6,-0.9000000000000021,-0.02617039837161972,1.4707424071991,12.100742407199101,1.0866466681664793,2.4201484814398206,3.5067951496063,28.1832048503937,47.12472710702151,2024-02
HV0003,B03404,B03404,2024-02-29 20:21:21,2024-02-29 20:24:01,2024-02-29 20:25:19,2024-02-29 20:36:48,249,211,1.65,689,15.37,0.0,0.42,1.36,2.75,0.0,0.0,8.64,N,N,N,N,N,238.0,160.0,78.0,927.0,20,Thursday,West Village,Manhattan,SoHo,Manhattan,-74.00287478437944,40.73457538224023,-74.00153738622468,40.72388757677251,3.143,18.54,15.37,3.17,6.729999999999999,0.36299892125134836,0.38316400580551524,2.0331640058055154,0.18257812772133525,0.4066328011611031,0.5892109288824383,8.050789071117562,31.265200276184704,2024-02
HV0003,B03404,B03404,2024-02-22 14:36:21,2024-02-22 14:39:08,2024-02-22 14:40:32,2024-02-22 15:10:30,155,22,11.42,1798,33.06,0.0,0.91,2.93,0.0,0.0,0.0,31.91,N,N,N,N,N,251.0,167.0,84.0,2049.0,14,Thursday,Marine Park/Mill Basin,Brooklyn,Bensonhurst West,Brooklyn,-73.91527748073477,40.614590889869376,-73.99525874269187,40.6122174014384,3.143,33.97,33.06,0.91,1.1500000000000021,0.03385340005887554,1.0607007786429365,12.480700778642937,1.1207669299221357,2.496140155728588,3.6169070856507233,28.293092914349277,49.70968008377618,2024-02
HV0003,B03404,B03404,2024-02-24 23:17:01,2024-02-24 23:27:25,2024-02-24 23:29:25,2024-02-24 23:49:58,4,33,4.45,1233,30.97,0.0,0.85,2.75,2.75,0.0,0.0,21.12,N,N,N,N,N,744.0,624.0,120.0,1977.0,23,Saturday,Alphabet City,Manhattan,Brooklyn Heights,Brooklyn,-73.97696809691621,40.723751540194456,-73.99524997291579,40.69579763638819,3.143,34.57,30.97,3.6,9.849999999999998,0.2849291293028637,2.2520681265206814,6.702068126520682,0.6018457177615572,1.3404136253041363,1.9422593430656936,19.177740656934308,34.92153078652681,2024-02
HV0003,B03404,B03404,2024-02-02 11:33:24,2024-02-02 11:34:33,2024-02-02 11:35:05,2024-02-02 11:49:51,102,95,2.95,886,14.27,0.0,0.39,1.27,0.0,0.0,3.0,12.21,N,N,N,N,N,101.0,69.0,32.0,987.0,11,Friday,Glendale,Queens,Forest Hills,Queens,-73.87573709634573,40.70354544399082,-73.84766918479201,40.72143087062858,3.143,17.66,14.27,0.39,5.059999999999999,0.2865232163080407,0.22974040632054177,3.179740406320542,0.2855406884875846,0.6359480812641084,0.921488769751693,11.288511230248307,41.17390114376282,2024-02
HV0003,B03404,B03404,2024-02-15 10:28:25,2024-02-15 10:29:31,2024-02-15 10:31:31,2024-02-15 11:01:32,112,261,5.88,1801,40.05,0.0,1.1,3.55,2.75,0.0,0.0,24.66,N,N,N,N,N,186.0,66.0,120.0,1987.0,10,Thursday,Greenpoint,Brooklyn,World Trade Center,Manhattan,-73.94953985600077,40.72950555799535,-74.01302266265675,40.7091384408997,3.143,43.9,40.05,3.85,15.389999999999997,0.3505694760820045,0.21548028872848418,6.095480288728484,0.5473741299278179,1.2190960577456968,1.7664701876735147,22.893529812326484,41.477960404818994,2024-02
HV0003,B03404,B03404,2024-02-08 21:23:35,2024-02-08 21:24:48,2024-02-08 21:25:35,2024-02-08 22:15:41,17,86,18.74,3006,49.25,0.0,1.35,4.37,0.0,0.0,0.0,52.88,N,N,N,N,N,120.0,73.0,47.0,3126.0,21,Thursday,Bedford,Brooklyn,Far Rockaway,Queens,-73.94990474718477,40.69150649558427,-73.75524367121405,40.60243189212709,3.143,50.6,49.25,1.35,-3.6300000000000026,-0.07173913043478265,0.4550964737192282,19.195096473719225,1.7237196633399863,3.8390192947438453,5.562738958083831,47.31726104191617,54.492047265162576,2024-02
HV0003,B03404,B03404,2024-02-23 19:37:24,2024-02-23 19:42:15,2024-02-23 19:43:28,2024-02-23 20:03:04,144,164,2.36,1176,13.68,0.0,0.38,1.21,2.75,0.0,0.0,14.15,N,N,N,N,N,364.0,291.0,73.0,1540.0,19,Friday,Little Italy/NoLiTa,Manhattan,Midtown South,Manhattan,-73.99691839304907,40.72088834178079,-73.98515619423324,40.74857395489648,3.143,16.810000000000002,13.68,3.13,-0.47000000000000064,-0.027959547888161844,0.5839795918367346,2.9439795918367344,0.2643693673469387,0.5887959183673469,0.8531652857142856,13.296834714285716,31.083509721706868,2024-02
HV0003,B03404,B03404,2024-02-23 16:45:46,2024-02-23 16:46:02,2024-02-23 16:48:04,2024-02-23 17:33:26,137,76,13.13,2722,47.43,6.94,1.5,4.83,2.75,0.0,0.0,42.84,N,N,N,N,N,138.0,16.0,122.0,2860.0,16,Friday,Kips Bay,Manhattan,East New York,Brooklyn,-73.97649447841282,40.74043833958882,-73.87682032859912,40.66093356035302,3.143,58.62,47.43,11.190000000000001,4.589999999999996,0.07830092118730803,0.07717854518736224,13.207178545187363,1.1860046333578251,2.6414357090374727,3.827440342395298,39.012559657604704,49.1067184501318,2024-02
HV0003,B03404,B03404,2024-02-28 09:13:09,2024-02-28 09:16:35,2024-02-28 09:17:02,2024-02-28 09:22:52,42,116,0.9,350,8.88,0.0,0.24,0.79,0.0,0.0,0.0,5.39,N,N,N,N,N,233.0,206.0,27.0,583.0,9,Wednesday,Central Harlem North,Manhattan,Hamilton Heights,Manhattan,-73.9407718835631,40.81825672430646,-73.94852161825773,40.82701211556071,3.143,9.120000000000001,8.88,0.24,3.490000000000001,0.3826754385964913,0.5297142857142857,1.4297142857142857,0.12838834285714285,0.28594285714285717,0.4143312,4.975668799999999,30.72454147512864,2024-02
HV0003,B03404,B03404,2024-02-27 08:13:16,2024-02-27 08:15:06,2024-02-27 08:16:54,2024-02-27 08:31:38,197,197,2.06,884,14.32,0.0,0.39,1.27,0.0,0.0,0.0,11.02,N,N,N,N,N,218.0,110.0,108.0,1102.0,8,Tuesday,Richmond Hill,Queens,Richmond Hill,Queens,-73.83092448484014,40.69454169265697,-73.83092448484014,40.69454169265697,3.143,14.71,14.32,0.39,3.3000000000000007,0.2243371855880354,0.2563348416289593,2.3163348416289593,0.20800686877828053,0.4632669683257919,0.6712738371040724,10.348726162895927,33.80709091327163,2024-02
HV0003,B03404,B03404,2024-02-15 20:29:23,2024-02-15 20:32:50,2024-02-15 20:33:58,2024-02-15 21:21:20,50,80,7.61,2842,29.72,0.0,0.82,2.64,2.75,0.0,0.0,36.72,N,N,N,N,N,275.0,207.0,68.0,3117.0,20,Thursday,Clinton West,Manhattan,East Williamsburg,Brooklyn,-73.99513507723576,40.76623709408489,-73.93679348509205,40.71536904490185,3.143,33.29,29.72,3.57,-7.0,-0.21027335536197056,0.5542821956368755,8.164282195636876,0.7331525411681914,1.6328564391273752,2.3660089802955664,34.35399101970443,39.67737172631888,2024-02
HV0003,B03404,B03404,2024-02-25 12:12:48,2024-02-25 12:15:00,2024-02-25 12:15:46,2024-02-25 12:23:36,21,21,1.31,470,9.8,0.0,0.27,0.87,0.0,0.0,0.0,6.14,N,N,N,N,N,178.0,132.0,46.0,648.0,12,Sunday,Bensonhurst East,Brooklyn,Bensonhurst East,Brooklyn,-73.9835379748552,40.60142880673965,-73.9835379748552,40.60142880673965,3.143,10.07,9.8,0.27,3.660000000000001,0.3634558093346575,0.3679148936170213,1.6779148936170214,0.1506767574468085,0.3355829787234043,0.4862597361702128,5.653740263829787,31.409668132387708,2024-02
HV0003,B03404,B03404,2024-02-14 21:55:10,2024-02-14 21:58:46,2024-02-14 22:00:58,2024-02-14 22:12:11,116,42,1.54,673,14.09,0.0,0.39,1.25,0.0,0.0,0.0,9.35,N,N,N,N,N,348.0,216.0,132.0,1021.0,22,Wednesday,Hamilton Heights,Manhattan,Central Harlem North,Manhattan,-73.94852161825773,40.82701211556071,-73.9407718835631,40.81825672430646,3.143,14.48,14.09,0.39,4.74,0.32734806629834257,0.4942644873699852,2.034264487369985,0.18267695096582465,0.40685289747399705,0.5895298484398217,8.760470151560177,30.88902306132874,2024-02
HV0003,B03404,B03404,2024-02-29 13:54:07,2024-02-29 13:56:46,2024-02-29 13:56:47,2024-02-29 14:02:51,20,78,1.02,364,8.89,0.0,0.24,0.79,0.0,0.0,0.0,5.39,N,N,N,N,N,160.0,159.0,1.0,524.0,13,Thursday,Belmont,Bronx,East Tremont,Bronx,-73.88586731138831,40.857778885275984,-73.88552139857157,40.844959817621785,3.143,9.13,8.89,0.24,3.500000000000001,0.38335158817086534,0.44554945054945055,1.4655494505494506,0.13160634065934065,0.29310989010989014,0.4247162307692308,4.965283769230769,34.112636582501466,2024-02
HV0003,B03404,B03404,2024-02-23 00:21:12,2024-02-23 00:24:50,2024-02-23 00:25:48,2024-02-23 00:32:22,113,107,1.01,394,9.09,0.0,0.25,0.81,2.75,0.0,3.0,5.41,N,N,N,N,N,276.0,218.0,58.0,670.0,0,Friday,Greenwich Village North,Manhattan,Gramercy,Manhattan,-73.99430449266352,40.73257849687629,-73.98405192785955,40.73682342425488,3.143,15.09,9.09,3.0,6.68,0.44267726971504306,0.5588324873096446,1.5688324873096446,0.1408811573604061,0.313766497461929,0.45464765482233505,4.9553523451776655,26.62577379498447,2024-02
HV0003,B03404,B03404,2024-02-29 22:27:14,2024-02-29 22:27:36,2024-02-29 22:29:38,2024-02-29 22:43:08,225,177,2.28,810,15.84,0.0,0.44,1.41,0.0,0.0,0.0,10.96,N,N,N,N,N,144.0,22.0,122.0,954.0,22,Thursday,Stuyvesant Heights,Brooklyn,Ocean Hill,Brooklyn,-73.93188774325893,40.68816752944304,-73.91363235241506,40.67664341763747,3.143,16.28,15.84,0.44,4.879999999999999,0.2997542997542997,0.06192592592592592,2.3419259259259255,0.2103049481481481,0.4683851851851851,0.6786901333333333,10.281309866666668,38.79739572327044,2024-02
HV0003,B03404,B03404,2024-02-29 14:33:45,2024-02-29 14:35:11,2024-02-29 14:35:13,2024-02-29 15:00:22,255,144,2.7,1509,25.27,0.0,0.69,2.24,2.75,0.0,0.0,17.73,N,N,N,N,N,88.0,86.0,2.0,1597.0,14,Thursday,Williamsburg (North Side),Brooklyn,Little Italy/NoLiTa,Manhattan,-73.95741799903575,40.71880332024791,-73.99691839304907,40.72088834178079,3.143,28.71,25.27,3.44,7.539999999999999,0.2626262626262626,0.15387673956262427,2.8538767395626246,0.25627813121272364,0.5707753479125249,0.8270534791252486,16.902946520874753,38.10307293371892,2024-02
HV0003,B03404,B03404,2024-02-29 08:44:18,2024-02-29 08:51:02,2024-02-29 08:53:03,2024-02-29 09:08:21,42,166,1.77,918,13.64,0.0,0.38,1.21,0.0,0.0,0.0,10.96,N,N,N,N,N,525.0,404.0,121.0,1443.0,8,Thursday,Central Harlem North,Manhattan,Morningside Heights,Manhattan,-73.9407718835631,40.81825672430646,-73.96176346467264,40.809456315241775,3.143,14.020000000000001,13.64,0.38,2.6799999999999997,0.19115549215406558,0.778954248366013,2.5489542483660133,0.22889609150326798,0.5097908496732027,0.7386869411764706,10.22131305882353,25.50015731931026,2024-02
HV0003,B03404,B03404,2024-02-24 21:42:56,2024-02-24 21:43:49,2024-02-24 21:45:36,2024-02-24 22:09:36,249,140,4.36,1440,30.67,0.0,0.84,2.72,2.75,0.0,0.0,19.27,N,N,N,N,N,160.0,53.0,107.0,1600.0,21,Saturday,West Village,Manhattan,Lenox Hill East,Manhattan,-74.00287478437944,40.73457538224023,-73.9547388423982,40.76548333944988,3.143,34.260000000000005,30.67,3.59,11.400000000000002,0.3327495621716287,0.16047222222222224,4.520472222222223,0.40593840555555555,0.9040944444444445,1.31003285,17.95996715,40.409926087500004,2024-02
HV0003,B03404,B03404,2024-02-16 18:55:39,2024-02-16 19:02:14,2024-02-16 19:02:20,2024-02-16 19:22:52,82,63,4.86,1232,17.45,0.0,0.48,1.55,0.0,0.0,0.0,17.97,N,N,N,N,N,401.0,395.0,6.0,1633.0,19,Friday,Elmhurst,Queens,Cypress Hills,Brooklyn,-73.8771182418676,40.73949455225884,-73.87817291227658,40.68383923597394,3.143,17.93,17.45,0.48,-0.5199999999999996,-0.029001673173452293,1.558198051948052,6.418198051948052,0.5763541850649351,1.2836396103896106,1.8599937954545456,16.110006204545453,35.51501673996548,2024-02
HV0003,B03404,B03404,2024-02-10 17:47:34,2024-02-10 17:52:27,2024-02-10 17:52:47,2024-02-10 18:17:02,61,26,4.14,1455,18.56,0.0,0.51,1.65,0.0,0.0,0.0,19.12,N,N,N,N,N,313.0,293.0,20.0,1768.0,17,Saturday,Crown Heights North,Brooklyn,Borough Park,Brooklyn,-73.93928693646026,40.67446920571126,-73.9886606263467,40.63094893241426,3.143,19.07,18.56,0.51,-0.5600000000000023,-0.029365495542737402,0.8336907216494845,4.973690721649485,0.44663742680412366,0.9947381443298969,1.4413755711340206,17.67862442886598,35.99719906330177,2024-02
HV0003,B03404,B03404,2024-02-25 15:03:49,2024-02-25 15:05:57,2024-02-25 15:06:44,2024-02-25 15:14:43,66,65,0.85,479,6.59,0.0,0.18,0.58,0.0,0.0,0.0,5.62,N,N,N,N,N,175.0,128.0,47.0,654.0,15,Sunday,DUMBO/Vinegar Hill,Brooklyn,Downtown Brooklyn/MetroTech,Brooklyn,-73.98570143908047,40.70225846444536,-73.98608580922685,40.69533700725102,3.143,6.77,6.59,0.18,0.9699999999999998,0.14327917282127028,0.22713987473903963,1.0771398747390397,0.09672716075156576,0.21542797494780797,0.3121551356993737,5.307844864300627,29.21749466587501,2024-02
HV0003,B03404,B03404,2024-02-20 20:05:01,2024-02-20 20:09:42,2024-02-20 20:09:53,2024-02-20 20:23:07,144,158,2.19,794,17.21,0.0,0.47,1.53,2.75,0.0,0.0,10.34,N,N,N,N,N,292.0,281.0,11.0,1086.0,20,Tuesday,Little Italy/NoLiTa,Manhattan,Meatpacking/West Village West,Manhattan,-73.99691839304907,40.72088834178079,-74.00898395410488,40.73503468604606,3.143,20.43,17.21,3.2199999999999998,6.870000000000001,0.3362701908957416,0.7750503778337531,2.965050377833753,0.266261523929471,0.5930100755667506,0.8592715994962216,9.480728400503779,31.427828951946225,2024-02
HV0003,B03404,B03404,2024-02-16 19:53:45,2024-02-16 19:54:50,2024-02-16 19:55:49,2024-02-16 20:03:42,255,112,1.06,473,10.73,0.0,0.3,0.95,0.0,0.0,1.0,5.83,N,N,N,N,N,124.0,65.0,59.0,597.0,19,Friday,Williamsburg (North Side),Brooklyn,Greenpoint,Brooklyn,-73.95741799903575,40.71880332024791,-73.94953985600077,40.72950555799535,3.143,12.030000000000001,10.73,0.3,5.9,0.4904405652535328,0.14566596194503173,1.2056659619450318,0.10826880338266386,0.24113319238900638,0.34940199577167025,5.48059800422833,33.04883218630149,2024-02
HV0003,B03404,B03404,2024-02-13 11:33:36,2024-02-13 11:40:26,2024-02-13 11:40:58,2024-02-13 11:58:10,229,161,2.01,1032,18.06,0.0,0.5,1.6,2.75,0.0,0.0,12.34,N,N,N,N,N,442.0,410.0,32.0,1474.0,11,Tuesday,Sutton Place/Turtle Bay North,Manhattan,Midtown Center,Manhattan,-73.96514558738956,40.75672829786632,-73.97769778229288,40.758027399461895,3.143,21.31,18.06,3.25,5.719999999999999,0.2684185828249648,0.7985465116279069,2.808546511627907,0.25220747674418603,0.5617093023255814,0.8139167790697674,11.526083220930232,28.150542466315358,2024-02
HV0003,B03404,B03404,2024-02-28 08:44:40,2024-02-28 08:47:09,2024-02-28 08:47:48,2024-02-28 08:59:02,170,164,0.79,674,10.93,0.0,0.3,0.97,2.75,0.0,0.0,7.37,N,N,N,N,N,188.0,149.0,39.0,862.0,8,Wednesday,Murray Hill,Manhattan,Midtown South,Manhattan,-73.97849134130094,40.74774513853527,-73.98515619423324,40.74857395489648,3.143,13.98,10.93,3.05,3.5599999999999996,0.2546494992846924,0.1746439169139466,0.9646439169139467,0.0866250237388724,0.19292878338278935,0.2795538071216618,7.090446192878338,29.61207226724132,2024-02
HV0003,B03404,B03404,2024-02-13 17:23:41,2024-02-13 17:25:30,2024-02-13 17:27:32,2024-02-13 17:37:42,161,164,1.43,610,11.68,0.0,0.32,1.04,2.75,0.0,0.0,7.62,N,N,N,N,N,231.0,109.0,122.0,841.0,17,Tuesday,Midtown Center,Manhattan,Midtown South,Manhattan,-73.97769778229288,40.758027399461895,-73.98515619423324,40.74857395489648,3.143,14.75,11.68,3.07,4.06,0.2752542372881356,0.2555245901639344,1.6855245901639344,0.1513601081967213,0.3371049180327869,0.4884650262295082,7.131534973770492,30.527379198066317,2024-02
HV0003,B03404,B03404,2024-02-10 09:26:56,2024-02-10 09:33:05,2024-02-10 09:33:28,2024-02-10 09:45:00,175,15,4.15,692,16.08,0.0,0.44,1.43,0.0,0.0,5.0,11.95,N,N,N,N,N,392.0,369.0,23.0,1084.0,9,Saturday,Oakland Gardens,Queens,Bay Terrace/Fort Totten,Queens,-73.75462204743864,40.74267030986663,-73.78597302647502,40.78333225698792,3.143,21.52,16.08,0.44,9.129999999999999,0.42425650557620814,2.212933526011561,6.362933526011561,0.5713914306358382,1.2725867052023123,1.8439781358381504,10.10602186416185,33.562434235223854,2024-02
HV0003,B03404,B03404,2024-02-02 21:31:03,2024-02-02 21:31:52,2024-02-02 21:32:08,2024-02-02 22:04:27,166,107,8.16,1939,26.18,0.0,0.72,2.32,2.75,0.0,0.0,28.95,N,N,N,N,N,65.0,49.0,16.0,2004.0,21,Friday,Morningside Heights,Manhattan,Gramercy,Manhattan,-73.96176346467264,40.809456315241775,-73.98405192785955,40.73682342425488,3.143,29.65,26.18,3.4699999999999998,-2.7699999999999996,-0.09342327150084316,0.20620938628158844,8.36620938628159,0.7512856028880867,1.673241877256318,2.4245274801444046,26.525472519855594,47.650549436866335,2024-02
HV0003,B03404,B03404,2024-02-19 21:44:29,2024-02-19 21:46:45,2024-02-19 21:48:17,2024-02-19 21:53:56,72,61,0.88,339,8.02,0.0,0.22,0.71,0.0,0.0,0.0,5.4,N,N,N,N,N,228.0,136.0,92.0,567.0,21,Monday,East Flatbush/Remsen Village,Brooklyn,Crown Heights North,Brooklyn,-73.92225109435532,40.65236395430748,-73.93928693646026,40.67446920571126,3.143,8.24,8.02,0.22,2.619999999999999,0.3179611650485436,0.3530383480825959,1.233038348082596,0.11072684365781711,0.2466076696165192,0.3573345132743363,5.042665486725664,32.01692372524231,2024-02
HV0003,B03404,B03404,2024-02-17 20:26:47,2024-02-17 20:27:53,2024-02-17 20:28:06,2024-02-17 20:40:17,100,50,1.34,731,13.92,0.0,0.38,1.24,2.75,0.0,5.0,9.63,N,N,N,N,N,79.0,66.0,13.0,810.0,20,Saturday,Garment District,Manhattan,Clinton West,Manhattan,-73.98878634685092,40.75351217038599,-73.99513507723576,40.76623709408489,3.143,22.05,13.92,3.13,9.290000000000001,0.4213151927437642,0.12098495212038304,1.460984952120383,0.1311964487004104,0.2921969904240766,0.423393439124487,9.206606560875514,40.91825138166895,2024-02
HV0003,B03404,B03404,2024-02-29 00:26:55,2024-02-29 00:29:20,2024-02-29 00:31:20,2024-02-29 00:49:18,228,25,3.86,1078,23.67,0.0,0.65,2.1,0.0,0.0,0.0,15.2,N,N,N,N,N,265.0,145.0,120.0,1343.0,0,Thursday,Sunset Park West,Brooklyn,Boerum Hill,Brooklyn,-74.01127289375856,40.652353822117504,-73.98611365960022,40.685633257491546,3.143,24.32,23.67,0.65,8.470000000000002,0.34827302631578955,0.5192022263450835,4.379202226345083,0.39325235992578844,0.8758404452690167,1.2690928051948052,13.930907194805194,37.34271474407945,2024-02
HV0003,B03404,B03404,2024-02-08 22:48:15,2024-02-08 22:49:53,2024-02-08 22:50:58,2024-02-08 23:08:49,233,236,2.75,1071,28.91,0.0,0.8,2.57,2.75,0.0,0.0,24.12,N,N,N,N,N,163.0,98.0,65.0,1234.0,22,Thursday,UN/Turtle Bay South,Manhattan,Upper East Side North,Manhattan,-73.9704423734757,40.74991338603123,-73.957011704106,40.78043571518905,3.143,32.46,28.91,3.55,4.789999999999999,0.14756623536660501,0.25163398692810457,3.0016339869281046,0.26954673202614376,0.600326797385621,0.8698735294117648,23.250126470588235,67.82856993040328,2024-02
HV0003,B03404,B03404,2024-02-09 19:53:30,2024-02-09 19:54:57,2024-02-09 19:55:17,2024-02-09 20:16:33,231,48,4.39,1276,26.24,0.0,0.77,2.48,2.75,0.0,0.0,17.77,N,N,N,N,N,107.0,87.0,20.0,1383.0,19,Friday,TriBeCa/Civic Center,Manhattan,Clinton East,Manhattan,-74.00787947243188,40.717772159208046,-73.98984463380468,40.762252049908085,3.143,29.759999999999998,26.24,3.52,8.469999999999999,0.28461021505376344,0.29931818181818176,4.689318181818181,0.4211007727272726,0.9378636363636362,1.3589644090909088,16.41103559090909,42.71853082232301,2024-02
HV0003,B03404,B03404,2024-02-16 16:17:53,2024-02-16 16:20:28,2024-02-16 16:22:29,2024-02-16 16:32:24,169,169,1.22,595,9.98,0.0,0.27,0.89,0.0,0.0,0.0,8.19,N,N,N,N,N,276.0,155.0,121.0,871.0,16,Friday,Mount Hope,Bronx,Mount Hope,Bronx,-73.90512230176171,40.849057751559215,-73.90512230176171,40.849057751559215,3.143,10.25,9.98,0.27,1.790000000000001,0.17463414634146351,0.31781512605042017,1.53781512605042,0.1380957983193277,0.30756302521008405,0.4456588235294118,7.744341176470588,32.00875801985547,2024-02
HV0003,B03404,B03404,2024-02-26 09:35:38,2024-02-26 09:39:05,2024-02-26 09:41:06,2024-02-26 09:50:04,224,232,2.24,538,11.65,0.0,0.32,1.03,0.75,0.0,0.0,8.0,Y,N,N,N,N,328.0,207.0,121.0,866.0,9,Monday,Stuy Town/Peter Cooper Village,Manhattan,Two Bridges/Seward Park,Manhattan,-73.97659739896895,40.73182002928329,-73.98302452983464,40.71473195717586,3.143,12.72,11.65,1.07,3.6500000000000004,0.2869496855345912,0.8618587360594797,3.10185873605948,0.2785469144981413,0.620371747211896,0.8989186617100373,7.101081338289963,29.519506718064513,2024-02
HV0003,B03404,B03404,2024-02-16 19:10:18,2024-02-16 19:15:37,2024-02-16 19:15:43,2024-02-16 19:35:33,248,185,3.1,1190,18.78,0.0,0.52,1.67,0.0,0.0,0.0,15.25,N,N,N,N,N,325.0,319.0,6.0,1515.0,19,Friday,West Farms/Bronx River,Bronx,Pelham Parkway,Bronx,-73.87228952703794,40.83416474537906,-73.85439388215148,40.85440439427695,3.143,19.3,18.78,0.52,3.530000000000001,0.18290155440414513,0.8310084033613445,3.9310084033613446,0.3530045546218487,0.7862016806722689,1.1392062352941177,14.110793764705882,33.53059904484566,2024-02
HV0003,B03404,B03404,2024-02-12 05:02:45,2024-02-12 05:04:51,2024-02-12 05:04:51,2024-02-12 05:21:39,85,61,2.74,1008,12.47,0.0,0.34,1.11,0.0,0.0,0.0,13.08,N,N,N,N,N,126.0,126.0,0.0,1134.0,5,Monday,Erasmus,Brooklyn,Crown Heights North,Brooklyn,-73.9516233279193,40.64611573218299,-73.93928693646026,40.67446920571126,3.143,12.81,12.47,0.34,-0.6099999999999994,-0.047619047619047575,0.3425,3.0825000000000005,0.2768085,0.6165000000000002,0.8933085000000002,12.1866915,38.68790952380952,2024-02
HV0003,B03404,B03404,2024-02-12 10:40:57,2024-02-12 10:42:44,2024-02-12 10:43:38,2024-02-12 11:01:24,170,246,2.32,1066,22.57,0.0,0.62,2.0,2.75,0.0,0.0,13.07,N,N,N,N,N,161.0,107.0,54.0,1227.0,10,Monday,Murray Hill,Manhattan,West Chelsea/Hudson Yards,Manhattan,-73.97849134130094,40.74774513853527,-74.00401522931482,40.75330822391948,3.143,25.94,22.57,3.37,9.5,0.3662297609868928,0.23287054409005628,2.552870544090056,0.22924777485928705,0.5105741088180112,0.7398218836772983,12.330178116322703,36.17656171048226,2024-02
HV0003,B03404,B03404,2024-02-14 22:00:51,2024-02-14 22:04:06,2024-02-14 22:06:06,2024-02-14 22:56:04,86,231,32.26,2998,64.14,6.94,1.95,6.31,2.75,0.0,0.0,70.58,N,N,N,N,N,315.0,195.0,120.0,3313.0,22,Wednesday,Far Rockaway,Queens,TriBeCa/Civic Center,Manhattan,-73.75524367121405,40.60243189212709,-74.00787947243188,40.717772159208046,3.143,75.78,64.14,11.64,-6.439999999999998,-0.08498284507785692,2.098298865910607,34.358298865910605,3.0853752381587722,6.871659773182121,9.957035011340894,60.622964988659106,65.87463747635762,2024-02
HV0003,B03404,B03404,2024-02-02 20:01:28,2024-02-02 20:02:10,2024-02-02 20:02:21,2024-02-02 20:18:56,66,145,5.74,995,19.97,0.0,0.55,1.77,0.0,0.0,0.0,16.89,N,N,N,N,N,53.0,42.0,11.0,1048.0,20,Friday,DUMBO/Vinegar Hill,Brooklyn,Long Island City/Hunters Point,Queens,-73.98570143908047,40.70225846444536,-73.94889136420674,40.74537869757109,3.143,20.52,19.97,0.55,3.0799999999999983,0.15009746588693948,0.24229145728643217,5.982291457286433,0.5372097728643217,1.1964582914572865,1.7336680643216082,15.156331935678391,52.06373565691051,2024-02
HV0003,B03404,B03404,2024-02-15 19:44:01,2024-02-15 19:46:18,2024-02-15 19:48:18,2024-02-15 20:08:53,228,89,6.81,1235,22.01,0.0,0.61,1.95,0.0,0.0,0.0,20.56,N,N,N,N,N,257.0,137.0,120.0,1492.0,19,Thursday,Sunset Park West,Brooklyn,Flatbush/Ditmas Park,Brooklyn,-74.01127289375856,40.652353822117504,-73.96096812758745,40.637899248043546,3.143,22.62,22.01,0.61,1.4500000000000028,0.06410256410256422,0.7554412955465587,7.565441295546559,0.679376628340081,1.5130882591093118,2.192464887449393,18.367535112550605,44.318449333232024,2024-02
HV0003,B03404,B03404,2024-02-12 00:53:26,2024-02-12 00:56:59,2024-02-12 00:57:03,2024-02-12 01:04:20,127,136,1.72,437,12.49,0.0,0.34,1.11,0.0,0.0,0.0,13.87,N,N,N,N,N,217.0,213.0,4.0,654.0,0,Monday,Inwood,Manhattan,Kingsbridge Heights,Bronx,-73.91930824408637,40.86607442573871,-73.90591111534405,40.8652635680692,3.143,12.83,12.49,0.34,-1.379999999999999,-0.10756040530007786,0.8383524027459954,2.5583524027459954,0.22974004576659038,0.5116704805491991,0.7414105263157894,13.12858947368421,72.26746499275711,2024-02
HV0003,B03404,B03404,2024-02-09 11:10:44,2024-02-09 11:14:24,2024-02-09 11:20:58,2024-02-09 11:28:39,218,218,0.8,461,10.29,0.0,0.3,0.97,0.0,0.0,0.0,6.91,N,N,N,N,N,614.0,220.0,394.0,1075.0,11,Friday,Springfield Gardens North,Queens,Springfield Gardens North,Queens,-73.7730358575979,40.67208910289741,-73.7730358575979,40.67208910289741,3.143,10.59,10.29,0.3,3.379999999999999,0.31916902738432473,0.3817787418655098,1.18177874186551,0.10612373101952279,0.236355748373102,0.3424794793926248,6.567520520607375,21.99355709226656,2024-02
HV0003,B03404,B03404,2024-02-02 22:52:36,2024-02-02 22:53:37,2024-02-02 22:53:59,2024-02-02 23:05:05,90,164,1.48,666,11.8,0.0,0.32,1.05,2.75,0.0,0.0,8.2,N,N,N,N,N,83.0,61.0,22.0,749.0,22,Friday,Flatiron,Manhattan,Midtown South,Manhattan,-73.9969712245153,40.742278038328486,-73.98515619423324,40.74857395489648,3.143,14.870000000000001,11.8,3.07,3.6000000000000014,0.2420981842636181,0.13555555555555557,1.6155555555555556,0.1450768888888889,0.3231111111111111,0.46818800000000005,7.731812,37.162247263017356,2024-02
HV0003,B03404,B03404,2024-02-14 19:56:34,2024-02-14 19:56:48,2024-02-14 19:59:04,2024-02-14 20:11:06,163,237,0.8,722,18.9,0.0,0.52,1.68,2.75,0.0,0.0,15.94,N,N,N,N,N,150.0,14.0,136.0,872.0,19,Wednesday,Midtown North,Manhattan,Upper East Side South,Manhattan,-73.97756832086549,40.764420870266285,-73.96563449518534,40.76861447337675,3.143,22.169999999999998,18.9,3.27,2.959999999999999,0.1335137573297248,0.01551246537396122,0.8155124653739613,0.07323301939058172,0.16310249307479227,0.236335512465374,15.703664487534626,64.8316423797301,2024-02
HV0003,B03404,B03404,2024-02-12 14:09:22,2024-02-12 14:11:28,2024-02-12 14:13:30,2024-02-12 14:21:13,247,235,2.93,463,13.71,0.0,0.38,1.22,0.0,0.0,0.0,9.2,N,N,N,N,N,248.0,126.0,122.0,711.0,14,Monday,West Concourse,Bronx,University Heights/Morris Heights,Bronx,-73.92440974289835,40.82898691319468,-73.91597563385105,40.85252046623772,3.143,14.090000000000002,13.71,0.38,4.510000000000002,0.32008516678495397,0.7973650107991361,3.7273650107991365,0.3347173779697624,0.7454730021598274,1.0801903801295898,8.11980961987041,41.11296010060966,2024-02
HV0003,B03404,B03404,2024-02-28 10:30:00,2024-02-28 10:31:24,2024-02-28 10:32:44,2024-02-28 11:01:38,141,68,5.17,1734,34.22,0.0,0.94,3.04,2.75,0.0,0.0,24.09,N,N,N,N,N,164.0,84.0,80.0,1898.0,10,Wednesday,Lenox Hill West,Manhattan,East Chelsea,Manhattan,-73.95963478688095,40.76694745582751,-73.99991751678058,40.748426777755405,3.143,37.91,34.22,3.69,10.129999999999999,0.26721181746241096,0.2504498269896194,5.4204498269896195,0.48675639446366775,1.084089965397924,1.5708463598615916,22.51915364013841,42.71283092966189,2024-02
HV0003,B03404,B03404,2024-02-28 19:09:12,2024-02-28 19:21:56,2024-02-28 19:22:22,2024-02-28 19:30:30,81,81,1.38,488,8.27,0.0,0.23,0.73,0.0,0.0,0.0,6.59,Y,N,N,N,N,790.0,764.0,26.0,1278.0,19,Wednesday,Eastchester,Bronx,Eastchester,Bronx,-73.83664438560328,40.88093458369951,-73.83664438560328,40.88093458369951,3.143,8.5,8.27,0.23,1.6799999999999997,0.19764705882352937,2.1604918032786884,3.5404918032786883,0.3179361639344262,0.7080983606557377,1.0260345245901639,5.5639654754098355,15.67314218425306,2024-02
HV0003,B03404,B03404,2024-02-13 08:09:31,2024-02-13 08:10:45,2024-02-13 08:11:12,2024-02-13 08:28:16,90,261,2.98,1024,20.81,0.0,0.57,1.85,2.75,0.0,0.0,13.55,N,N,N,N,N,101.0,74.0,27.0,1125.0,8,Tuesday,Flatiron,Manhattan,World Trade Center,Manhattan,-73.9969712245153,40.742278038328486,-74.01302266265675,40.7091384408997,3.143,24.13,20.81,3.32,7.259999999999998,0.30087028595109816,0.2153515625,3.1953515625,0.2869425703125,0.6390703125,0.9260128828125,12.6239871171875,40.396758775,2024-02
HV0003,B03404,B03404,2024-02-22 13:38:34,2024-02-22 13:41:46,2024-02-22 13:42:37,2024-02-22 13:53:22,233,170,0.82,645,8.21,0.0,0.23,0.73,2.75,0.0,1.0,7.14,N,N,N,N,N,243.0,192.0,51.0,888.0,13,Thursday,UN/Turtle Bay South,Manhattan,Murray Hill,Manhattan,-73.9704423734757,40.74991338603123,-73.97849134130094,40.74774513853527,3.143,12.190000000000001,8.21,2.98,2.070000000000001,0.16981132075471705,0.24409302325581395,1.064093023255814,0.09555555348837208,0.21281860465116278,0.30837415813953484,6.831625841860465,27.695780439974858,2024-02
HV0003,B03404,B03404,2024-02-09 22:35:10,2024-02-09 22:37:28,2024-02-09 22:38:07,2024-02-09 22:53:25,249,170,2.38,918,18.81,0.0,0.55,1.77,2.75,0.0,0.0,18.17,N,N,N,N,N,177.0,138.0,39.0,1095.0,22,Friday,West Village,Manhattan,Murray Hill,Manhattan,-74.00287478437944,40.73457538224023,-73.97849134130094,40.74774513853527,3.143,22.11,18.81,3.3,0.639999999999997,0.028946178199909408,0.35777777777777775,2.7377777777777776,0.24585244444444443,0.5475555555555556,0.793408,17.376592000000002,57.128521643835626,2024-02
HV0003,B03404,B03404,2024-02-10 22:37:08,2024-02-10 22:39:56,2024-02-10 22:41:57,2024-02-10 23:13:18,160,228,12.67,1881,36.73,0.0,1.01,3.26,0.0,0.0,0.0,39.58,N,N,N,N,N,289.0,168.0,121.0,2170.0,22,Saturday,Middle Village,Queens,Sunset Park West,Brooklyn,-73.880051202423,40.71833605673999,-74.01127289375856,40.652353822117504,3.143,37.739999999999995,36.73,1.01,-2.8500000000000014,-0.07551669316375204,1.1316108452950557,13.801610845295055,1.239384653907496,2.760322169059011,3.999706822966507,35.58029317703349,59.0272144872445,2024-02
HV0003,B03404,B03404,2024-02-24 13:52:00,2024-02-24 13:53:30,2024-02-24 13:55:30,2024-02-24 14:10:14,75,69,3.49,884,16.58,0.0,0.46,1.47,0.0,0.0,0.0,12.91,N,N,N,N,N,210.0,90.0,120.0,1094.0,13,Saturday,East Harlem South,Manhattan,East Concourse/Concourse Village,Bronx,-73.94575002008068,40.79001009948004,-73.9150298985607,40.83141570129418,3.143,17.04,16.58,0.46,3.669999999999998,0.21537558685445998,0.355316742081448,3.8453167420814482,0.345309443438914,0.7690633484162896,1.1143727918552035,11.795627208144797,38.81559227543078,2024-02
HV0003,B03404,B03404,2024-02-29 21:39:52,2024-02-29 21:41:34,2024-02-29 21:42:01,2024-02-29 21:51:57,249,144,1.36,596,13.61,0.0,0.37,1.21,2.75,0.0,3.0,8.39,N,N,N,N,N,129.0,102.0,27.0,725.0,21,Thursday,West Village,Manhattan,Little Italy/NoLiTa,Manhattan,-74.00287478437944,40.73457538224023,-73.99691839304907,40.72088834178079,3.143,19.729999999999997,13.61,3.12,8.219999999999999,0.4166244298023315,0.23275167785234901,1.5927516778523492,0.14302910067114094,0.31855033557046986,0.4615794362416108,7.92842056375839,39.36870900624856,2024-02
HV0003,B03404,B03404,2024-02-27 08:18:08,2024-02-27 08:22:07,2024-02-27 08:22:39,2024-02-27 09:19:30,205,86,9.9,3411,44.4,0.0,1.22,3.94,0.0,0.0,0.0,45.51,N,N,N,N,N,271.0,239.0,32.0,3682.0,8,Tuesday,Saint Albans,Queens,Far Rockaway,Queens,-73.76314638043442,40.69120002152517,-73.75524367121405,40.60243189212709,3.143,45.62,44.4,1.22,-1.1099999999999994,-0.024331433581762374,0.6936675461741424,10.593667546174142,0.9513113456464379,2.1187335092348287,3.0700448548812664,42.43995514511873,41.49479590505905,2024-02
HV0003,B03404,B03404,2024-02-19 12:45:49,2024-02-19 12:50:08,2024-02-19 12:50:23,2024-02-19 12:57:00,161,164,0.85,397,9.15,0.0,0.25,0.81,2.75,0.0,3.0,5.39,N,N,N,N,N,274.0,259.0,15.0,671.0,12,Monday,Midtown Center,Manhattan,Midtown South,Manhattan,-73.97769778229288,40.758027399461895,-73.98515619423324,40.74857395489648,3.143,15.15,9.15,3.0,6.760000000000001,0.44620462046204623,0.5545340050377834,1.4045340050377835,0.12612715365239296,0.2809068010075567,0.4070339546599497,4.98296604534005,26.734244058456305,2024-02
HV0003,B03404,B03404,2024-02-04 14:43:41,2024-02-04 14:44:50,2024-02-04 14:46:50,2024-02-04 15:17:24,76,38,9.92,1834,29.19,0.0,0.8,2.59,0.0,0.0,0.0,30.27,N,N,N,N,N,189.0,69.0,120.0,2023.0,14,Sunday,East New York,Brooklyn,Cambria Heights,Queens,-73.87682032859912,40.66093356035302,-73.73555440389367,40.69434042166916,3.143,29.990000000000002,29.19,0.8,-1.0799999999999983,-0.03601200400133372,0.37321701199563795,10.293217011995639,0.9243308876772083,2.058643402399128,2.982974290076336,27.287025709923665,48.55822667114443,2024-02
HV0003,B03404,B03404,2024-02-23 17:24:28,2024-02-23 17:25:36,2024-02-23 17:27:33,2024-02-23 17:41:07,107,114,1.65,814,12.75,0.0,0.35,1.13,2.75,0.0,0.0,9.82,N,N,N,N,N,185.0,68.0,117.0,999.0,17,Friday,Gramercy,Manhattan,Greenwich Village South,Manhattan,-73.98405192785955,40.73682342425488,-73.99737994674842,40.72833985411046,3.143,15.85,12.75,3.1,2.9299999999999997,0.18485804416403784,0.13783783783783782,1.7878378378378377,0.16054783783783783,0.3575675675675676,0.5181154054054053,9.301884594594595,33.52030484538592,2024-02
HV0003,B03404,B03404,2024-02-24 18:48:43,2024-02-24 18:52:38,2024-02-24 18:53:18,2024-02-24 19:11:18,229,163,1.44,1080,29.71,0.0,0.82,2.64,2.75,0.0,7.18,14.92,N,N,N,N,N,275.0,235.0,40.0,1355.0,18,Saturday,Sutton Place/Turtle Bay North,Manhattan,Midtown North,Manhattan,-73.96514558738956,40.75672829786632,-73.97756832086549,40.764420870266285,3.143,40.46,29.71,3.57,21.97,0.5430054374691052,0.3133333333333333,1.7533333333333332,0.1574493333333333,0.3506666666666667,0.508116,14.411884,38.2898763099631,2024-02
HV0003,B03404,B03404,2024-02-18 19:16:58,2024-02-18 19:18:50,2024-02-18 19:19:03,2024-02-18 19:37:12,68,79,2.46,1089,22.58,0.0,0.62,2.0,2.75,0.0,0.0,13.47,N,N,N,N,N,125.0,112.0,13.0,1214.0,19,Sunday,East Chelsea,Manhattan,East Village,Manhattan,-73.99991751678058,40.748426777755405,-73.98593725800136,40.72761958691338,3.143,25.95,22.58,3.37,9.109999999999998,0.3510597302504816,0.2530027548209366,2.713002754820937,0.24362764738292012,0.5426005509641874,0.7862281983471074,12.683771801652894,37.61250287145833,2024-02
HV0003,B03404,B03404,2024-02-12 08:14:59,2024-02-12 08:16:55,2024-02-12 08:17:06,2024-02-12 08:33:30,197,252,7.11,984,24.13,0.0,0.66,2.14,0.0,0.0,0.0,19.59,N,N,N,N,N,127.0,116.0,11.0,1111.0,8,Monday,Richmond Hill,Queens,Whitestone,Queens,-73.83092448484014,40.69454169265697,-73.81565697470342,40.78819242797384,3.143,24.79,24.13,0.66,4.539999999999999,0.18313836224283983,0.8381707317073172,7.948170731707317,0.713745731707317,1.5896341463414636,2.303379878048781,17.28662012195122,56.01425062018397,2024-02
HV0003,B03404,B03404,2024-02-16 21:10:08,2024-02-16 21:10:37,2024-02-16 21:12:38,2024-02-16 21:27:32,234,211,1.47,894,17.09,0.0,0.47,1.52,2.75,0.0,0.0,10.33,N,N,N,N,N,150.0,29.0,121.0,1044.0,21,Friday,Union Sq,Manhattan,SoHo,Manhattan,-73.99045767416112,40.74033681887629,-74.00153738622468,40.72388757677251,3.143,20.31,17.09,3.2199999999999998,6.76,0.3328409650418513,0.04768456375838925,1.5176845637583893,0.13628807382550337,0.3035369127516779,0.4398249865771813,9.89017501342282,34.10405177042352,2024-02
HV0003,B03404,B03404,2024-02-04 19:03:31,2024-02-04 19:04:12,2024-02-04 19:06:07,2024-02-04 19:20:36,78,18,2.25,869,12.67,0.0,0.35,1.12,0.0,0.0,0.0,11.13,N,N,N,N,N,156.0,41.0,115.0,1025.0,19,Sunday,East Tremont,Bronx,Bedford Park,Bronx,-73.88552139857157,40.844959817621785,-73.890183667512,40.86768169710327,3.143,13.02,12.67,0.35,1.5399999999999991,0.11827956989247305,0.10615650172612198,2.356156501726122,0.21158285385500572,0.4712313003452244,0.6828141542002302,10.44718584579977,36.69255516573578,2024-02
HV0003,B03404,B03404,2024-02-08 08:15:54,2024-02-08 08:21:27,2024-02-08 08:26:22,2024-02-08 08:28:50,42,42,0.6,148,8.9,0.0,0.24,0.79,0.0,0.0,0.0,5.4,N,N,N,N,N,628.0,333.0,295.0,776.0,8,Thursday,Central Harlem North,Manhattan,Central Harlem North,Manhattan,-73.9407718835631,40.81825672430646,-73.9407718835631,40.81825672430646,3.143,9.14,8.9,0.24,3.5,0.38293216630196936,1.3499999999999999,1.9499999999999997,0.17510999999999996,0.38999999999999996,0.5651099999999999,4.834890000000001,22.42990206185567,2024-02
HV0003,B03404,B03404,2024-02-08 16:09:07,2024-02-08 16:10:57,2024-02-08 16:11:41,2024-02-08 16:22:58,4,114,1.4,677,13.65,0.0,0.38,1.21,2.75,0.0,0.0,8.2,N,N,N,N,N,154.0,110.0,44.0,831.0,16,Thursday,Alphabet City,Manhattan,Greenwich Village South,Manhattan,-73.97696809691621,40.723751540194456,-73.99737994674842,40.72833985411046,3.143,16.78,13.65,3.13,5.450000000000001,0.32479141835518477,0.2274741506646972,1.627474150664697,0.14614717872968977,0.32549483013293945,0.4716420088626292,7.72835799113737,33.480251225143846,2024-02
HV0003,B03404,B03404,2024-02-13 05:55:07,2024-02-13 05:57:42,2024-02-13 05:58:11,2024-02-13 06:05:15,170,161,1.13,424,8.22,0.0,0.23,0.73,2.75,0.0,0.0,5.47,N,N,N,N,N,184.0,155.0,29.0,608.0,5,Tuesday,Murray Hill,Manhattan,Midtown Center,Manhattan,-73.97849134130094,40.74774513853527,-73.97769778229288,40.758027399461895,3.143,11.200000000000001,8.22,2.98,2.750000000000001,0.24553571428571433,0.4130896226415094,1.5430896226415092,0.1385694481132075,0.30861792452830183,0.4471873726415093,5.0228126273584905,29.740337925148957,2024-02
HV0003,B03404,B03404,2024-02-25 13:48:59,2024-02-25 13:49:37,2024-02-25 13:51:16,2024-02-25 14:40:46,61,140,9.96,2970,34.74,0.0,0.96,3.08,2.75,0.0,8.3,41.01,N,N,N,N,N,137.0,38.0,99.0,3107.0,13,Sunday,Crown Heights North,Brooklyn,Lenox Hill East,Manhattan,-73.93928693646026,40.67446920571126,-73.9547388423982,40.76548333944988,3.143,46.75,34.74,3.71,2.0300000000000082,0.043422459893048306,0.12743434343434346,10.087434343434344,0.905851604040404,2.017486868686869,2.923338472727273,38.086661527272724,44.13002301196711,2024-02
HV0003,B03404,B03404,2024-02-28 21:32:59,2024-02-28 21:37:53,2024-02-28 21:38:00,2024-02-28 21:43:19,7,7,1.03,319,9.76,0.0,0.27,0.87,0.0,0.0,0.0,5.39,N,N,N,N,N,301.0,294.0,7.0,620.0,21,Wednesday,Astoria,Queens,Astoria,Queens,-73.91969416440043,40.761491926149866,-73.91969416440043,40.761491926149866,3.143,10.03,9.76,0.27,4.37,0.43569292123629116,0.9492789968652038,1.9792789968652038,0.1777392539184953,0.3958557993730408,0.573595053291536,4.816404946708464,27.966222271210437,2024-02
HV0003,B03404,B03404,2024-02-20 13:41:17,2024-02-20 13:44:18,2024-02-20 13:44:42,2024-02-20 13:50:02,262,141,0.96,320,7.24,0.0,0.2,0.64,0.75,0.0,0.0,5.61,Y,N,N,N,N,205.0,181.0,24.0,525.0,13,Tuesday,Yorkville East,Manhattan,Lenox Hill West,Manhattan,-73.94651027083967,40.77593169638859,-73.95963478688095,40.76694745582751,3.143,8.190000000000001,7.24,0.95,1.63,0.19902319902319898,0.543,1.5030000000000001,0.1349694,0.30060000000000003,0.4355694,5.1744306,35.48180982857143,2024-02
HV0003,B03404,B03404,2024-02-14 15:12:22,2024-02-14 15:14:29,2024-02-14 15:14:49,2024-02-14 15:28:42,119,159,1.37,833,16.94,0.0,0.47,1.5,0.0,0.0,0.0,9.63,N,N,N,N,N,147.0,127.0,20.0,980.0,15,Wednesday,Highbridge,Bronx,Melrose South,Bronx,-73.92615739281834,40.83782626996652,-73.9128491499624,40.81825923634175,3.143,17.41,16.94,0.47,7.3100000000000005,0.41987363584147047,0.2088715486194478,1.578871548619448,0.1417826650660264,0.31577430972388965,0.4575569747899161,9.172443025210084,33.694688664037045,2024-02
HV0003,B03404,B03404,2024-02-16 06:08:59,2024-02-16 06:12:09,2024-02-16 06:12:28,2024-02-16 06:22:13,258,216,1.5,585,11.59,0.0,0.32,1.03,0.0,0.0,0.0,7.47,N,N,N,N,N,209.0,190.0,19.0,794.0,6,Friday,Woodhaven,Queens,South Ozone Park,Queens,-73.85576684520184,40.68872054521105,-73.81945966887841,40.6761529751015,3.143,11.91,11.59,0.32,4.12,0.3459277917716205,0.4871794871794872,1.9871794871794872,0.17844871794871794,0.39743589743589747,0.5758846153846154,6.894115384615384,31.257953884906023,2024-02
HV0003,B03404,B03404,2024-02-25 09:50:33,2024-02-25 09:54:58,2024-02-25 09:54:58,2024-02-25 10:07:46,256,217,1.75,768,11.56,0.0,0.32,1.03,0.0,0.0,0.0,9.52,N,N,N,N,N,265.0,265.0,0.0,1033.0,9,Sunday,Williamsburg (South Side),Brooklyn,South Williamsburg,Brooklyn,-73.95990445316505,40.71087946812129,-73.95859672937166,40.70391593168995,3.143,11.88,11.56,0.32,2.040000000000001,0.1717171717171718,0.6038411458333333,2.353841145833333,0.2113749348958333,0.4707682291666666,0.6821431640625,8.8378568359375,30.799888295619553,2024-02
HV0003,B03404,B03404,2024-02-03 00:46:37,2024-02-03 00:49:35,2024-02-03 00:50:50,2024-02-03 01:02:16,137,87,4.54,686,15.4,0.0,0.42,1.37,2.75,0.0,0.0,13.42,N,N,N,N,N,253.0,178.0,75.0,939.0,0,Saturday,Kips Bay,Manhattan,Financial District North,Manhattan,-73.97649447841282,40.74043833958882,-74.0074957883342,40.70680798106304,3.143,18.57,15.4,3.17,1.9800000000000004,0.10662358642972539,1.1780174927113702,5.71801749271137,0.5134779708454811,1.143603498542274,1.6570814693877551,11.762918530612245,45.097451235574106,2024-02
HV0003,B03404,B03404,2024-02-10 12:22:47,2024-02-10 12:24:25,2024-02-10 12:25:48,2024-02-10 12:29:20,60,60,0.73,212,8.2,0.0,0.23,0.73,0.0,0.0,0.0,13.82,N,N,N,N,N,181.0,98.0,83.0,393.0,12,Saturday,Crotona Park East,Bronx,Crotona Park East,Bronx,-73.88590012794502,40.83398980020464,-73.88590012794502,40.83398980020464,3.143,8.43,8.2,0.23,-5.620000000000001,-0.6666666666666669,0.3374528301886792,1.0674528301886792,0.09585726415094338,0.21349056603773586,0.30934783018867923,13.510652169811321,123.76169926544722,2024-02
HV0003,B03404,B03404,2024-02-19 22:50:54,2024-02-19 22:54:30,2024-02-19 22:56:31,2024-02-19 23:15:32,134,242,11.48,1141,29.01,6.94,0.99,3.19,0.0,0.0,7.79,25.81,N,N,N,N,N,337.0,216.0,121.0,1478.0,22,Monday,Kew Gardens,Queens,Van Nest/Morris Park,Bronx,-73.82871255016717,40.70805026272772,-73.85067119492659,40.84678260105803,3.143,44.730000000000004,29.01,7.930000000000001,10.990000000000006,0.2456964006259782,2.1732515337423313,13.653251533742331,1.2260619877300614,2.7306503067484664,3.956712294478528,21.85328770552147,53.22857627867205,2024-02
HV0003,B03404,B03404,2024-02-23 18:34:46,2024-02-23 18:39:24,2024-02-23 18:39:50,2024-02-23 18:57:29,125,87,1.68,1059,17.28,0.0,0.48,1.53,2.75,0.0,0.0,15.16,N,N,N,N,N,304.0,278.0,26.0,1363.0,18,Friday,Hudson Sq,Manhattan,Financial District North,Manhattan,-74.00748558750799,40.72628992015588,-74.0074957883342,40.70680798106304,3.143,20.51,17.28,3.23,2.120000000000001,0.10336421257922969,0.4410198300283286,2.1210198300283287,0.1904675807365439,0.4242039660056658,0.6146715467422097,14.54532845325779,38.41759532775352,2024-02
HV0003,B03404,B03404,2024-02-21 18:51:28,2024-02-21 18:53:14,2024-02-21 18:54:39,2024-02-21 19:08:08,231,113,1.93,809,17.22,0.0,0.47,1.53,2.75,0.0,4.39,10.14,N,N,N,N,N,191.0,106.0,85.0,1000.0,18,Wednesday,TriBeCa/Civic Center,Manhattan,Greenwich Village North,Manhattan,-74.00787947243188,40.717772159208046,-73.99430449266352,40.73257849687629,3.143,24.83,17.22,3.2199999999999998,11.469999999999999,0.4619412001610954,0.25288009888751545,2.1828800988875154,0.19602263288009888,0.4365760197775031,0.632598652657602,9.507401347342398,34.226644850432635,2024-02
HV0003,B03404,B03404,2024-02-02 09:35:13,2024-02-02 09:41:51,2024-02-02 09:41:51,2024-02-02 10:05:03,227,29,8.88,1392,28.62,0.0,0.79,2.54,0.0,0.0,0.0,24.75,N,N,N,N,N,398.0,398.0,0.0,1790.0,9,Friday,Sunset Park East,Brooklyn,Brighton Beach,Brooklyn,-74.0046526133707,40.64188580330356,-73.96121684069253,40.58092149012796,3.143,29.41,28.62,0.79,3.870000000000001,0.13158789527371645,2.5389655172413796,11.41896551724138,1.025423103448276,2.2837931034482764,3.3092162068965525,21.44078379310345,43.12112941629744,2024-02
